skill,category,normalized_skill,resume_match_weight,aliases,skill_type,parent_skill
acca,Certifications,Acca,5,,hard,Certifications
aocp,Certifications,aocp,5,,hard,Certifications
acls,Certifications,Acls,5,,hard,Certifications
bls,Certifications,Bls,5,,hard,Certifications
ceh,Certifications,Ceh,5,,hard,Certifications
cissp,Certifications,Cissp,5,,hard,Certifications
cpa,Certifications,Cpa,5,,hard,Certifications
cpr,Certifications,Cpr,5,,hard,Certifications
lean,Certifications,Lean,5,,hard,Certifications
osha,Certifications,Osha,5,,hard,Certifications
aaarated,Domain-Specific / Other,Aaarated,2,,hard,Domain-Specific / Other
aacn,Domain-Specific / Other,Aacn,2,,hard,Domain-Specific / Other
aacsb,Domain-Specific / Other,Aacsb,2,,hard,Domain-Specific / Other
aama,Domain-Specific / Other,Aama,2,,hard,Domain-Specific / Other
aanp,Domain-Specific / Other,Aanp,2,,hard,Domain-Specific / Other
aashto,Domain-Specific / Other,Aashto,2,,hard,Domain-Specific / Other
abdominal,Domain-Specific / Other,Abdominal,2,,hard,Domain-Specific / Other
ablation,Domain-Specific / Other,Ablation,2,,hard,Domain-Specific / Other
ablations,Domain-Specific / Other,Ablations,2,,hard,Domain-Specific / Other
abms,Domain-Specific / Other,Abms,2,,hard,Domain-Specific / Other
aboriginal,Domain-Specific / Other,Aboriginal,2,,hard,Domain-Specific / Other
abpi,Domain-Specific / Other,Abpi,2,,hard,Domain-Specific / Other
abscess,Domain-Specific / Other,Abscess,2,,hard,Domain-Specific / Other
absence,Domain-Specific / Other,Absence,2,,hard,Domain-Specific / Other
absorption,Domain-Specific / Other,Absorption,2,,hard,Domain-Specific / Other
abstract,Domain-Specific / Other,Abstract,2,,hard,Domain-Specific / Other
abstracting,Domain-Specific / Other,Abstracting,2,,hard,Domain-Specific / Other
abstraction,Domain-Specific / Other,Abstraction,2,,hard,Domain-Specific / Other
aca,Domain-Specific / Other,Aca,2,,hard,Domain-Specific / Other
acceleration,Domain-Specific / Other,Acceleration,2,,hard,Domain-Specific / Other
accelerator,Domain-Specific / Other,Accelerator,2,,hard,Domain-Specific / Other
accrual,Domain-Specific / Other,Accrual,2,,hard,Domain-Specific / Other
accruals,Domain-Specific / Other,Accruals,2,,hard,Domain-Specific / Other
acme,Domain-Specific / Other,Acme,2,,hard,Domain-Specific / Other
acoustical,Domain-Specific / Other,Acoustical,2,,hard,Domain-Specific / Other
acoustics,Domain-Specific / Other,Acoustics,2,,hard,Domain-Specific / Other
acquisition,Domain-Specific / Other,Acquisition,2,,hard,Domain-Specific / Other
acquisitions,Domain-Specific / Other,Acquisitions,2,,hard,Domain-Specific / Other
admissions,Domain-Specific / Other,Admissions,2,,hard,Domain-Specific / Other
adolescent,Domain-Specific / Other,Adolescent,2,,hard,Domain-Specific / Other
adolescents,Domain-Specific / Other,Adolescents,2,,hard,Domain-Specific / Other
advertising,Domain-Specific / Other,Advertising,2,,hard,Domain-Specific / Other
advisory,Domain-Specific / Other,Advisory,2,,hard,Domain-Specific / Other
advocacy,Domain-Specific / Other,Advocacy,2,,hard,Domain-Specific / Other
advocate,Domain-Specific / Other,Advocate,2,,hard,Domain-Specific / Other
aerodynamics,Domain-Specific / Other,Aerodynamics,2,,hard,Domain-Specific / Other
aeronautical,Domain-Specific / Other,Aeronautical,2,,hard,Domain-Specific / Other
aeronautics,Domain-Specific / Other,Aeronautics,2,,hard,Domain-Specific / Other
aesthetics,Domain-Specific / Other,Aesthetics,2,,hard,Domain-Specific / Other
aggregate,Domain-Specific / Other,Aggregate,2,,hard,Domain-Specific / Other
aggregation,Domain-Specific / Other,Aggregation,2,,hard,Domain-Specific / Other
agile,Domain-Specific / Other,Agile,2,,hard,Domain-Specific / Other
agility,Domain-Specific / Other,Agility,2,,hard,Domain-Specific / Other
agricultural,Domain-Specific / Other,Agricultural,2,,hard,Domain-Specific / Other
agriculture,Domain-Specific / Other,Agriculture,2,,hard,Domain-Specific / Other
agronomic,Domain-Specific / Other,Agronomic,2,,hard,Domain-Specific / Other
agronomy,Domain-Specific / Other,Agronomy,2,,hard,Domain-Specific / Other
ajax,Domain-Specific / Other,Ajax,2,,hard,Domain-Specific / Other
algorithm,Domain-Specific / Other,Algorithm,2,,hard,Domain-Specific / Other
algorithms,Domain-Specific / Other,Algorithms,2,,hard,Domain-Specific / Other
alignment,Domain-Specific / Other,Alignment,2,,hard,Domain-Specific / Other
allocation,Domain-Specific / Other,Allocation,2,,hard,Domain-Specific / Other
allocations,Domain-Specific / Other,Allocations,2,,hard,Domain-Specific / Other
altium,Domain-Specific / Other,Altium,2,,hard,Domain-Specific / Other
ambulation,Domain-Specific / Other,Ambulation,2,,hard,Domain-Specific / Other
ambulatory,Domain-Specific / Other,Ambulatory,2,,hard,Domain-Specific / Other
analysis,Domain-Specific / Other,Analysis,2,,hard,Domain-Specific / Other
analytics,Domain-Specific / Other,Analytics,2,,hard,Domain-Specific / Other
analyze,Domain-Specific / Other,Analyze,2,,hard,Domain-Specific / Other
analyzers,Domain-Specific / Other,Analyzers,2,,hard,Domain-Specific / Other
anatomy,Domain-Specific / Other,Anatomy,2,,hard,Domain-Specific / Other
anesthesiologist,Domain-Specific / Other,Anesthesiologist,2,,hard,Domain-Specific / Other
anesthesiology,Domain-Specific / Other,Anesthesiology,2,,hard,Domain-Specific / Other
anesthetic,Domain-Specific / Other,Anesthetic,2,,hard,Domain-Specific / Other
animation,Domain-Specific / Other,Animation,2,,hard,Domain-Specific / Other
antimicrobial,Domain-Specific / Other,Antimicrobial,2,,hard,Domain-Specific / Other
apache,Domain-Specific / Other,Apache,2,,hard,Domain-Specific / Other
api,Domain-Specific / Other,Api,2,,hard,Domain-Specific / Other
apics,Domain-Specific / Other,Apics,2,,hard,Domain-Specific / Other
apis,Domain-Specific / Other,Apis,2,,hard,Domain-Specific / Other
apparel,Domain-Specific / Other,Apparel,2,,hard,Domain-Specific / Other
appointments,Domain-Specific / Other,Appointments,2,,hard,Domain-Specific / Other
appraisal,Domain-Specific / Other,Appraisal,2,,hard,Domain-Specific / Other
appraisals,Domain-Specific / Other,Appraisals,2,,hard,Domain-Specific / Other
arcgis,Domain-Specific / Other,Arcgis,2,,hard,Domain-Specific / Other
archaeology,Domain-Specific / Other,Archaeology,2,,hard,Domain-Specific / Other
architects,Domain-Specific / Other,Architects,2,,hard,Domain-Specific / Other
architectural,Domain-Specific / Other,Architectural,2,,hard,Domain-Specific / Other
architecture,Domain-Specific / Other,Architecture,2,,hard,Domain-Specific / Other
archival,Domain-Specific / Other,Archival,2,,hard,Domain-Specific / Other
archiving,Domain-Specific / Other,Archiving,2,,hard,Domain-Specific / Other
ariba,Domain-Specific / Other,Ariba,2,,hard,Domain-Specific / Other
arithmetic,Domain-Specific / Other,Arithmetic,2,,hard,Domain-Specific / Other
arrangement,Domain-Specific / Other,Arrangement,2,,hard,Domain-Specific / Other
assembly,Domain-Specific / Other,Assembly,2,,hard,Domain-Specific / Other
assertiveness,Domain-Specific / Other,Assertiveness,2,,hard,Domain-Specific / Other
assessment,Domain-Specific / Other,Assessment,2,,hard,Domain-Specific / Other
assessments,Domain-Specific / Other,Assessments,2,,hard,Domain-Specific / Other
assurance,Domain-Specific / Other,Assurance,2,,hard,Domain-Specific / Other
asthma,Domain-Specific / Other,Asthma,2,,hard,Domain-Specific / Other
astm,Domain-Specific / Other,Astm,2,,hard,Domain-Specific / Other
astrophysics,Domain-Specific / Other,Astrophysics,2,,hard,Domain-Specific / Other
atlassian,Domain-Specific / Other,Atlassian,2,,hard,Domain-Specific / Other
atomic,Domain-Specific / Other,Atomic,2,,hard,Domain-Specific / Other
autism,Domain-Specific / Other,Autism,2,,hard,Domain-Specific / Other
autodesk,Domain-Specific / Other,Autodesk,2,,hard,Domain-Specific / Other
autoimmune,Domain-Specific / Other,Autoimmune,2,,hard,Domain-Specific / Other
automated,Domain-Specific / Other,Automated,2,,hard,Domain-Specific / Other
automotive,Domain-Specific / Other,Automotive,2,,hard,Domain-Specific / Other
autonomous,Domain-Specific / Other,Autonomous,2,,hard,Domain-Specific / Other
autonomy,Domain-Specific / Other,Autonomy,2,,hard,Domain-Specific / Other
autosar,Domain-Specific / Other,Autosar,2,,hard,Domain-Specific / Other
aviation,Domain-Specific / Other,Aviation,2,,hard,Domain-Specific / Other
avionics,Domain-Specific / Other,Avionics,2,,hard,Domain-Specific / Other
bachelor,Domain-Specific / Other,Bachelor,2,,hard,Domain-Specific / Other
backend,Domain-Specific / Other,Backend,2,,hard,Domain-Specific / Other
backlog,Domain-Specific / Other,Backlog,2,,hard,Domain-Specific / Other
bacteria,Domain-Specific / Other,Bacteria,2,,hard,Domain-Specific / Other
bacterial,Domain-Specific / Other,Bacterial,2,,hard,Domain-Specific / Other
bacteriology,Domain-Specific / Other,Bacteriology,2,,hard,Domain-Specific / Other
baking,Domain-Specific / Other,Baking,2,,hard,Domain-Specific / Other
bankruptcy,Domain-Specific / Other,Bankruptcy,2,,hard,Domain-Specific / Other
bartending,Domain-Specific / Other,Bartending,2,,hard,Domain-Specific / Other
baseline,Domain-Specific / Other,Baseline,2,,hard,Domain-Specific / Other
batch,Domain-Specific / Other,Batch,2,,hard,Domain-Specific / Other
batching,Domain-Specific / Other,Batching,2,,hard,Domain-Specific / Other
benchmarking,Domain-Specific / Other,Benchmarking,2,,hard,Domain-Specific / Other
benchmarks,Domain-Specific / Other,Benchmarks,2,,hard,Domain-Specific / Other
binary,Domain-Specific / Other,Binary,2,,hard,Domain-Specific / Other
bioanalysis,Domain-Specific / Other,Bioanalysis,2,,hard,Domain-Specific / Other
biobased,Domain-Specific / Other,Biobased,2,,hard,Domain-Specific / Other
bioburden,Domain-Specific / Other,Bioburden,2,,hard,Domain-Specific / Other
biocatalysis,Domain-Specific / Other,Biocatalysis,2,,hard,Domain-Specific / Other
biochemical,Domain-Specific / Other,Biochemical,2,,hard,Domain-Specific / Other
biochemistry,Domain-Specific / Other,Biochemistry,2,,hard,Domain-Specific / Other
bioinformatics,Domain-Specific / Other,Bioinformatics,2,,hard,Domain-Specific / Other
biological,Domain-Specific / Other,Biological,2,,hard,Domain-Specific / Other
biologics,Domain-Specific / Other,Biologics,2,,hard,Domain-Specific / Other
biology,Domain-Specific / Other,Biology,2,,hard,Domain-Specific / Other
biomarker,Domain-Specific / Other,Biomarker,2,,hard,Domain-Specific / Other
biomarkers,Domain-Specific / Other,Biomarkers,2,,hard,Domain-Specific / Other
biomass,Domain-Specific / Other,Biomass,2,,hard,Domain-Specific / Other
biomechanics,Domain-Specific / Other,Biomechanics,2,,hard,Domain-Specific / Other
biopharmaceutical,Domain-Specific / Other,Biopharmaceutical,2,,hard,Domain-Specific / Other
biophysics,Domain-Specific / Other,Biophysics,2,,hard,Domain-Specific / Other
biostatistics,Domain-Specific / Other,Biostatistics,2,,hard,Domain-Specific / Other
biotech,Domain-Specific / Other,Biotech,2,,hard,Domain-Specific / Other
biotherapeutics,Domain-Specific / Other,Biotherapeutics,2,,hard,Domain-Specific / Other
blackline,Domain-Specific / Other,Blackline,2,,hard,Domain-Specific / Other
bloomberg,Domain-Specific / Other,Bloomberg,2,,hard,Domain-Specific / Other
blueprints,Domain-Specific / Other,Blueprints,2,,hard,Domain-Specific / Other
boarding,Domain-Specific / Other,Boarding,2,,hard,Domain-Specific / Other
bpm,Domain-Specific / Other,Bpm,2,,hard,Domain-Specific / Other
bpo,Domain-Specific / Other,Bpo,2,,hard,Domain-Specific / Other
branding,Domain-Specific / Other,Branding,2,,hard,Domain-Specific / Other
brazing,Domain-Specific / Other,Brazing,2,,hard,Domain-Specific / Other
buildroot,Domain-Specific / Other,Buildroot,2,,hard,Domain-Specific / Other
bundle,Domain-Specific / Other,Bundle,2,,hard,Domain-Specific / Other
calling,Domain-Specific / Other,Calling,2,,hard,Domain-Specific / Other
cardiac,Domain-Specific / Other,Cardiac,2,,hard,Domain-Specific / Other
cardiopulmonary,Domain-Specific / Other,Cardiopulmonary,2,,hard,Domain-Specific / Other
cardiovascular,Domain-Specific / Other,Cardiovascular,2,,hard,Domain-Specific / Other
caregiving,Domain-Specific / Other,Caregiving,2,,hard,Domain-Specific / Other
carpentry,Domain-Specific / Other,Carpentry,2,,hard,Domain-Specific / Other
casas,Domain-Specific / Other,Casas,2,,hard,Domain-Specific / Other
case,Domain-Specific / Other,Case,2,,hard,Domain-Specific / Other
cataloging,Domain-Specific / Other,Cataloging,2,,hard,Domain-Specific / Other
catering,Domain-Specific / Other,Catering,2,,hard,Domain-Specific / Other
certified,Domain-Specific / Other,Certified,2,,hard,Domain-Specific / Other
chemical,Domain-Specific / Other,Chemical,2,,hard,Domain-Specific / Other
chemicals,Domain-Specific / Other,Chemicals,2,,hard,Domain-Specific / Other
chemistry,Domain-Specific / Other,Chemistry,2,,hard,Domain-Specific / Other
chromatography,Domain-Specific / Other,Chromatography,2,,hard,Domain-Specific / Other
claims,Domain-Specific / Other,Claims,2,,hard,Domain-Specific / Other
classification,Domain-Specific / Other,Classification,2,,hard,Domain-Specific / Other
client,Domain-Specific / Other,Client,2,,hard,Domain-Specific / Other
clustering,Domain-Specific / Other,Clustering,2,,hard,Domain-Specific / Other
cobol,Domain-Specific / Other,Cobol,2,,hard,Domain-Specific / Other
coding,Domain-Specific / Other,Coding,2,,hard,Domain-Specific / Other
cognitive,Domain-Specific / Other,Cognitive,2,,hard,Domain-Specific / Other
collaborate,Domain-Specific / Other,Collaborate,2,,hard,Domain-Specific / Other
collaborative,Domain-Specific / Other,Collaborative,2,,hard,Domain-Specific / Other
collection,Domain-Specific / Other,Collection,2,,hard,Domain-Specific / Other
compensation,Domain-Specific / Other,Compensation,2,,hard,Domain-Specific / Other
compliant,Domain-Specific / Other,Compliant,2,,hard,Domain-Specific / Other
computation,Domain-Specific / Other,Computation,2,,hard,Domain-Specific / Other
computational,Domain-Specific / Other,Computational,2,,hard,Domain-Specific / Other
computeraided,Domain-Specific / Other,Computeraided,2,,hard,Domain-Specific / Other
computerized,Domain-Specific / Other,Computerized,2,,hard,Domain-Specific / Other
computers,Domain-Specific / Other,Computers,2,,hard,Domain-Specific / Other
computing,Domain-Specific / Other,Computing,2,,hard,Domain-Specific / Other
concrete,Domain-Specific / Other,Concrete,2,,hard,Domain-Specific / Other
condenser,Domain-Specific / Other,Condenser,2,,hard,Domain-Specific / Other
configure,Domain-Specific / Other,Configure,2,,hard,Domain-Specific / Other
construction,Domain-Specific / Other,Construction,2,,hard,Domain-Specific / Other
constructive,Domain-Specific / Other,Constructive,2,,hard,Domain-Specific / Other
consulting,Domain-Specific / Other,Consulting,2,,hard,Domain-Specific / Other
control,Domain-Specific / Other,Control,2,,hard,Domain-Specific / Other
controller,Domain-Specific / Other,Controller,2,,hard,Domain-Specific / Other
controllers,Domain-Specific / Other,Controllers,2,,hard,Domain-Specific / Other
controls,Domain-Specific / Other,Controls,2,,hard,Domain-Specific / Other
conveyor,Domain-Specific / Other,Conveyor,2,,hard,Domain-Specific / Other
coordinate,Domain-Specific / Other,Coordinate,2,,hard,Domain-Specific / Other
coordinating,Domain-Specific / Other,Coordinating,2,,hard,Domain-Specific / Other
coordination,Domain-Specific / Other,Coordination,2,,hard,Domain-Specific / Other
counseling,Domain-Specific / Other,Counseling,2,,hard,Domain-Specific / Other
creative,Domain-Specific / Other,Creative,2,,hard,Domain-Specific / Other
credentials,Domain-Specific / Other,Credentials,2,,hard,Domain-Specific / Other
critical,Domain-Specific / Other,Critical,2,,hard,Domain-Specific / Other
crm,Domain-Specific / Other,Crm,2,,hard,Domain-Specific / Other
crossfunctional,Domain-Specific / Other,Crossfunctional,2,,hard,Domain-Specific / Other
cryptography,Domain-Specific / Other,Cryptography,2,,hard,Domain-Specific / Other
csa,Domain-Specific / Other,Csa,2,,hard,Domain-Specific / Other
csat,Domain-Specific / Other,Csat,2,,hard,Domain-Specific / Other
csv,Domain-Specific / Other,Csv,2,,hard,Domain-Specific / Other
customer,Domain-Specific / Other,Customer,2,,hard,Domain-Specific / Other
customercentric,Domain-Specific / Other,Customercentric,2,,hard,Domain-Specific / Other
customeroriented,Domain-Specific / Other,Customeroriented,2,,hard,Domain-Specific / Other
customers,Domain-Specific / Other,Customers,2,,hard,Domain-Specific / Other
cyberark,Domain-Specific / Other,Cyberark,2,,hard,Domain-Specific / Other
cycle,Domain-Specific / Other,Cycle,2,,hard,Domain-Specific / Other
cytometry,Domain-Specific / Other,Cytometry,2,,hard,Domain-Specific / Other
cytotechnologist,Domain-Specific / Other,Cytotechnologist,2,,hard,Domain-Specific / Other
dashboards,Domain-Specific / Other,Dashboards,2,,hard,Domain-Specific / Other
data,Domain-Specific / Other,Data,2,,hard,Domain-Specific / Other
database,Domain-Specific / Other,Database,2,,hard,Domain-Specific / Other
databases,Domain-Specific / Other,Databases,2,,hard,Domain-Specific / Other
datacenter,Domain-Specific / Other,Datacenter,2,,hard,Domain-Specific / Other
datadriven,Domain-Specific / Other,Datadriven,2,,hard,Domain-Specific / Other
datasets,Domain-Specific / Other,Datasets,2,,hard,Domain-Specific / Other
deadline,Domain-Specific / Other,Deadline,2,,hard,Domain-Specific / Other
debugging,Domain-Specific / Other,Debugging,2,,hard,Domain-Specific / Other
decision,Domain-Specific / Other,Decision,2,,hard,Domain-Specific / Other
delegation,Domain-Specific / Other,Delegation,2,,hard,Domain-Specific / Other
dental,Domain-Specific / Other,Dental,2,,hard,Domain-Specific / Other
deployment,Domain-Specific / Other,Deployment,2,,hard,Domain-Specific / Other
designing,Domain-Specific / Other,Designing,2,,hard,Domain-Specific / Other
detail,Domain-Specific / Other,Detail,2,,hard,Domain-Specific / Other
develop,Domain-Specific / Other,Develop,2,,hard,Domain-Specific / Other
developers,Domain-Specific / Other,Developers,2,,hard,Domain-Specific / Other
developmental,Domain-Specific / Other,Developmental,2,,hard,Domain-Specific / Other
dexterity,Domain-Specific / Other,Dexterity,2,,hard,Domain-Specific / Other
diagnosis,Domain-Specific / Other,Diagnosis,2,,hard,Domain-Specific / Other
digital,Domain-Specific / Other,Digital,2,,hard,Domain-Specific / Other
digitalization,Domain-Specific / Other,Digitalization,2,,hard,Domain-Specific / Other
diligence,Domain-Specific / Other,Diligence,2,,hard,Domain-Specific / Other
disaster,Domain-Specific / Other,Disaster,2,,hard,Domain-Specific / Other
discharge,Domain-Specific / Other,Discharge,2,,hard,Domain-Specific / Other
discovery,Domain-Specific / Other,Discovery,2,,hard,Domain-Specific / Other
documentation,Domain-Specific / Other,Documentation,2,,hard,Domain-Specific / Other
drafting,Domain-Specific / Other,Drafting,2,,hard,Domain-Specific / Other
driving,Domain-Specific / Other,Driving,2,,hard,Domain-Specific / Other
drug,Domain-Specific / Other,Drug,2,,hard,Domain-Specific / Other
electricity,Domain-Specific / Other,Electricity,2,,hard,Domain-Specific / Other
electronic,Domain-Specific / Other,Electronic,2,,hard,Domain-Specific / Other
electronics,Domain-Specific / Other,Electronics,2,,hard,Domain-Specific / Other
electrophysiology,Domain-Specific / Other,Electrophysiology,2,,hard,Domain-Specific / Other
email,Domain-Specific / Other,Email,2,,hard,Domain-Specific / Other
embedded,Domain-Specific / Other,Embedded,2,,hard,Domain-Specific / Other
embedding,Domain-Specific / Other,Embedding,2,,hard,Domain-Specific / Other
engineering,Domain-Specific / Other,Engineering,2,,hard,Domain-Specific / Other
entrepreneur,Domain-Specific / Other,Entrepreneur,2,,hard,Domain-Specific / Other
escalation,Domain-Specific / Other,Escalation,2,,hard,Domain-Specific / Other
esthetics,Domain-Specific / Other,Esthetics,2,,hard,Domain-Specific / Other
estimate,Domain-Specific / Other,Estimate,2,,hard,Domain-Specific / Other
estimating,Domain-Specific / Other,Estimating,2,,hard,Domain-Specific / Other
evaluation,Domain-Specific / Other,Evaluation,2,,hard,Domain-Specific / Other
execution,Domain-Specific / Other,Execution,2,,hard,Domain-Specific / Other
facilitation,Domain-Specific / Other,Facilitation,2,,hard,Domain-Specific / Other
facilities,Domain-Specific / Other,Facilities,2,,hard,Domain-Specific / Other
feedback,Domain-Specific / Other,Feedback,2,,hard,Domain-Specific / Other
finance,Domain-Specific / Other,Finance,2,,hard,Domain-Specific / Other
firmware,Domain-Specific / Other,Firmware,2,,hard,Domain-Specific / Other
forklift,Domain-Specific / Other,Forklift,2,,hard,Domain-Specific / Other
formulation,Domain-Specific / Other,Formulation,2,,hard,Domain-Specific / Other
framework,Domain-Specific / Other,Framework,2,,hard,Domain-Specific / Other
frameworks,Domain-Specific / Other,Frameworks,2,,hard,Domain-Specific / Other
gdpr,Domain-Specific / Other,Gdpr,2,,hard,Domain-Specific / Other
genomic,Domain-Specific / Other,Genomic,2,,hard,Domain-Specific / Other
genomics,Domain-Specific / Other,Genomics,2,,hard,Domain-Specific / Other
geographic,Domain-Specific / Other,Geographic,2,,hard,Domain-Specific / Other
getaaa,Domain-Specific / Other,Getaaa,2,,hard,Domain-Specific / Other
gis,Domain-Specific / Other,Gis,2,,hard,Domain-Specific / Other
github,Domain-Specific / Other,Github,2,,hard,Domain-Specific / Other
gitlab,Domain-Specific / Other,Gitlab,2,,hard,Domain-Specific / Other
glp,Domain-Specific / Other,Glp,2,,hard,Domain-Specific / Other
gmp,Domain-Specific / Other,Gmp,2,good manufacturing practices,hard,Domain-Specific / Other
grant,Domain-Specific / Other,Grant,2,,hard,Domain-Specific / Other
graphic,Domain-Specific / Other,Graphic,2,,hard,Domain-Specific / Other
graphics,Domain-Specific / Other,Graphics,2,,hard,Domain-Specific / Other
grooming,Domain-Specific / Other,Grooming,2,,hard,Domain-Specific / Other
guiding,Domain-Specific / Other,Guiding,2,,hard,Domain-Specific / Other
human,Domain-Specific / Other,Human,2,,hard,Domain-Specific / Other
hygiene,Domain-Specific / Other,Hygiene,2,,hard,Domain-Specific / Other
immunoassay,Domain-Specific / Other,Immunoassay,2,,hard,Domain-Specific / Other
innovation,Domain-Specific / Other,Innovation,2,,hard,Domain-Specific / Other
installation,Domain-Specific / Other,Installation,2,,hard,Domain-Specific / Other
instructional,Domain-Specific / Other,Instructional,2,,hard,Domain-Specific / Other
intelligence,Domain-Specific / Other,Intelligence,2,,hard,Domain-Specific / Other
inventories,Domain-Specific / Other,Inventories,2,,hard,Domain-Specific / Other
investigation,Domain-Specific / Other,Investigation,2,,hard,Domain-Specific / Other
ios,Domain-Specific / Other,Ios,2,,hard,Domain-Specific / Other
iot,Domain-Specific / Other,Iot,2,,hard,Domain-Specific / Other
jquery,Domain-Specific / Other,Jquery,2,,hard,Domain-Specific / Other
kinetics,Domain-Specific / Other,Kinetics,2,,hard,Domain-Specific / Other
labeling,Domain-Specific / Other,Labeling,2,,hard,Domain-Specific / Other
laser,Domain-Specific / Other,Laser,2,,hard,Domain-Specific / Other
learning,Domain-Specific / Other,Learning,2,,hard,Domain-Specific / Other
legal,Domain-Specific / Other,Legal,2,,hard,Domain-Specific / Other
machine,Domain-Specific / Other,Machine,2,,hard,Domain-Specific / Other
maintenance,Domain-Specific / Other,Maintenance,2,,hard,Domain-Specific / Other
marketing,Domain-Specific / Other,Marketing,2,,hard,Domain-Specific / Other
metabolomics,Domain-Specific / Other,Metabolomics,2,,hard,Domain-Specific / Other
microscopy,Domain-Specific / Other,Microscopy,2,,hard,Domain-Specific / Other
microsoft,Domain-Specific / Other,Microsoft,2,,hard,Domain-Specific / Other
modeling,Domain-Specific / Other,Modeling,2,,hard,Domain-Specific / Other
modelling,Domain-Specific / Other,Modelling,2,,hard,Domain-Specific / Other
motivating,Domain-Specific / Other,Motivating,2,,hard,Domain-Specific / Other
motivation,Domain-Specific / Other,Motivation,2,,hard,Domain-Specific / Other
narration,Domain-Specific / Other,Narration,2,,hard,Domain-Specific / Other
nist,Domain-Specific / Other,Nist,2,,hard,Domain-Specific / Other
nosql,Domain-Specific / Other,Nosql,2,,hard,Domain-Specific / Other
orchestration,Domain-Specific / Other,Orchestration,2,,hard,Domain-Specific / Other
orthodontic,Domain-Specific / Other,Orthodontic,2,,hard,Domain-Specific / Other
orthopedic,Domain-Specific / Other,Orthopedic,2,,hard,Domain-Specific / Other
outreach,Domain-Specific / Other,Outreach,2,,hard,Domain-Specific / Other
pedagogy,Domain-Specific / Other,Pedagogy,2,,hard,Domain-Specific / Other
performance,Domain-Specific / Other,Performance,2,,hard,Domain-Specific / Other
photography,Domain-Specific / Other,Photography,2,,hard,Domain-Specific / Other
physics,Domain-Specific / Other,Physics,2,,hard,Domain-Specific / Other
pilates,Domain-Specific / Other,Pilates,2,,hard,Domain-Specific / Other
plumbing,Domain-Specific / Other,Plumbing,2,,hard,Domain-Specific / Other
policy,Domain-Specific / Other,Policy,2,,hard,Domain-Specific / Other
postgres,Domain-Specific / Other,Postgres,2,,hard,Domain-Specific / Other
priorities,Domain-Specific / Other,Priorities,2,,hard,Domain-Specific / Other
problem,Domain-Specific / Other,Problem,2,,hard,Domain-Specific / Other
programming,Domain-Specific / Other,Programming,2,,hard,Domain-Specific / Other
protocol,Domain-Specific / Other,Protocol,2,,hard,Domain-Specific / Other
recruiting,Domain-Specific / Other,Recruiting,2,,hard,Domain-Specific / Other
recruitment,Domain-Specific / Other,Recruitment,2,,hard,Domain-Specific / Other
regex,Domain-Specific / Other,Regex,2,,hard,Domain-Specific / Other
remote,Domain-Specific / Other,Remote,2,,hard,Domain-Specific / Other
retail,Domain-Specific / Other,Retail,2,,hard,Domain-Specific / Other
scanning,Domain-Specific / Other,Scanning,2,,hard,Domain-Specific / Other
sharepoint,Domain-Specific / Other,Sharepoint,2,,hard,Domain-Specific / Other
simulation,Domain-Specific / Other,Simulation,2,,hard,Domain-Specific / Other
spectroscopy,Domain-Specific / Other,Spectroscopy,2,,hard,Domain-Specific / Other
spreadsheets,Domain-Specific / Other,Spreadsheets,2,,hard,Domain-Specific / Other
statistics,Domain-Specific / Other,Statistics,2,,hard,Domain-Specific / Other
strategy,Domain-Specific / Other,Strategy,2,,hard,Domain-Specific / Other
supervision,Domain-Specific / Other,Supervision,2,,hard,Domain-Specific / Other
sustainability,Domain-Specific / Other,Sustainability,2,,hard,Domain-Specific / Other
testing,Domain-Specific / Other,Testing,2,,hard,Domain-Specific / Other
time,Domain-Specific / Other,Time,2,,hard,Domain-Specific / Other
transport,Domain-Specific / Other,Transport,2,,hard,Domain-Specific / Other
troubleshooting,Domain-Specific / Other,Troubleshooting,2,,hard,Domain-Specific / Other
usability,Domain-Specific / Other,Usability,2,,hard,Domain-Specific / Other
virtual,Domain-Specific / Other,Virtual,2,,hard,Domain-Specific / Other
visual,Domain-Specific / Other,Visual,2,,hard,Domain-Specific / Other
warehousing,Domain-Specific / Other,Warehousing,2,,hard,Domain-Specific / Other
academia,Engineering & Manufacturing,Academia,3,,hard,Engineering & Manufacturing
academic,Engineering & Manufacturing,Academic,3,,hard,Engineering & Manufacturing
academics,Engineering & Manufacturing,Academics,3,,hard,Engineering & Manufacturing
academy,Engineering & Manufacturing,Academy,3,,hard,Engineering & Manufacturing
aerospace,Engineering & Manufacturing,Aerospace,3,,hard,Engineering & Manufacturing
automation,Engineering & Manufacturing,Automation,3,,hard,Engineering & Manufacturing
bim,Engineering & Manufacturing,Bim,3,,hard,Engineering & Manufacturing
biomaterials,Engineering & Manufacturing,Biomaterials,3,,hard,Engineering & Manufacturing
cad,Engineering & Manufacturing,Cad,3,,hard,Engineering & Manufacturing
cadence,Engineering & Manufacturing,Cadence,3,,hard,Engineering & Manufacturing
calibration,Engineering & Manufacturing,Calibration,3,,hard,Engineering & Manufacturing
calibrations,Engineering & Manufacturing,Calibrations,3,,hard,Engineering & Manufacturing
campaign,Engineering & Manufacturing,Campaign,3,,hard,Engineering & Manufacturing
campaigns,Engineering & Manufacturing,Campaigns,3,,hard,Engineering & Manufacturing
civil,Engineering & Manufacturing,Civil,3,,hard,Engineering & Manufacturing
cleanroom,Engineering & Manufacturing,Cleanroom,3,,hard,Engineering & Manufacturing
drawing,Engineering & Manufacturing,Drawing,3,,hard,Engineering & Manufacturing
drawings,Engineering & Manufacturing,Drawings,3,,hard,Engineering & Manufacturing
electrical,Engineering & Manufacturing,Electrical,3,,hard,Engineering & Manufacturing
electromechanical,Engineering & Manufacturing,Electromechanical,3,,hard,Engineering & Manufacturing
fabrication,Engineering & Manufacturing,Fabrication,3,,hard,Engineering & Manufacturing
geospatial,Engineering & Manufacturing,Geospatial,3,,hard,Engineering & Manufacturing
geotechnical,Engineering & Manufacturing,Geotechnical,3,,hard,Engineering & Manufacturing
hydraulic,Engineering & Manufacturing,Hydraulic,3,,hard,Engineering & Manufacturing
hydraulics,Engineering & Manufacturing,Hydraulics,3,,hard,Engineering & Manufacturing
inspection,Engineering & Manufacturing,Inspection,3,,hard,Engineering & Manufacturing
kaizen,Engineering & Manufacturing,Kaizen,3,,hard,Engineering & Manufacturing
machining,Engineering & Manufacturing,Machining,3,,hard,Engineering & Manufacturing
manufacturing,Engineering & Manufacturing,Manufacturing,3,,hard,Engineering & Manufacturing
materials,Engineering & Manufacturing,Materials,3,,hard,Engineering & Manufacturing
metrology,Engineering & Manufacturing,Metrology,3,,hard,Engineering & Manufacturing
robotics,Engineering & Manufacturing,Robotics,3,,hard,Engineering & Manufacturing
structural,Engineering & Manufacturing,Structural,3,,hard,Engineering & Manufacturing
welding,Engineering & Manufacturing,Welding,3,,hard,Engineering & Manufacturing
accounting,Finance & Accounting,Accounting,3,,hard,Finance & Accounting
accreditation,Finance & Accounting,Accreditation,3,,hard,Finance & Accounting
accredited,Finance & Accounting,Accredited,3,,hard,Finance & Accounting
asset,Finance & Accounting,Asset,3,,hard,Finance & Accounting
assets,Finance & Accounting,Assets,3,,hard,Finance & Accounting
auditing,Finance & Accounting,Auditing,3,,hard,Finance & Accounting
auditor,Finance & Accounting,Auditor,3,,hard,Finance & Accounting
auditors,Finance & Accounting,Auditors,3,,hard,Finance & Accounting
audits,Finance & Accounting,Audits,3,,hard,Finance & Accounting
banking,Finance & Accounting,Banking,3,,hard,Finance & Accounting
bookkeeping,Finance & Accounting,Bookkeeping,3,,hard,Finance & Accounting
budgeting,Finance & Accounting,Budgeting,3,,hard,Finance & Accounting
compliance,Finance & Accounting,Compliance,3,,hard,Finance & Accounting
cybersecurity,Finance & Accounting,Cybersecurity,3,,hard,Finance & Accounting
devsecops,Finance & Accounting,Devsecops,3,,hard,Finance & Accounting
forecasting,Finance & Accounting,Forecasting,3,,hard,Finance & Accounting
fundraising,Finance & Accounting,Fundraising,3,,hard,Finance & Accounting
grants,Finance & Accounting,Grants,3,,hard,Finance & Accounting
invoicing,Finance & Accounting,Invoicing,3,,hard,Finance & Accounting
lending,Finance & Accounting,Lending,3,,hard,Finance & Accounting
mortgage,Finance & Accounting,Mortgage,3,,hard,Finance & Accounting
nonprofit,Finance & Accounting,Nonprofit,3,,hard,Finance & Accounting
payroll,Finance & Accounting,Payroll,3,,hard,Finance & Accounting
reimbursement,Finance & Accounting,Reimbursement,3,,hard,Finance & Accounting
security,Finance & Accounting,Security,3,,hard,Finance & Accounting
anesthesia,Healthcare & Clinical,Anesthesia,3,,hard,Healthcare & Clinical
autoclave,Healthcare & Clinical,Autoclave,3,,hard,Healthcare & Clinical
biomedical,Healthcare & Clinical,Biomedical,3,,hard,Healthcare & Clinical
biopsy,Healthcare & Clinical,Biopsy,3,,hard,Healthcare & Clinical
brachytherapy,Healthcare & Clinical,Brachytherapy,3,,hard,Healthcare & Clinical
cardiology,Healthcare & Clinical,Cardiology,3,,hard,Healthcare & Clinical
catheter,Healthcare & Clinical,Catheter,3,,hard,Healthcare & Clinical
catheterization,Healthcare & Clinical,Catheterization,3,,hard,Healthcare & Clinical
catheters,Healthcare & Clinical,Catheters,3,,hard,Healthcare & Clinical
chemotherapy,Healthcare & Clinical,Chemotherapy,3,,hard,Healthcare & Clinical
chiropractic,Healthcare & Clinical,Chiropractic,3,,hard,Healthcare & Clinical
cytology,Healthcare & Clinical,Cytology,3,,hard,Healthcare & Clinical
dentistry,Healthcare & Clinical,Dentistry,3,,hard,Healthcare & Clinical
diagnostic,Healthcare & Clinical,Diagnostic,3,,hard,Healthcare & Clinical
dialysis,Healthcare & Clinical,Dialysis,3,,hard,Healthcare & Clinical
ehr,Healthcare & Clinical,Ehr,3,,hard,Healthcare & Clinical
emergency,Healthcare & Clinical,Emergency,3,,hard,Healthcare & Clinical
emr,Healthcare & Clinical,Emr,3,,hard,Healthcare & Clinical
epidural,Healthcare & Clinical,Epidural,3,,hard,Healthcare & Clinical
glucose,Healthcare & Clinical,Glucose,3,,hard,Healthcare & Clinical
hematology,Healthcare & Clinical,Hematology,3,,hard,Healthcare & Clinical
hipaa,Healthcare & Clinical,Hipaa,3,,hard,Healthcare & Clinical
histology,Healthcare & Clinical,Histology,3,,hard,Healthcare & Clinical
histopathology,Healthcare & Clinical,Histopathology,3,,hard,Healthcare & Clinical
immunology,Healthcare & Clinical,Immunology,3,,hard,Healthcare & Clinical
inpatient,Healthcare & Clinical,Inpatient,3,,hard,Healthcare & Clinical
laboratory,Healthcare & Clinical,Laboratory,3,,hard,Healthcare & Clinical
laparoscopic,Healthcare & Clinical,Laparoscopic,3,,hard,Healthcare & Clinical
laparoscopy,Healthcare & Clinical,Laparoscopy,3,,hard,Healthcare & Clinical
medical,Healthcare & Clinical,Medical,3,,hard,Healthcare & Clinical
nephrology,Healthcare & Clinical,Nephrology,3,,hard,Healthcare & Clinical
neurology,Healthcare & Clinical,Neurology,3,,hard,Healthcare & Clinical
nursing,Healthcare & Clinical,Nursing,3,,hard,Healthcare & Clinical
nutrition,Healthcare & Clinical,Nutrition,3,,hard,Healthcare & Clinical
occupational,Healthcare & Clinical,Occupational,3,,hard,Healthcare & Clinical
oncology,Healthcare & Clinical,Oncology,3,,hard,Healthcare & Clinical
ophthalmology,Healthcare & Clinical,Ophthalmology,3,,hard,Healthcare & Clinical
paediatric,Healthcare & Clinical,Paediatric,3,,hard,Healthcare & Clinical
paramedicine,Healthcare & Clinical,Paramedicine,3,,hard,Healthcare & Clinical
pathology,Healthcare & Clinical,Pathology,3,,hard,Healthcare & Clinical
pharmacy,Healthcare & Clinical,Pharmacy,3,,hard,Healthcare & Clinical
physical,Healthcare & Clinical,Physical,3,,hard,Healthcare & Clinical
physiotherapy,Healthcare & Clinical,Physiotherapy,3,,hard,Healthcare & Clinical
psychiatry,Healthcare & Clinical,Psychiatry,3,,hard,Healthcare & Clinical
psychology,Healthcare & Clinical,Psychology,3,,hard,Healthcare & Clinical
radiology,Healthcare & Clinical,Radiology,3,,hard,Healthcare & Clinical
rehabilitation,Healthcare & Clinical,Rehabilitation,3,,hard,Healthcare & Clinical
respiratory,Healthcare & Clinical,Respiratory,3,,hard,Healthcare & Clinical
sterilization,Healthcare & Clinical,Sterilization,3,,hard,Healthcare & Clinical
ultrasound,Healthcare & Clinical,Ultrasound,3,,hard,Healthcare & Clinical
accessioning,IT Infrastructure & Security,Accessioning,3,,tool,IT Infrastructure & Security
ambulance,IT Infrastructure & Security,Ambulance,3,,tool,IT Infrastructure & Security
anaplan,IT Infrastructure & Security,Anaplan,3,,tool,IT Infrastructure & Security
android,IT Infrastructure & Security,Android,3,,tool,IT Infrastructure & Security
anticipation,IT Infrastructure & Security,Anticipation,3,,tool,IT Infrastructure & Security
antimalware,IT Infrastructure & Security,Antimalware,3,,tool,IT Infrastructure & Security
apprenticeship,IT Infrastructure & Security,Apprenticeship,3,,tool,IT Infrastructure & Security
apprenticeships,IT Infrastructure & Security,Apprenticeships,3,,tool,IT Infrastructure & Security
authentication,IT Infrastructure & Security,Authentication,3,,tool,IT Infrastructure & Security
authorization,IT Infrastructure & Security,Authorization,3,,tool,IT Infrastructure & Security
backup,IT Infrastructure & Security,Backup,3,,tool,IT Infrastructure & Security
backups,IT Infrastructure & Security,Backups,3,,tool,IT Infrastructure & Security
balance,IT Infrastructure & Security,Balance,3,,tool,IT Infrastructure & Security
balancing,IT Infrastructure & Security,Balancing,3,,tool,IT Infrastructure & Security
blockchain,IT Infrastructure & Security,Blockchain,3,,tool,IT Infrastructure & Security
caliper,IT Infrastructure & Security,Caliper,3,,tool,IT Infrastructure & Security
calipers,IT Infrastructure & Security,Calipers,3,,tool,IT Infrastructure & Security
cloud,IT Infrastructure & Security,Cloud,3,,tool,IT Infrastructure & Security
cloudbased,IT Infrastructure & Security,Cloudbased,3,,tool,IT Infrastructure & Security
cloudwatch,IT Infrastructure & Security,Cloudwatch,3,,tool,IT Infrastructure & Security
devops,IT Infrastructure & Security,Devops,3,,tool,IT Infrastructure & Security
diplomacy,IT Infrastructure & Security,Diplomacy,3,,tool,IT Infrastructure & Security
discipline,IT Infrastructure & Security,Discipline,3,,tool,IT Infrastructure & Security
dispatcher,IT Infrastructure & Security,Dispatcher,3,,tool,IT Infrastructure & Security
dns,IT Infrastructure & Security,Dns,3,,tool,IT Infrastructure & Security
encryption,IT Infrastructure & Security,Encryption,3,,tool,IT Infrastructure & Security
incident,IT Infrastructure & Security,Incident,3,,tool,IT Infrastructure & Security
landscaping,IT Infrastructure & Security,Landscaping,3,,tool,IT Infrastructure & Security
leadership,IT Infrastructure & Security,Leadership,3,,tool,IT Infrastructure & Security
mentorship,IT Infrastructure & Security,Mentorship,3,,tool,IT Infrastructure & Security
microservices,IT Infrastructure & Security,Microservices,3,,tool,IT Infrastructure & Security
monitoring,IT Infrastructure & Security,Monitoring,3,,tool,IT Infrastructure & Security
multidisciplinary,IT Infrastructure & Security,Multidisciplinary,3,,tool,IT Infrastructure & Security
networking,IT Infrastructure & Security,Networking,3,,tool,IT Infrastructure & Security
ownership,IT Infrastructure & Security,Ownership,3,,tool,IT Infrastructure & Security
planning,IT Infrastructure & Security,Planning,3,,tool,IT Infrastructure & Security
routing,IT Infrastructure & Security,Routing,3,,tool,IT Infrastructure & Security
scripting,IT Infrastructure & Security,Scripting,3,,tool,IT Infrastructure & Security
server,IT Infrastructure & Security,Server,3,,tool,IT Infrastructure & Security
serverless,IT Infrastructure & Security,Serverless,3,,tool,IT Infrastructure & Security
shipping,IT Infrastructure & Security,Shipping,3,,tool,IT Infrastructure & Security
virtualization,IT Infrastructure & Security,Virtualization,3,,tool,IT Infrastructure & Security
wireless,IT Infrastructure & Security,Wireless,3,,tool,IT Infrastructure & Security
bioprocess,Operations & Logistics,Bioprocess,2,,hard,Operations & Logistics
capacity,Operations & Logistics,Capacity,2,,hard,Operations & Logistics
contract,Operations & Logistics,Contract,2,,hard,Operations & Logistics
contracting,Operations & Logistics,Contracting,2,,hard,Operations & Logistics
contractors,Operations & Logistics,Contractors,2,,hard,Operations & Logistics
contracts,Operations & Logistics,Contracts,2,,hard,Operations & Logistics
inventory,Operations & Logistics,Inventory,2,,hard,Operations & Logistics
kanban,Operations & Logistics,Kanban,2,,hard,Operations & Logistics
logistics,Operations & Logistics,Logistics,2,,hard,Operations & Logistics
negotiation,Operations & Logistics,Negotiation,2,,hard,Operations & Logistics
optimization,Operations & Logistics,Optimization,2,,hard,Operations & Logistics
procurement,Operations & Logistics,Procurement,2,,hard,Operations & Logistics
quality,Operations & Logistics,Quality,2,,hard,Operations & Logistics
safety,Operations & Logistics,Safety,2,,hard,Operations & Logistics
scheduling,Operations & Logistics,Scheduling,2,,hard,Operations & Logistics
training,Operations & Logistics,Training,2,,hard,Operations & Logistics
vendor,Operations & Logistics,Vendor,2,,hard,Operations & Logistics
workflow,Operations & Logistics,Workflow,2,,hard,Operations & Logistics
accountability,Soft Skills,Accountability,1,,soft,Soft Skills
adaptability,Soft Skills,Adaptability,1,,soft,Soft Skills
analytical,Soft Skills,Analytical,1,,soft,Soft Skills
bioanalytical,Soft Skills,Bioanalytical,1,,soft,Soft Skills
coaching,Soft Skills,Coaching,1,,soft,Soft Skills
collaboration,Soft Skills,Collaboration,1,,soft,Soft Skills
communication,Soft Skills,Communication,1,,soft,Soft Skills
communications,Soft Skills,Communications,1,,soft,Soft Skills
copywriting,Soft Skills,Copywriting,1,,soft,Soft Skills
creativity,Soft Skills,Creativity,1,,soft,Soft Skills
customerfocused,Soft Skills,Customerfocused,1,,soft,Soft Skills
decisionmaking,Soft Skills,Decisionmaking,1,,soft,Soft Skills
ethics,Soft Skills,Ethics,1,,soft,Soft Skills
flexibility,Soft Skills,Flexibility,1,,soft,Soft Skills
innovative,Soft Skills,Innovative,1,,soft,Soft Skills
integrity,Soft Skills,Integrity,1,,soft,Soft Skills
mentoring,Soft Skills,Mentoring,1,,soft,Soft Skills
multitasking,Soft Skills,Multitasking,1,,soft,Soft Skills
organizational,Soft Skills,Organizational,1,,soft,Soft Skills
presentation,Soft Skills,Presentation,1,,soft,Soft Skills
prioritization,Soft Skills,Prioritization,1,,soft,Soft Skills
problemsolving,Soft Skills,Problemsolving,1,,soft,Soft Skills
reporting,Soft Skills,Reporting,1,,soft,Soft Skills
resilience,Soft Skills,Resilience,1,,soft,Soft Skills
telecommunication,Soft Skills,Telecommunication,1,,soft,Soft Skills
writing,Soft Skills,Writing,1,,soft,Soft Skills
adobe,Technical (Software & Programming),Adobe,4,,tool,Technical (Software & Programming)
Adobe XD,Design Skills,Adobe XD,4,xd,tool,Design Skills
Illustrator,Design Skills,Illustrator,4,adobe illustrator,tool,Design Skills
Photoshop,Design Skills,Photoshop,4,adobe photoshop,tool,Design Skills
Wordpress,Technical (Software & Programming),Wordpress,4,,tool,Technical (Software & Programming)
alteryx,Technical (Software & Programming),Alteryx,4,,tool,Technical (Software & Programming)
angularjs,Technical (Software & Programming),Angularjs,4,angular|angular.js,tool,Technical (Software & Programming)
ReactJS,Technical (Software & Programming),ReactJS,4,react|react.js,tool,Technical (Software & Programming)
VueJS,Technical (Software & Programming),VueJS,4,vue|vue.js,tool,Technical (Software & Programming)
ansible,Technical (Software & Programming),Ansible,4,,tool,Technical (Software & Programming)
ansys,Technical (Software & Programming),Ansys,4,,tool,Technical (Software & Programming)
autocad,Technical (Software & Programming),Autocad,4,,tool,Technical (Software & Programming)
azure,Technical (Software & Programming),Azure,4,,tool,Technical (Software & Programming)
canva,Technical (Software & Programming),Canva,4,,tool,Technical (Software & Programming)
cisco,Technical (Software & Programming),Cisco,4,,tool,Technical (Software & Programming)
confluence,Technical (Software & Programming),Confluence,4,,tool,Technical (Software & Programming)
datadog,Technical (Software & Programming),Datadog,4,,tool,Technical (Software & Programming)
docker,Technical (Software & Programming),Docker,4,containerization,tool,Technical (Software & Programming)
elasticsearch,Technical (Software & Programming),Elasticsearch,4,,tool,Technical (Software & Programming)
epic,Technical (Software & Programming),Epic,4,,tool,Technical (Software & Programming)
excel,Technical (Software & Programming),Excel,4,microsoft excel,tool,Technical (Software & Programming)
git,Technical (Software & Programming),Git,4,,tool,Technical (Software & Programming)
golang,Technical (Software & Programming),Golang,4,,tool,Technical (Software & Programming)
gradle,Technical (Software & Programming),Gradle,4,,tool,Technical (Software & Programming)
grafana,Technical (Software & Programming),Grafana,4,,tool,Technical (Software & Programming)
graphql,Technical (Software & Programming),Graphql,4,graph ql,tool,Technical (Software & Programming)
hadoop,Technical (Software & Programming),Hadoop,4,,tool,Technical (Software & Programming)
html,Technical (Software & Programming),Html,4,,tool,Technical (Software & Programming)
java,Technical (Software & Programming),Java,4,,tool,Technical (Software & Programming)
Core Java,Technical (Software & Programming),Core Java,4,,tool,Technical (Software & Programming)
Servlets,Technical (Software & Programming),Servlets,4,,tool,Technical (Software & Programming)
JSP,Technical (Software & Programming),JSP,4,,tool,Technical (Software & Programming)
JSTL,Technical (Software & Programming),JSTL,4,,tool,Technical (Software & Programming)
JDBC,Technical (Software & Programming),JDBC,4,,tool,Technical (Software & Programming)
JMS,Technical (Software & Programming),JMS,4,,tool,Technical (Software & Programming)
JNDI,Technical (Software & Programming),JNDI,4,,tool,Technical (Software & Programming)
RMI,Technical (Software & Programming),RMI,4,,tool,Technical (Software & Programming)
EJB,Technical (Software & Programming),EJB,4,,tool,Technical (Software & Programming)
Spring MVC,Technical (Software & Programming),Spring MVC,4,,tool,Technical (Software & Programming)
Spring Boot,Technical (Software & Programming),Spring Boot,4,,tool,Technical (Software & Programming)
Spring Security,Technical (Software & Programming),Spring Security,4,,tool,Technical (Software & Programming)
Spring Core,Technical (Software & Programming),Spring Core,4,,tool,Technical (Software & Programming)
Struts,Technical (Software & Programming),Struts,4,,tool,Technical (Software & Programming)
JSF,Technical (Software & Programming),JSF,4,,tool,Technical (Software & Programming)
IBATIS,Technical (Software & Programming),IBATIS,4,,tool,Technical (Software & Programming)
WebLogic,Technical (Software & Programming),WebLogic,4,,tool,Technical (Software & Programming)
WebSphere,Technical (Software & Programming),WebSphere,4,,tool,Technical (Software & Programming)
JBoss,Technical (Software & Programming),JBoss,4,,tool,Technical (Software & Programming)
Tomcat,Technical (Software & Programming),Tomcat,4,,tool,Technical (Software & Programming)
Ext JS,Technical (Software & Programming),Ext JS,4,,tool,Technical (Software & Programming)
Backbone JS,Technical (Software & Programming),Backbone JS,4,,tool,Technical (Software & Programming)
SASS,Technical (Software & Programming),SASS,4,,tool,Technical (Software & Programming)
LESS,Technical (Software & Programming),LESS,4,,tool,Technical (Software & Programming)
DHTML,Technical (Software & Programming),DHTML,4,,tool,Technical (Software & Programming)
XHTML,Technical (Software & Programming),XHTML,4,,tool,Technical (Software & Programming)
SOAP,Technical (Software & Programming),SOAP,4,,tool,Technical (Software & Programming)
JAX-WS,Technical (Software & Programming),JAX-WS,4,,tool,Technical (Software & Programming)
JAX-RS,Technical (Software & Programming),JAX-RS,4,,tool,Technical (Software & Programming)
WSDL,Technical (Software & Programming),WSDL,4,,tool,Technical (Software & Programming)
Axis2,Technical (Software & Programming),Axis2,4,,tool,Technical (Software & Programming)
Apache CXF,Technical (Software & Programming),Apache CXF,4,,tool,Technical (Software & Programming)
Maven,Technical (Software & Programming),Maven,4,,tool,Technical (Software & Programming)
ANT,Technical (Software & Programming),ANT,4,,tool,Technical (Software & Programming)
SVN,Technical (Software & Programming),SVN,4,,tool,Technical (Software & Programming)
CVS,Technical (Software & Programming),CVS,4,,tool,Technical (Software & Programming)
Eclipse,Technical (Software & Programming),Eclipse,4,,tool,Technical (Software & Programming)
NetBeans,Technical (Software & Programming),NetBeans,4,,tool,Technical (Software & Programming)
JUnit,Technical (Software & Programming),JUnit,4,,tool,Technical (Software & Programming)
Mockito,Technical (Software & Programming),Mockito,4,,tool,Technical (Software & Programming)
Cucumber,Technical (Software & Programming),Cucumber,4,,tool,Technical (Software & Programming)
Jasmine,Technical (Software & Programming),Jasmine,4,,tool,Technical (Software & Programming)
Protractor,Technical (Software & Programming),Protractor,4,,tool,Technical (Software & Programming)
Apache Camel,Technical (Software & Programming),Apache Camel,4,,tool,Technical (Software & Programming)
Mule ESB,Technical (Software & Programming),Mule ESB,4,,tool,Technical (Software & Programming)
Drools,Technical (Software & Programming),Drools,4,,tool,Technical (Software & Programming)
javascript,Technical (Software & Programming),Javascript,4,js|ecmascript,tool,Technical (Software & Programming)
jenkins,Technical (Software & Programming),Jenkins,4,ci cd,tool,Technical (Software & Programming)
jira,Technical (Software & Programming),Jira,4,,tool,Technical (Software & Programming)
json,Technical (Software & Programming),Json,4,,tool,Technical (Software & Programming)
jupyter,Technical (Software & Programming),Jupyter,4,,tool,Technical (Software & Programming)
kafka,Technical (Software & Programming),Kafka,4,,tool,Technical (Software & Programming)
kubernetes,Technical (Software & Programming),Kubernetes,4,k8s,tool,Technical (Software & Programming)
linux,Technical (Software & Programming),Linux,4,,tool,Technical (Software & Programming)
matlab,Technical (Software & Programming),Matlab,4,,tool,Technical (Software & Programming)
meditech,Technical (Software & Programming),Meditech,4,,tool,Technical (Software & Programming)
mongodb,Technical (Software & Programming),Mongodb,4,mongo db,tool,Technical (Software & Programming)
mysql,Technical (Software & Programming),Mysql,4,my sql,tool,Technical (Software & Programming)
nodejs,Technical (Software & Programming),Nodejs,4,node|node.js,tool,Technical (Software & Programming)
oracle,Technical (Software & Programming),Oracle,4,,tool,Technical (Software & Programming)
plc,Technical (Software & Programming),Plc,4,,tool,Technical (Software & Programming)
postgresql,Technical (Software & Programming),Postgresql,4,postgres,tool,Technical (Software & Programming)
powerbi,Technical (Software & Programming),Powerbi,4,power bi,tool,Technical (Software & Programming)
powershell,Technical (Software & Programming),Powershell,4,,tool,Technical (Software & Programming)
python,Technical (Software & Programming),Python,4,,tool,Technical (Software & Programming)
Django,Technical (Software & Programming),Python,4,Python,tool,Technical (Software & Programming)
php,Technical (Software & Programming),Php,4,,tool,Technical (Software & Programming)
Laravel,Technical (Software & Programming),Laravel,4,,tool,Technical (Software & Programming)
pytorch,Technical (Software & Programming),Pytorch,4,,tool,Technical (Software & Programming)
quickbooks,Technical (Software & Programming),Quickbooks,4,,tool,Technical (Software & Programming)
salesforce,Technical (Software & Programming),Salesforce,4,,tool,Technical (Software & Programming)
scikit,Technical (Software & Programming),Scikit,4,,tool,Technical (Software & Programming)
selenium,Technical (Software & Programming),Selenium,4,,tool,Technical (Software & Programming)
solidworks,Technical (Software & Programming),Solidworks,4,,tool,Technical (Software & Programming)
splunk,Technical (Software & Programming),Splunk,4,,tool,Technical (Software & Programming)
sql,Technical (Software & Programming),Sql,4,structured query language,tool,Technical (Software & Programming)
pl/sql,Technical (Software & Programming),Pl/Sql,4,plsql,tool,Technical (Software & Programming)
tableau,Technical (Software & Programming),Tableau,4,,tool,Technical (Software & Programming)
terraform,Technical (Software & Programming),Terraform,4,,tool,Technical (Software & Programming)
typescript,Technical (Software & Programming),Typescript,4,ts,tool,Technical (Software & Programming)
unix,Technical (Software & Programming),Unix,4,,tool,Technical (Software & Programming)
vmware,Technical (Software & Programming),Vmware,4,,tool,Technical (Software & Programming)
xml,Technical (Software & Programming),Xml,4,,tool,Technical (Software & Programming)
yaml,Technical (Software & Programming),Yaml,4,,tool,Technical (Software & Programming)
process validation,Quality,Process Validation,10,,hard,Quality
gmp,Quality,GMP,10,good manufacturing practices,hard,Quality
cgmp,Quality,cGMP,10,current good manufacturing practices,hard,Quality
tablet manufacturing,Manufacturing,Tablet Manufacturing,10,,hard,Manufacturing
wet granulation,Manufacturing,Wet Granulation,10,,hard,Manufacturing
dry granulation,Manufacturing,Dry Granulation,10,,hard,Manufacturing
compression,Manufacturing,Compression,9,,hard,Manufacturing
coating,Manufacturing,Coating,9,,hard,Manufacturing
sap production module,Tools,SAP Production Module,9,,tool,Tools
oee,Manufacturing,OEE (Overall Equipment Efficiency),9,OEE (Overall Equipment Efficiency),hard,Manufacturing
equipment qualification,Quality,Equipment Qualification,9,,hard,Quality
equipment calibration,Quality,Equipment Calibration,9,,hard,Quality
fda compliance,Quality,FDA Compliance,10,,hard,Quality
regulatory compliance,Quality,Regulatory Compliance,9,,hard,Quality
sop documentation,Documentation,SOP Documentation,9,,hard,Documentation
batch manufacturing bmr mfr,Documentation,Batch Manufacturing (BMR/MFR),9,Batch Manufacturing (BMR/MFR),hard,Documentation
quality audits,Quality,Quality Audits,8,,hard,Quality
change control,Quality,Change Control,8,,hard,Quality
deviation management,Quality,Deviation Management,8,,hard,Quality
C,Technical (Software & Programming),C,4,,tool,Technical (Software & Programming)
C++,Technical (Software & Programming),C++,4,cpp,tool,Technical (Software & Programming)
C#,Technical (Software & Programming),C#,4,csharp|dotnet,tool,Technical (Software & Programming)
Kotlin,Technical (Software & Programming),Kotlin,4,,tool,Technical (Software & Programming)
Swift,Technical (Software & Programming),Swift,4,,tool,Technical (Software & Programming)
Ruby,Technical (Software & Programming),Ruby,4,,tool,Technical (Software & Programming)
Scala,Technical (Software & Programming),Scala,4,,tool,Technical (Software & Programming)
R,Technical (Software & Programming),R,4,,tool,Technical (Software & Programming)
COBOL,Technical (Software & Programming),COBOL,4,,tool,Technical (Software & Programming)
Perl,Technical (Software & Programming),Perl,4,,tool,Technical (Software & Programming)
Shell Scripting,Technical (Software & Programming),Shell Scripting,4,,tool,Technical (Software & Programming)
Bash,Technical (Software & Programming),Bash,4,,tool,Technical (Software & Programming)
REST API,Technical (Software & Programming),REST API,4,restful api,tool,Technical (Software & Programming)
Microservices,Technical (Software & Programming),Microservices,4,,tool,Technical (Software & Programming)
Redis,Technical (Software & Programming),Redis,4,,tool,Technical (Software & Programming)
Cassandra,Technical (Software & Programming),Cassandra,4,,tool,Technical (Software & Programming)
RabbitMQ,Technical (Software & Programming),RabbitMQ,4,,tool,Technical (Software & Programming)
Nginx,Technical (Software & Programming),Nginx,4,,tool,Technical (Software & Programming)
Apache Spark,Technical (Software & Programming),Apache Spark,4,,tool,Technical (Software & Programming)
Apache Hadoop,Technical (Software & Programming),Apache Hadoop,4,,tool,Technical (Software & Programming)
Hive,Technical (Software & Programming),Hive,4,,tool,Technical (Software & Programming)
Snowflake,Technical (Software & Programming),Snowflake,4,,tool,Technical (Software & Programming)
Databricks,Technical (Software & Programming),Databricks,4,,tool,Technical (Software & Programming)
Power Automate,Technical (Software & Programming),Power Automate,4,,tool,Technical (Software & Programming)
Power Apps,Technical (Software & Programming),Power Apps,4,,tool,Technical (Software & Programming)
Dynamics 365,Technical (Software & Programming),Dynamics 365,4,,tool,Technical (Software & Programming)
SAP ABAP,Technical (Software & Programming),SAP ABAP,4,,tool,Technical (Software & Programming)
SAP HANA,Technical (Software & Programming),SAP HANA,4,,tool,Technical (Software & Programming)
SAP SD,Technical (Software & Programming),SAP SD,4,,tool,Technical (Software & Programming)
SAP MM,Technical (Software & Programming),SAP MM,4,,tool,Technical (Software & Programming)
SAP FI,Technical (Software & Programming),SAP FI,4,,tool,Technical (Software & Programming)
SAP CO,Technical (Software & Programming),SAP CO,4,,tool,Technical (Software & Programming)
SAP HR,Technical (Software & Programming),SAP HR,4,,tool,Technical (Software & Programming)
Figma,Design Skills,Figma,4,figma design,tool,Design Skills
Sketch,Design Skills,Sketch,4,,tool,Design Skills
InVision,Design Skills,InVision,4,,tool,Design Skills
Canva,Design Skills,Canva,4,,tool,Design Skills
CorelDRAW,Design Skills,CorelDRAW,4,,tool,Design Skills
AutoCAD,Design Skills,AutoCAD,4,,tool,Design Skills
Revit,Design Skills,Revit,4,,tool,Design Skills
SketchUp,Design Skills,SketchUp,4,,tool,Design Skills
3ds Max,Design Skills,3ds Max,4,,tool,Design Skills
Blender,Design Skills,Blender,4,,tool,Design Skills
UI Design,Design Skills,UI Design,4,user interface design,tool,Design Skills
UX Design,Design Skills,UX Design,4,user experience design,tool,Design Skills
Wireframing,Design Skills,Wireframing,4,,tool,Design Skills
Prototyping,Design Skills,Prototyping,4,,tool,Design Skills
Typography,Design Skills,Typography,4,,tool,Design Skills
Brand Identity,Design Skills,Brand Identity,4,,tool,Design Skills
Motion Graphics,Design Skills,Motion Graphics,4,,tool,Design Skills
Video Editing,Design Skills,Video Editing,4,,tool,Design Skills
Final Cut Pro,Design Skills,Final Cut Pro,4,,tool,Design Skills
Premiere Pro,Design Skills,Premiere Pro,4,,tool,Design Skills
After Effects,Design Skills,After Effects,4,,tool,Design Skills
network security,IT Infrastructure & Security,Network Security,4,,tool,IT Infrastructure & Security
firewall,IT Infrastructure & Security,Firewall,4,,tool,IT Infrastructure & Security
vpn,IT Infrastructure & Security,VPN,4,,tool,IT Infrastructure & Security
active directory,IT Infrastructure & Security,Active Directory,4,,tool,IT Infrastructure & Security
windows server,IT Infrastructure & Security,Windows Server,4,,tool,IT Infrastructure & Security
linux administration,IT Infrastructure & Security,Linux Administration,4,,tool,IT Infrastructure & Security
patch management,IT Infrastructure & Security,Patch Management,4,,tool,IT Infrastructure & Security
siem,IT Infrastructure & Security,SIEM,4,,tool,IT Infrastructure & Security
penetration testing,IT Infrastructure & Security,Penetration Testing,4,,tool,IT Infrastructure & Security
vulnerability assessment,IT Infrastructure & Security,Vulnerability Assessment,4,,tool,IT Infrastructure & Security
itil,IT Infrastructure & Security,ITIL,4,,tool,IT Infrastructure & Security
service desk,IT Infrastructure & Security,Service Desk,4,,tool,IT Infrastructure & Security
helpdesk,IT Infrastructure & Security,Helpdesk,4,,tool,IT Infrastructure & Security
office 365,IT Infrastructure & Security,Office 365,4,,tool,IT Infrastructure & Security
azure ad,IT Infrastructure & Security,Azure AD,4,,tool,IT Infrastructure & Security
load balancing,IT Infrastructure & Security,Load Balancing,4,,tool,IT Infrastructure & Security
disaster recovery,IT Infrastructure & Security,Disaster Recovery,4,,tool,IT Infrastructure & Security
business continuity,IT Infrastructure & Security,Business Continuity,4,,tool,IT Infrastructure & Security
supply chain management,Operations & Logistics,Supply Chain Management,3,,hard,Operations & Logistics
warehouse management,Operations & Logistics,Warehouse Management,3,,hard,Operations & Logistics
fleet management,Operations & Logistics,Fleet Management,3,,hard,Operations & Logistics
demand planning,Operations & Logistics,Demand Planning,3,,hard,Operations & Logistics
purchase order,Operations & Logistics,Purchase Order,3,,hard,Operations & Logistics
vendor management,Operations & Logistics,Vendor Management,3,,hard,Operations & Logistics
import export,Operations & Logistics,Import Export,3,,hard,Operations & Logistics
customs clearance,Operations & Logistics,Customs Clearance,3,,hard,Operations & Logistics
erp,Operations & Logistics,ERP,3,,hard,Operations & Logistics
sap wm,Operations & Logistics,SAP WM,3,,hard,Operations & Logistics
lean manufacturing,Operations & Logistics,Lean Manufacturing,3,,hard,Operations & Logistics
six sigma,Operations & Logistics,Six Sigma,3,,hard,Operations & Logistics
5s,Operations & Logistics,5S,3,,hard,Operations & Logistics
tpm,Operations & Logistics,TPM,3,,hard,Operations & Logistics
value stream mapping,Operations & Logistics,Value Stream Mapping,3,,hard,Operations & Logistics
financial analysis,Finance & Accounting,Financial Analysis,3,,hard,Finance & Accounting
financial reporting,Finance & Accounting,Financial Reporting,3,,hard,Finance & Accounting
financial modeling,Finance & Accounting,Financial Modeling,3,,hard,Finance & Accounting
variance analysis,Finance & Accounting,Variance Analysis,3,,hard,Finance & Accounting
cost accounting,Finance & Accounting,Cost Accounting,3,,hard,Finance & Accounting
management accounting,Finance & Accounting,Management Accounting,3,,hard,Finance & Accounting
tax preparation,Finance & Accounting,Tax Preparation,3,,hard,Finance & Accounting
gst,Finance & Accounting,GST,3,,hard,Finance & Accounting
tds,Finance & Accounting,TDS,3,,hard,Finance & Accounting
ifrs,Finance & Accounting,IFRS,3,,hard,Finance & Accounting
gaap,Finance & Accounting,GAAP,3,,hard,Finance & Accounting
internal audit,Finance & Accounting,Internal Audit,3,,hard,Finance & Accounting
external audit,Finance & Accounting,External Audit,3,,hard,Finance & Accounting
risk management,Finance & Accounting,Risk Management,3,,hard,Finance & Accounting
treasury management,Finance & Accounting,Treasury Management,3,,hard,Finance & Accounting
investment banking,Finance & Accounting,Investment Banking,3,,hard,Finance & Accounting
equity research,Finance & Accounting,Equity Research,3,,hard,Finance & Accounting
portfolio management,Finance & Accounting,Portfolio Management,3,,hard,Finance & Accounting
credit analysis,Finance & Accounting,Credit Analysis,3,,hard,Finance & Accounting
insurance,Finance & Accounting,Insurance,3,,hard,Finance & Accounting
patient care,Healthcare & Clinical,Patient Care,3,,hard,Healthcare & Clinical
clinical trials,Healthcare & Clinical,Clinical Trials,3,,hard,Healthcare & Clinical
pharmacovigilance,Healthcare & Clinical,Pharmacovigilance,3,,hard,Healthcare & Clinical
drug safety,Healthcare & Clinical,Drug Safety,3,,hard,Healthcare & Clinical
medical coding,Healthcare & Clinical,Medical Coding,3,,hard,Healthcare & Clinical
icd-10,Healthcare & Clinical,ICD-10,3,,hard,Healthcare & Clinical
cpt coding,Healthcare & Clinical,CPT Coding,3,,hard,Healthcare & Clinical
medical billing,Healthcare & Clinical,Medical Billing,3,,hard,Healthcare & Clinical
phlebotomy,Healthcare & Clinical,Phlebotomy,3,,hard,Healthcare & Clinical
ecg,Healthcare & Clinical,ECG,3,,hard,Healthcare & Clinical
vital signs,Healthcare & Clinical,Vital Signs,3,,hard,Healthcare & Clinical
wound care,Healthcare & Clinical,Wound Care,3,,hard,Healthcare & Clinical
infection control,Healthcare & Clinical,Infection Control,3,,hard,Healthcare & Clinical
patient assessment,Healthcare & Clinical,Patient Assessment,3,,hard,Healthcare & Clinical
clinical documentation,Healthcare & Clinical,Clinical Documentation,3,,hard,Healthcare & Clinical
telemedicine,Healthcare & Clinical,Telemedicine,3,,hard,Healthcare & Clinical
mental health,Healthcare & Clinical,Mental Health,3,,hard,Healthcare & Clinical
behavioral health,Healthcare & Clinical,Behavioral Health,3,,hard,Healthcare & Clinical
speech therapy,Healthcare & Clinical,Speech Therapy,3,,hard,Healthcare & Clinical
occupational therapy,Healthcare & Clinical,Occupational Therapy,3,,hard,Healthcare & Clinical
mechanical engineering,Engineering & Manufacturing,Mechanical Engineering,3,,hard,Engineering & Manufacturing
civil engineering,Engineering & Manufacturing,Civil Engineering,3,,hard,Engineering & Manufacturing
electrical engineering,Engineering & Manufacturing,Electrical Engineering,3,,hard,Engineering & Manufacturing
chemical engineering,Engineering & Manufacturing,Chemical Engineering,3,,hard,Engineering & Manufacturing
industrial engineering,Engineering & Manufacturing,Industrial Engineering,3,,hard,Engineering & Manufacturing
product design,Engineering & Manufacturing,Product Design,3,,hard,Engineering & Manufacturing
finite element analysis,Engineering & Manufacturing,Finite Element Analysis,3,,hard,Engineering & Manufacturing
cfd,Engineering & Manufacturing,CFD,3,,hard,Engineering & Manufacturing
plc programming,Engineering & Manufacturing,PLC Programming,3,,hard,Engineering & Manufacturing
scada,Engineering & Manufacturing,SCADA,3,,hard,Engineering & Manufacturing
cnc machining,Engineering & Manufacturing,CNC Machining,3,,hard,Engineering & Manufacturing
sheet metal,Engineering & Manufacturing,Sheet Metal,3,,hard,Engineering & Manufacturing
injection molding,Engineering & Manufacturing,Injection Molding,3,,hard,Engineering & Manufacturing
casting,Engineering & Manufacturing,Casting,3,,hard,Engineering & Manufacturing
forging,Engineering & Manufacturing,Forging,3,,hard,Engineering & Manufacturing
heat treatment,Engineering & Manufacturing,Heat Treatment,3,,hard,Engineering & Manufacturing
ndt,Engineering & Manufacturing,NDT,3,,hard,Engineering & Manufacturing
gd&t,Engineering & Manufacturing,GD&T,3,,hard,Engineering & Manufacturing
tolerance analysis,Engineering & Manufacturing,Tolerance Analysis,3,,hard,Engineering & Manufacturing
bom,Engineering & Manufacturing,BOM,3,,hard,Engineering & Manufacturing
quality management system,Quality,Quality Management System,8,,hard,Quality
iso 9001,Quality,ISO 9001,8,,hard,Quality
iso 14001,Quality,ISO 14001,8,,hard,Quality
iso 45001,Quality,ISO 45001,8,,hard,Quality
iatf 16949,Quality,IATF 16949,8,,hard,Quality
as9100,Quality,AS9100,8,,hard,Quality
fmea,Quality,FMEA,8,,hard,Quality
control plan,Quality,Control Plan,8,,hard,Quality
ppap,Quality,PPAP,8,,hard,Quality
apqp,Quality,APQP,8,,hard,Quality
spc,Quality,SPC,8,,hard,Quality
msa,Quality,MSA,8,,hard,Quality
8d problem solving,Quality,8D Problem Solving,8,,hard,Quality
root cause analysis,Quality,Root Cause Analysis,8,,hard,Quality
corrective action,Quality,Corrective Action,8,,hard,Quality
preventive action,Quality,Preventive Action,8,,hard,Quality
incoming inspection,Quality,Incoming Inspection,8,,hard,Quality
in-process inspection,Quality,In-Process Inspection,8,,hard,Quality
final inspection,Quality,Final Inspection,8,,hard,Quality
customer complaint,Quality,Customer Complaint Handling,7,Customer Complaint Handling,hard,Quality
production planning,Manufacturing,Production Planning,8,,hard,Manufacturing
capacity planning,Manufacturing,Capacity Planning,8,,hard,Manufacturing
material requirement planning,Manufacturing,Material Requirement Planning,8,,hard,Manufacturing
mrp,Manufacturing,MRP,8,,hard,Manufacturing
erp production,Manufacturing,ERP Production,8,,hard,Manufacturing
batch record,Manufacturing,Batch Record,8,,hard,Manufacturing
yield management,Manufacturing,Yield Management,8,,hard,Manufacturing
downtime analysis,Manufacturing,Downtime Analysis,8,,hard,Manufacturing
preventive maintenance,Manufacturing,Preventive Maintenance,8,,hard,Manufacturing
breakdown maintenance,Manufacturing,Breakdown Maintenance,8,,hard,Manufacturing
pmp,Certifications,PMP,5,project management professional,hard,Certifications
prince2,Certifications,PRINCE2,5,,hard,Certifications
six sigma black belt,Certifications,Six Sigma Black Belt,5,,hard,Certifications
six sigma green belt,Certifications,Six Sigma Green Belt,5,,hard,Certifications
aws certified,Certifications,AWS Certified,5,aws certification,hard,Certifications
azure certified,Certifications,Azure Certified,5,microsoft azure certified,hard,Certifications
google cloud certified,Certifications,Google Cloud Certified,5,gcp certified,hard,Certifications
ccna,Certifications,CCNA,5,cisco certified network associate,hard,Certifications
ccnp,Certifications,CCNP,5,cisco certified network professional,hard,Certifications
cisa,Certifications,CISA,5,,hard,Certifications
cism,Certifications,CISM,5,,hard,Certifications
comptia security+,Certifications,CompTIA Security+,5,,hard,Certifications
comptia a+,Certifications,CompTIA A+,5,,hard,Certifications
comptia network+,Certifications,CompTIA Network+,5,,hard,Certifications
itil v4,Certifications,ITIL V4,5,itil 4,hard,Certifications
scrum master,Certifications,Scrum Master,5,,hard,Certifications
csm,Certifications,CSM,5,,hard,Certifications
safe agile,Certifications,SAFe Agile,5,,hard,Certifications
cfa,Certifications,CFA,5,,hard,Certifications
frm,Certifications,FRM,5,,hard,Certifications
ca,Certifications,CA,5,,hard,Certifications
cma,Certifications,CMA,5,,hard,Certifications
team management,Soft Skills,Team Management,2,,soft,Soft Skills
conflict resolution,Soft Skills,Conflict Resolution,2,,soft,Soft Skills
negotiation skills,Soft Skills,Negotiation Skills,2,,soft,Soft Skills
stakeholder management,Soft Skills,Stakeholder Management,2,,soft,Soft Skills
change management,Soft Skills,Change Management,2,,soft,Soft Skills
strategic thinking,Soft Skills,Strategic Thinking,2,,soft,Soft Skills
critical thinking,Soft Skills,Critical Thinking,2,,soft,Soft Skills
decision making,Soft Skills,Decision Making,2,,soft,Soft Skills
problem solving,Soft Skills,Problem Solving,2,,soft,Soft Skills
time management,Soft Skills,Time Management,2,,soft,Soft Skills
project management,Soft Skills,Project Management,2,,soft,Soft Skills
cross functional collaboration,Soft Skills,Cross Functional Collaboration,2,,soft,Soft Skills
customer service,Soft Skills,Customer Service,2,,soft,Soft Skills
public speaking,Soft Skills,Public Speaking,2,,soft,Soft Skills
interpersonal skills,Soft Skills,Interpersonal Skills,2,,soft,Soft Skills
ibm os/390,Technical (Software & Programming),IBM OS/390,4,os/390|mvs,tool,Technical (Software & Programming)
z/os mvs,Technical (Software & Programming),z/OS MVS,4,zos|z os|mvs,tool,Technical (Software & Programming)
cics,Technical (Software & Programming),CICS,4,customer information control system,tool,Technical (Software & Programming)
jcl,Technical (Software & Programming),JCL,4,job control language,tool,Technical (Software & Programming)
natural,Technical (Software & Programming),NATURAL,4,software ag natural,tool,Technical (Software & Programming)
rexx,Technical (Software & Programming),REXX,4,restructured extended executor,tool,Technical (Software & Programming)
db2,Technical (Software & Programming),DB2,4,ibm db2,tool,Technical (Software & Programming)
vsam,Technical (Software & Programming),VSAM,4,virtual storage access method,tool,Technical (Software & Programming)
file-aid,Technical (Software & Programming),File-Aid,4,file aid,tool,Technical (Software & Programming)
xpeditor,Technical (Software & Programming),Xpeditor,4,abend-aid xpeditor|abend aid xpeditor,tool,Technical (Software & Programming)
endevor,Technical (Software & Programming),Endevor,4,ca endevor,tool,Technical (Software & Programming)
solve,Technical (Software & Programming),SOLVE,4,ca solve,tool,Technical (Software & Programming)
sas,Technical (Software & Programming),SAS,4,statistical analysis system,tool,Technical (Software & Programming)
ca-7,Technical (Software & Programming),CA-7,4,ca7,tool,Technical (Software & Programming)
ca-view,Technical (Software & Programming),CA-View,4,caview|ca view,tool,Technical (Software & Programming)
pegasys,Technical (Software & Programming),Pegasys,4,,tool,Technical (Software & Programming)
infoman,Technical (Software & Programming),Infoman,4,info man,tool,Technical (Software & Programming)
clear quest,Technical (Software & Programming),Clear Quest,4,clearquest,tool,Technical (Software & Programming)
elips,Technical (Software & Programming),Elips,4,,tool,Technical (Software & Programming)
ca-intertest,Technical (Software & Programming),CA-Intertest,4,caintertest|ca intertest,tool,Technical (Software & Programming)
connect: direct,Technical (Software & Programming),Connect: Direct,4,connect direct|ndm,tool,Technical (Software & Programming)
ftp,Technical (Software & Programming),FTP,4,file transfer protocol,tool,Technical (Software & Programming)
SME,Finance,subject matter expert,5,Business,,
apiproduction,IT,apiproduction,7,API,,
DEFAULTER,Finance,defaulter,5,Credit Management,,
diplomachemical,Education,"diplomachemical, diploma in chemical engineering",4,Chemical Engineering,,
P.S ACCOUNTANT,Finance,"accountant, acccountant, account executive, accounts executive, account officer, account assistant, accountants, accountent",9,Finance,,
plant accounts lead,Finance,plant accounts lead,8,Finance,,
plant finance controller,Finance,plant finance controller,9,Finance,,
office admin,Administration,"office admin, administration, admin",8,Administration,,
Application Engineer,Engineering,application engineer,8,Engineering,,
Prodution Supervisor,Manufacturing,"production supervisor, prodution supervisor",8,Production,,
21 Cfr,Quality,21 cfr,8,Regulatory,,
2D,CAD,"2d, 2d drafting",8,CAD,,
2D Drafting,CAD,3d,8,CAD,,
3D,Manufacturing,"5 s, 5-s, 5's, 5s implementation, 5's implementation, 5s system",9,Lean Manufacturing,,
5 s,Quality,why why analysis,8,Root Cause Analysis,,
5S,Quality,"7 qc, 7qc, 7 qc tools, 7qc tools",8,Quality Tools,,
5's,Quality,"8d, 8d report",8,Problem Solving,,
5-s,SAP,abap,9,SAP,,
5S implementaion,Electrical,ac drives,8,Automation,,
5S implementation,Education,academic,3,Education,,
5's Implementation,Education,academic audit,6,Education,,
5S System,Finance,"account, accounting, accountancy, acounting",10,Finance,,
Why Why Analysis,Finance,"account and finance, accounts finance accounting, accounts & finance",10,Finance,,
7 QC,Finance,"accounting taxation, account and taxation, accounts and taxation",9,Finance,,
7 qc tools,Finance,"account finalisation, account upto finalization, accounts finalisation, accounts finalization",9,Accounting,,
7Qc,Finance,"account payable, accounts payable, account payables, account payble",9,Accounting,,
7qc tools,Finance,"account receivable, account receivable & payables, account receivble, accounts receivable",9,Accounting,,
8D,Finance,"account reconciliation, account reconciliations, accounts reconciliation",9,Accounting,,
8D Report,Finance,"account management, account planning, account planning and management",8,Sales,,
ABAP,Finance,"accounts closing, accounts closure",8,Accounting,,
AC Drives,Finance,"account handling, accounts handling",8,Accounting,,
Academic,Finance,"account gst work, accounting gst tds vat invoice",9,Taxation,,
academic audit,Finance,advance tax,8,Taxation,,
acccount management,Finance,accounts head,8,Finance,,
acccountant,Finance,accounts management,8,Finance,,
Acccounting and Finance,Finance,accruals,8,Accounting,,
accident investigation,Banking,ach,7,Banking,,
Account and Finance,Administration,"admin, administration",7,Administration,,
account and taxation,Design,adobe,6,Design,,
Account Assistant,Office,"adv excel, advance excel, advance ms excel",9,MS Office,,
Account,Marketing,advertisement,6,Marketing,,
Account Executive,Consulting,advisor,5,Consulting,,
account finalisation,Consulting,advisory services,6,Consulting,,
account finance taxation finalization,Legal,advocate,5,Legal,,
Account GST wORK,Engineering,aerospace,7,Engineering,,
Account Handling,Customer Service,after sales service,8,Customer Support,,
Account Head seeking roles in Accounting,Laboratory,agilent,7,Laboratory,,
Account Management,Finance,aging report,8,Accounting,,
Account Manager,Agriculture,"agri, agriculture",7,Agriculture,,
Account Mapping,Agriculture,"agro chemicals, agrochemicals",8,Agriculture,,
Account Officer,Agriculture,agronomy,7,Agriculture,,
Account Payable,Pharma,ahu system qualification,8,HVAC Validation,,
Account Payables,Manufacturing,alcp,5,Manufacturing,,
account payble,Manufacturing,"aluminium, aluminium doors and windows",7,Metals,,
Account Planning,Finance,allocation,6,Accounting,,
account planning and management,Manufacturing,along with resource allocation and machine,7,Production Planning,,
Account Receivable,Finance,alternative investments,8,Finance,,
account receivable & payables,Analytics,alteryx,8,Analytics,,
account receivble,Finance,amortization,8,Accounting,,
Account Reconciliation,Analytics,analysis,7,Analytics,,
account reconciliations,Analytics,analyst,7,Analytics,,
Account Services,Soft Skills,"analytical, analytical skill, analytical skills, analytical thinking, analytical mind, analytical problem solving, analytical problem solving organizational skills",8,Problem Solving,,
Account Team Manager,Laboratory,"analytical chemist, analytical chemistry associate",9,Chemistry,,
Account to Report,Laboratory,analytical method development,8,Analytical Chemistry,,
account upto finalization,Laboratory,analytical method validation,8,Analytical Chemistry,,
accountability,Analytics,analytics,8,Data Analytics,,
Accountancy,Instrumentation,analyzer,7,Instrumentation,,
Accountant,Android,android,8,Mobile Development,,
Accountant & Consultant,Web Development,angularjs,8,Frontend Development,,
accountant accounts executive,Design,animation,6,Multimedia,,
accountants,Location,ankleshwar,2,Gujarat,,
ACCOUNTENT,Finance,annual budgets,8,Finance,,
Accounting,,,,,,
accounting applications,,,,,,
Accounting Auditing Finance Tax,,,,,,
accounting concepts,,,,,,
Accounting data entry,,,,,,
Accounting Entries,,,,,,
Accounting GST TDS vat invoice,,,,,,
accounting issues,,,,,,
accounting taxation,,,,,,
Accounts,,,,,,
Accounts & Finance,,,,,,
Accounts and Taxation,,,,,,
Accounts Assistant,,,,,,
Accounts Associate,,,,,,
accounts auditing,,,,,,
Accounts Closing,,,,,,
Accounts Closure,,,,,,
Accounts Finalisation,,,,,,
Accounts Finalization,,,,,,
accounts finance accounting,,,,,,
accounts finance tax audit,,,,,,
Accounts Handling,,,,,,
accounts head,,,,,,
Accounts Management,,,,,,
accounts payable,,,,,,
accounts production,,,,,,
accounts receivable,,,,,,
Accounts Reconciliation,,,,,,
accruals,,,,,,
ACH,,,,,,
acounting,,,,,,
Acquisition,,,,,,
Adhesives,,,,,,
admin,,,,,,
Administration,,,,,,
Adobe,,,,,,
Adv. Excel,,,,,,
Advance Excel,,,,,,
advance ms excel,,,,,,
Advance Tax,,,,,,
Advertisement,,,,,,
advisor,,,,,,
Advisory Services,,,,,,
advocate,,,,,,
Aerospace,,,,,,
After Sales Service,,,,,,
Agilent,,,,,,
Aging Report,,,,,,
Agri,,,,,,
Agriculture,,,,,,
agriculture related sku s,,,,,,
Agro Chemicals,,,,,,
agro emulsifier product,,,,,,
Agrochemicals,,,,,,
Agronomy,,,,,,
AHU System qualification,,,,,,
aif formation,,,,,,
ALCP,,,,,,
aliments,,,,,,
all accounting work,,,,,,
all fertilizers,,,,,,
All QC-QMS documents,,,,,,
allocation,,,,,,
along with resource allocation and machine,,,,,,
alternative investments,,,,,,
alteryx,,,,,,
Aluminium,,,,,,
aluminium doors and windows,,,,,,
Amaze accounting s,,,,,,
ambitious,,,,,,
amendment,,,,,,
Amortization,,,,,,
AMV,,,,,,
analysis,,,,,,
Analyst,,,,,,
Analytical,,,,,,
Analytical Assurance Well conversant with chemical & instrumental analysis,,,,,,
Analytical Chemist,,,,,,
Analytical Chemistry Associate,,,,,,
Analytical method development,,,,,,
analytical method validation,,,,,,
Analytical Mind,,,,,,
analytical problem solving,,,,,,
analytical problem solving organizational skills,,,,,,
analytical skill,,,,,,
analytical skills,,,,,,
analytical thinking,,,,,,
analytics,,,,,,
analyzer,,,,,,
analyzing information,,,,,,
Analyzing Problems,,,,,,
Analyzing various processes,,,,,,
anaytical,,,,,,
Anchor,,,,,,
Android,,,,,,
Angularjs,,,,,,
animation,,,,,,
Ankleshwar,,,,,,
Annual Budgets,,,,,,
annual improvement plans for process re-engineering,Domain-Specific / Other,Annual Improvement Plans For Process Re-Engineering,5,,hard,Domain-Specific / Other
Annual Report and Accounts Expertise in working in a technically sound environment,IT & Software,Annual Report And Accounts Expertise In Working In A Technically Sound Environment,5,,hard,IT & Software
Annual Reports,Domain-Specific / Other,Annual Reports,5,,hard,Domain-Specific / Other
Annual Return,Domain-Specific / Other,Annual Return,5,,hard,Domain-Specific / Other
Annual Returns,Domain-Specific / Other,Annual Returns,5,,hard,Domain-Specific / Other
Ansible,Domain-Specific / Other,Ansible,5,,hard,Domain-Specific / Other
Ansys Workbench,Domain-Specific / Other,Ansys Workbench,5,,hard,Domain-Specific / Other
Ant,Domain-Specific / Other,Ant,5,,hard,Domain-Specific / Other
anti dumping,Domain-Specific / Other,Anti Dumping,5,,hard,Domain-Specific / Other
ANVISA,Domain-Specific / Other,Anvisa,5,,hard,Domain-Specific / Other
ANY GOVT RELATED MATTER AND TRAVEL,Domain-Specific / Other,Any Govt Related Matter And Travel,5,,hard,Domain-Specific / Other
AP,Domain-Specific / Other,Ap,5,,hard,Domain-Specific / Other
ap ar and gl,Domain-Specific / Other,Ap Ar And Gl,5,,hard,Domain-Specific / Other
Ap Helpdesk,Domain-Specific / Other,Ap Helpdesk,5,,hard,Domain-Specific / Other
Apache,Domain-Specific / Other,Apache,5,,hard,Domain-Specific / Other
Apache Maven,Domain-Specific / Other,Apache Maven,5,,hard,Domain-Specific / Other
apex,Domain-Specific / Other,Apex,5,,hard,Domain-Specific / Other
API,IT & Software,Api,5,,hard,IT & Software
API manufacturing,IT & Software,Api Manufacturing,5,,hard,IT & Software
API Manufacturing USFDA,IT & Software,Api Manufacturing Usfda,5,,hard,IT & Software
Api Production,IT & Software,Api Production,5,,hard,IT & Software
API Production Documentation,IT & Software,Api Production Documentation,5,,hard,IT & Software
API production Organic Chemistry,IT & Software,Api Production Organic Chemistry,5,,hard,IT & Software
API Testing,IT & Software,Api Testing,5,,hard,IT & Software
apparatus and prepare standard solutions,IT & Software,Apparatus And Prepare Standard Solutions,5,,hard,IT & Software
Apparel,IT & Software,Apparel,5,,hard,IT & Software
Application Development,IT & Software,Application Development,5,,hard,IT & Software
Application Engineering,IT & Software,Application Engineering,5,,hard,IT & Software
Application Server,IT & Software,Application Server,5,,hard,IT & Software
Application Support,IT & Software,Application Support,5,,hard,IT & Software
Application Testing,IT & Software,Application Testing,5,,hard,IT & Software
applications and recommending process changes,IT & Software,Applications And Recommending Process Changes,5,,hard,IT & Software
applying man power,IT & Software,Applying Man Power,5,,hard,IT & Software
appraising the member&apos,IT & Software,Appraising The Member&Apos,5,,hard,IT & Software
approval and training of Standard operating procedures,IT & Software,Approval And Training Of Standard Operating Procedures,5,,hard,IT & Software
Apqp,Domain-Specific / Other,Apqp,5,,hard,Domain-Specific / Other
apt,Domain-Specific / Other,Apt,5,,hard,Domain-Specific / Other
apt(autonomous production team),Operations & Production,Apt(Autonomous Production Team),5,,soft,Operations & Production
AR,Domain-Specific / Other,Ar,5,,hard,Domain-Specific / Other
ar & ap,Domain-Specific / Other,Ar & Ap,5,,hard,Domain-Specific / Other
Arabic,Domain-Specific / Other,Arabic,5,,hard,Domain-Specific / Other
arc,Domain-Specific / Other,Arc,5,,hard,Domain-Specific / Other
architect,Domain-Specific / Other,Architect,5,,hard,Domain-Specific / Other
area,Domain-Specific / Other,Area,5,,hard,Domain-Specific / Other
arm,Domain-Specific / Other,Arm,5,,hard,Domain-Specific / Other
Article,Design Skills,Article,5,,hard,Design Skills
Artifatory,Design Skills,Artifatory,5,,hard,Design Skills
Artificial Intelligence,Design Skills,Artificial Intelligence,5,,hard,Design Skills
Artist,Design Skills,Artist,5,,hard,Design Skills
As a production engineer it is my responsibility t,IT & Software,As A Production Engineer It Is My Responsibility T,5,,hard,IT & Software
As a production engineer it is my responsibility to supervise shift,IT & Software,As A Production Engineer It Is My Responsibility To Supervise Shift,5,,hard,IT & Software
As A production Executive Manpower handaling,Operations & Production,As A Production Executive Manpower Handaling,5,,hard,Operations & Production
as a qualified and experienced candidate,Domain-Specific / Other,As A Qualified And Experienced Candidate,5,,hard,Domain-Specific / Other
as Field and DCS,Domain-Specific / Other,As Field And Dcs,5,,hard,Domain-Specific / Other
as production incharge,Operations & Production,As Production Incharge,5,,hard,Operations & Production
as( SENIOR OFFICER ) production chemist with shift in charge in injectable plant,Operations & Production,As( Senior Officer ) Production Chemist With Shift In Charge In Injectable Plant,5,,hard,Operations & Production
AS400,Domain-Specific / Other,As400,5,,hard,Domain-Specific / Other
Aseptic Processing,Domain-Specific / Other,Aseptic Processing,5,,hard,Domain-Specific / Other
ASME Codes,Domain-Specific / Other,Asme Codes,5,,hard,Domain-Specific / Other
ASNT Level II,Domain-Specific / Other,Asnt Level Ii,5,,hard,Domain-Specific / Other
ASP.NET,Domain-Specific / Other,Asp.Net,5,,hard,Domain-Specific / Other
ASPEN,Domain-Specific / Other,Aspen,5,,hard,Domain-Specific / Other
Aspen basics.,Domain-Specific / Other,Aspen Basics.,5,,hard,Domain-Specific / Other
ASPEN HYSY,Domain-Specific / Other,Aspen Hysy,5,,hard,Domain-Specific / Other
Assembling,Domain-Specific / Other,Assembling,5,,hard,Domain-Specific / Other
Assembly,Domain-Specific / Other,Assembly,5,,hard,Domain-Specific / Other
assembly and packaging machine operator,Domain-Specific / Other,Assembly And Packaging Machine Operator,5,,hard,Domain-Specific / Other
assembly line,Domain-Specific / Other,Assembly Line,5,,hard,Domain-Specific / Other
Assembly Line Production,Operations & Production,Assembly Line Production,5,,hard,Operations & Production
Assembly Operations,Domain-Specific / Other,Assembly Operations,5,,hard,Domain-Specific / Other
Assembly Planning,Domain-Specific / Other,Assembly Planning,5,,hard,Domain-Specific / Other
Assembly Process,Domain-Specific / Other,Assembly Process,5,,hard,Domain-Specific / Other
Assembly Production,Operations & Production,Assembly Production,5,,hard,Operations & Production
Assembly Production Production Engineering,Operations & Production,Assembly Production Production Engineering,5,,hard,Operations & Production
Assembly Shop,Domain-Specific / Other,Assembly Shop,5,,hard,Domain-Specific / Other
Assessment,Domain-Specific / Other,Assessment,5,,hard,Domain-Specific / Other
assessments,Domain-Specific / Other,Assessments,5,,hard,Domain-Specific / Other
assessments handlings,Domain-Specific / Other,Assessments Handlings,5,,hard,Domain-Specific / Other
Asset Accounting,Finance & Accounts,Asset Accounting,5,,hard,Finance & Accounts
asset and investment management,Domain-Specific / Other,Asset And Investment Management,5,,hard,Domain-Specific / Other
Asset management,Domain-Specific / Other,Asset Management,5,,hard,Domain-Specific / Other
Asset Reconstruction,Domain-Specific / Other,Asset Reconstruction,5,,hard,Domain-Specific / Other
Asset Verification,Domain-Specific / Other,Asset Verification,5,,hard,Domain-Specific / Other
Assets creation in SAP,Domain-Specific / Other,Assets Creation In Sap,5,,hard,Domain-Specific / Other
assets recovery,Domain-Specific / Other,Assets Recovery,5,,hard,Domain-Specific / Other
Assistant,Domain-Specific / Other,Assistant,5,,hard,Domain-Specific / Other
assistant accountant,Domain-Specific / Other,Assistant Accountant,5,,hard,Domain-Specific / Other
Assistant Accounts Manager,Domain-Specific / Other,Assistant Accounts Manager,5,,hard,Domain-Specific / Other
Assistant Engineer,Operations & Production,Assistant Engineer,5,,hard,Operations & Production
Assistant Manager,Domain-Specific / Other,Assistant Manager,5,,hard,Domain-Specific / Other
Assistant Manager- Accounts,Domain-Specific / Other,Assistant Manager- Accounts,5,,hard,Domain-Specific / Other
Assistant manager production,Operations & Production,Assistant Manager Production,5,,hard,Operations & Production
Assistant Manager-Accounts,Domain-Specific / Other,Assistant Manager-Accounts,5,,hard,Domain-Specific / Other
Assistant Production Manager,Operations & Production,Assistant Production Manager,5,,hard,Operations & Production
assistant production manager chemical,Operations & Production,Assistant Production Manager Chemical,5,,hard,Operations & Production
Assistant Vice President,Domain-Specific / Other,Assistant Vice President,5,,hard,Domain-Specific / Other
assisting in preparation of financial statement and tax audit,Finance & Accounts,Assisting In Preparation Of Financial Statement And Tax Audit,5,,hard,Finance & Accounts
Associate,Domain-Specific / Other,Associate,5,,hard,Domain-Specific / Other
Associate Chief Manager,Domain-Specific / Other,Associate Chief Manager,5,,hard,Domain-Specific / Other
Associate Manager-Accounts & Taxation,Finance & Accounts,Associate Manager-Accounts & Taxation,5,,hard,Finance & Accounts
asst manager,Domain-Specific / Other,Asst Manager,5,,hard,Domain-Specific / Other
ASST MANAGER PRODUCTION,Operations & Production,Asst Manager Production,5,,hard,Operations & Production
asst. manager,Domain-Specific / Other,Asst. Manager,5,,hard,Domain-Specific / Other
Asst.Manager,Domain-Specific / Other,Asst.Manager,5,,hard,Domain-Specific / Other
Assurance,Domain-Specific / Other,Assurance,5,,hard,Domain-Specific / Other
Assurance & Production Synthetic Organic Chemistry,Operations & Production,Assurance & Production Synthetic Organic Chemistry,5,,hard,Operations & Production
Assy Shop,Domain-Specific / Other,Assy Shop,5,,hard,Domain-Specific / Other
ASTM,Domain-Specific / Other,Astm,5,,hard,Domain-Specific / Other
atg,Domain-Specific / Other,Atg,5,,hard,Domain-Specific / Other
attendance,Domain-Specific / Other,Attendance,5,,hard,Domain-Specific / Other
attending & finalising Excise,Domain-Specific / Other,Attending & Finalising Excise,5,,hard,Domain-Specific / Other
attending excise authorities for excise related matter. Worked Experience in Sarna Chemicals Pvt. Ltd. (Vapi) : Assisting A,IT & Software,Attending Excise Authorities For Excise Related Matter. Worked Experience In Sarna Chemicals Pvt. Ltd. (Vapi) : Assisting A,5,,hard,IT & Software
Attention To Detail,Domain-Specific / Other,Attention To Detail,5,,hard,Domain-Specific / Other
Audit,Finance & Accounts,Audit,5,,hard,Finance & Accounts
audit & reconciliation,IT & Software,Audit & Reconciliation,5,,hard,IT & Software
audit and compliance,IT & Software,Audit And Compliance,5,,hard,IT & Software
audit and internal controls. Hardworking self-starter possessing strong analytical,IT & Software,Audit And Internal Controls. Hardworking Self-Starter Possessing Strong Analytical,5,,hard,IT & Software
Audit And Tax Executive,IT & Software,Audit And Tax Executive,5,,hard,IT & Software
Audit Assistant,IT & Software,Audit Assistant,5,,hard,IT & Software
Audit Compliance,IT & Software,Audit Compliance,5,,hard,IT & Software
audit compliances,IT & Software,Audit Compliances,5,,hard,IT & Software
audit coordination,IT & Software,Audit Coordination,5,,hard,IT & Software
Audit Cost Accounting,IT & Software,Audit Cost Accounting,5,,hard,IT & Software
Audit Documentation,IT & Software,Audit Documentation,5,,hard,IT & Software
Audit Facilitation,IT & Software,Audit Facilitation,5,,hard,IT & Software
audit management,IT & Software,Audit Management,5,,hard,IT & Software
Audit Planning,IT & Software,Audit Planning,5,,hard,IT & Software
Audit Report,IT & Software,Audit Report,5,,hard,IT & Software
audit reporting,IT & Software,Audit Reporting,5,,hard,IT & Software
audit reports,IT & Software,Audit Reports,5,,hard,IT & Software
audit risk,IT & Software,Audit Risk,5,,hard,IT & Software
Audit Trail,IT & Software,Audit Trail,5,,hard,IT & Software
auditing,Finance & Accounts,Auditing,5,,hard,Finance & Accounts
Auditing Management Accounting,Finance & Accounts,Auditing Management Accounting,5,,hard,Finance & Accounts
Auditing-Internal & Statutory,Finance & Accounts,Auditing-Internal & Statutory,5,,hard,Finance & Accounts
auditor,Finance & Accounts,Auditor,5,,hard,Finance & Accounts
AuditReport,Finance & Accounts,Auditreport,5,,hard,Finance & Accounts
audits,Finance & Accounts,Audits,5,,hard,Finance & Accounts
Audits – statutory,Finance & Accounts,Audits – Statutory,5,,hard,Finance & Accounts
Aum Reconciliation,Domain-Specific / Other,Aum Reconciliation,5,,hard,Domain-Specific / Other
Australian Accounting,Finance & Accounts,Australian Accounting,5,,hard,Finance & Accounts
Authorization,Domain-Specific / Other,Authorization,5,,hard,Domain-Specific / Other
Auto Ancillary,Domain-Specific / Other,Auto Ancillary,5,,hard,Domain-Specific / Other
auto cad,Domain-Specific / Other,Auto Cad,5,,hard,Domain-Specific / Other
Auto Parts,Design Skills,Auto Parts,5,,hard,Design Skills
AUTOCAD,Domain-Specific / Other,Autocad,5,,hard,Domain-Specific / Other
AutoCAD 2D,Domain-Specific / Other,Autocad 2D,5,,hard,Domain-Specific / Other
AutoCAD 3D,Domain-Specific / Other,Autocad 3D,5,,hard,Domain-Specific / Other
AutoCAD Drawing,Domain-Specific / Other,Autocad Drawing,5,,hard,Domain-Specific / Other
AutoCAD Mechanical,Operations & Production,Autocad Mechanical,5,,hard,Operations & Production
Autoclave,Domain-Specific / Other,Autoclave,5,,hard,Domain-Specific / Other
Automation,Domain-Specific / Other,Automation,5,,hard,Domain-Specific / Other
automation of accounts,Domain-Specific / Other,Automation Of Accounts,5,,hard,Domain-Specific / Other
Automation Testing,Domain-Specific / Other,Automation Testing,5,,hard,Domain-Specific / Other
Automobile,Domain-Specific / Other,Automobile,5,,hard,Domain-Specific / Other
automobile components,Domain-Specific / Other,Automobile Components,5,,hard,Domain-Specific / Other
Automobile Engineering,Operations & Production,Automobile Engineering,5,,hard,Operations & Production
Automobile Production,Operations & Production,Automobile Production,5,,hard,Operations & Production
Automobiles,Domain-Specific / Other,Automobiles,5,,hard,Domain-Specific / Other
Automotive,Domain-Specific / Other,Automotive,5,,hard,Domain-Specific / Other
automotive industry,Domain-Specific / Other,Automotive Industry,5,,hard,Domain-Specific / Other
Autonomous Maintenance,Operations & Production,Autonomous Maintenance,5,,hard,Operations & Production
Autotitrator,Domain-Specific / Other,Autotitrator,5,,hard,Domain-Specific / Other
Avoiding machine downtime with superior supervision of machine.,Domain-Specific / Other,Avoiding Machine Downtime With Superior Supervision Of Machine.,5,,hard,Domain-Specific / Other
Azure,IT & Software,Azure,5,,hard,IT & Software
B.E,Domain-Specific / Other,B.E,5,,hard,Domain-Specific / Other
B.E.in Chemical,Domain-Specific / Other,B.E.In Chemical,5,,hard,Domain-Specific / Other
B.tech,IT & Software,B.Tech,5,,hard,IT & Software
B2B Sales,Sales & Marketing,B2B Sales,5,,hard,Sales & Marketing
ba,Domain-Specific / Other,Ba,5,,hard,Domain-Specific / Other
Back Office,Domain-Specific / Other,Back Office,5,,hard,Domain-Specific / Other
Back Office Payables,Finance & Accounts,Back Office Payables,5,,hard,Finance & Accounts
Backend Operation,IT & Software,Backend Operation,5,,hard,IT & Software
Balaji Garden,Domain-Specific / Other,Balaji Garden,5,,hard,Domain-Specific / Other
balance,Domain-Specific / Other,Balance,5,,hard,Domain-Specific / Other
balance confirmation letters,Domain-Specific / Other,Balance Confirmation Letters,5,,hard,Domain-Specific / Other
Balance sheet,Finance & Accounts,Balance Sheet,5,,hard,Finance & Accounts
Balance Sheet Accounts,Finance & Accounts,Balance Sheet Accounts,5,,hard,Finance & Accounts
balance sheet analysis,Finance & Accounts,Balance Sheet Analysis,5,,hard,Finance & Accounts
Balance Sheet Finalisation,Finance & Accounts,Balance Sheet Finalisation,5,,hard,Finance & Accounts
balance sheet finalization,Finance & Accounts,Balance Sheet Finalization,5,,hard,Finance & Accounts
Balance Sheet Management,Finance & Accounts,Balance Sheet Management,5,,hard,Finance & Accounts
Balance Sheet Preparation,Finance & Accounts,Balance Sheet Preparation,5,,hard,Finance & Accounts
Balance Sheet Reconciliation,Finance & Accounts,Balance Sheet Reconciliation,5,,hard,Finance & Accounts
Balance Sheet Review,Finance & Accounts,Balance Sheet Review,5,,hard,Finance & Accounts
Balance Sheet. Statutory Compliance work,Finance & Accounts,Balance Sheet. Statutory Compliance Work,5,,hard,Finance & Accounts
Balance Sheets,Finance & Accounts,Balance Sheets,5,,hard,Finance & Accounts
Balancesheet,Domain-Specific / Other,Balancesheet,5,,hard,Domain-Specific / Other
Bank,Domain-Specific / Other,Bank,5,,hard,Domain-Specific / Other
bank account reconciliation,Domain-Specific / Other,Bank Account Reconciliation,5,,hard,Domain-Specific / Other
Bank Accounting,Finance & Accounts,Bank Accounting,5,,hard,Finance & Accounts
BANK ACCOUNTS COMMERCIAL ROC OTHERS,Domain-Specific / Other,Bank Accounts Commercial Roc Others,5,,hard,Domain-Specific / Other
Bank audit,Finance & Accounts,Bank Audit,5,,hard,Finance & Accounts
Bank Audits,Finance & Accounts,Bank Audits,5,,hard,Finance & Accounts
bank book,Domain-Specific / Other,Bank Book,5,,hard,Domain-Specific / Other
Bank Charges,Domain-Specific / Other,Bank Charges,5,,hard,Domain-Specific / Other
bank co-ordination,Domain-Specific / Other,Bank Co-Ordination,5,,hard,Domain-Specific / Other
Bank Dealing,Domain-Specific / Other,Bank Dealing,5,,hard,Domain-Specific / Other
bank guarantee,Domain-Specific / Other,Bank Guarantee,5,,hard,Domain-Specific / Other
bank guarantee processing,Domain-Specific / Other,Bank Guarantee Processing,5,,hard,Domain-Specific / Other
Bank Guarantees,Domain-Specific / Other,Bank Guarantees,5,,hard,Domain-Specific / Other
Bank Limit,Domain-Specific / Other,Bank Limit,5,,hard,Domain-Specific / Other
Bank Position,Domain-Specific / Other,Bank Position,5,,hard,Domain-Specific / Other
bank Reco.,Domain-Specific / Other,Bank Reco.,5,,hard,Domain-Specific / Other
bank reconcilation,Domain-Specific / Other,Bank Reconcilation,5,,hard,Domain-Specific / Other
Bank Reconciliation,Domain-Specific / Other,Bank Reconciliation,5,,hard,Domain-Specific / Other
Bank Reconciliation Analyst,Domain-Specific / Other,Bank Reconciliation Analyst,5,,hard,Domain-Specific / Other
Bank Reconciliation Management Accounting,Finance & Accounts,Bank Reconciliation Management Accounting,5,,hard,Finance & Accounts
Bank Reconciliation Statement,Domain-Specific / Other,Bank Reconciliation Statement,5,,hard,Domain-Specific / Other
Bank Reconciliation TDS Return,Finance & Accounts,Bank Reconciliation Tds Return,5,,hard,Finance & Accounts
bank reconciliation.,Domain-Specific / Other,Bank Reconciliation.,5,,hard,Domain-Specific / Other
Bank Reconciliations,Domain-Specific / Other,Bank Reconciliations,5,,hard,Domain-Specific / Other
BANK RECONCILLATION,Domain-Specific / Other,Bank Reconcillation,5,,hard,Domain-Specific / Other
Bank Reconsilation,Domain-Specific / Other,Bank Reconsilation,5,,hard,Domain-Specific / Other
Bank recording,Domain-Specific / Other,Bank Recording,5,,hard,Domain-Specific / Other
Bank Statement Tally,Domain-Specific / Other,Bank Statement Tally,5,,hard,Domain-Specific / Other
Bank Transfer Account & SB Accounts,Domain-Specific / Other,Bank Transfer Account & Sb Accounts,5,,hard,Domain-Specific / Other
Bank Voucher,Domain-Specific / Other,Bank Voucher,5,,hard,Domain-Specific / Other
Bank voucher entry and preparation,Domain-Specific / Other,Bank Voucher Entry And Preparation,5,,hard,Domain-Specific / Other
Bank Work,Domain-Specific / Other,Bank Work,5,,hard,Domain-Specific / Other
Banking,Domain-Specific / Other,Banking,5,,hard,Domain-Specific / Other
banking & finance,Finance & Accounts,Banking & Finance,5,,hard,Finance & Accounts
Banking and Fixed Assets Accounting.,Finance & Accounts,Banking And Fixed Assets Accounting.,5,,hard,Finance & Accounts
Banking and Oversees Remittance,Domain-Specific / Other,Banking And Oversees Remittance,5,,hard,Domain-Specific / Other
Banking Management,Domain-Specific / Other,Banking Management,5,,hard,Domain-Specific / Other
Banking Operation,Domain-Specific / Other,Banking Operation,5,,hard,Domain-Specific / Other
Banking Operations,Domain-Specific / Other,Banking Operations,5,,hard,Domain-Specific / Other
banking process,Domain-Specific / Other,Banking Process,5,,hard,Domain-Specific / Other
Banking Sales,Sales & Marketing,Banking Sales,5,,hard,Sales & Marketing
BANKING WORKS,Domain-Specific / Other,Banking Works,5,,hard,Domain-Specific / Other
Bankreconciliation,Domain-Specific / Other,Bankreconciliation,5,,hard,Domain-Specific / Other
Barcode,Domain-Specific / Other,Barcode,5,,hard,Domain-Specific / Other
base line drift,Domain-Specific / Other,Base Line Drift,5,,hard,Domain-Specific / Other
base line noise,Domain-Specific / Other,Base Line Noise,5,,hard,Domain-Specific / Other
based on production order put the raw material request. ▪,Operations & Production,Based On Production Order Put The Raw Material Request. ▪,5,,hard,Operations & Production
Basic,Domain-Specific / Other,Basic,5,,hard,Domain-Specific / Other
basic 7 qc tools,Domain-Specific / Other,Basic 7 Qc Tools,5,,hard,Domain-Specific / Other
Basic accounting,Finance & Accounts,Basic Accounting,5,,hard,Finance & Accounts
basic accounting & finalization,Finance & Accounts,Basic Accounting & Finalization,5,,hard,Finance & Accounts
basic computer,Domain-Specific / Other,Basic Computer,5,,hard,Domain-Specific / Other
basic computer knowledge,Domain-Specific / Other,Basic Computer Knowledge,5,,hard,Domain-Specific / Other
Basic knowledge of computer,Domain-Specific / Other,Basic Knowledge Of Computer,5,,hard,Domain-Specific / Other
basis,Domain-Specific / Other,Basis,5,,hard,Domain-Specific / Other
batch charging,Domain-Specific / Other,Batch Charging,5,,hard,Domain-Specific / Other
Batch Management,Domain-Specific / Other,Batch Management,5,,hard,Domain-Specific / Other
Batch Manufacturing,Operations & Production,Batch Manufacturing,5,,hard,Operations & Production
Batch Manufacturing Production Supervising,Operations & Production,Batch Manufacturing Production Supervising,5,,hard,Operations & Production
Batch Planning,Domain-Specific / Other,Batch Planning,5,,hard,Domain-Specific / Other
Batch Processing,Domain-Specific / Other,Batch Processing,5,,hard,Domain-Specific / Other
Batch Production,Operations & Production,Batch Production,5,,hard,Operations & Production
batch production. Mass production. Manmangement production and planning control,Operations & Production,Batch Production. Mass Production. Manmangement Production And Planning Control,5,,hard,Operations & Production
Batch Scale-up,Domain-Specific / Other,Batch Scale-Up,5,,hard,Domain-Specific / Other
batch scheduling,Domain-Specific / Other,Batch Scheduling,5,,hard,Domain-Specific / Other
Batching Plant,Operations & Production,Batching Plant,5,,hard,Operations & Production
battery manufacturing company,Operations & Production,Battery Manufacturing Company,5,,hard,Operations & Production
Bcom,Domain-Specific / Other,Bcom,5,,hard,Domain-Specific / Other
Bcom Accounting,Finance & Accounts,Bcom Accounting,5,,hard,Finance & Accounts
BE Automobile,Domain-Specific / Other,Be Automobile,5,,hard,Domain-Specific / Other
BE CHEMICAL,Domain-Specific / Other,Be Chemical,5,,hard,Domain-Specific / Other
BE chemical Engineering,Operations & Production,Be Chemical Engineering,5,,hard,Operations & Production
BE( chemical engineer),Operations & Production,Be( Chemical Engineer),5,,hard,Operations & Production
Bead winding,Domain-Specific / Other,Bead Winding,5,,hard,Domain-Specific / Other
bearings,Domain-Specific / Other,Bearings,5,,hard,Domain-Specific / Other
Benchmarking,Domain-Specific / Other,Benchmarking,5,,hard,Domain-Specific / Other
bending,Domain-Specific / Other,Bending,5,,hard,Domain-Specific / Other
benefits administration,Domain-Specific / Other,Benefits Administration,5,,hard,Domain-Specific / Other
bengali,Domain-Specific / Other,Bengali,5,,hard,Domain-Specific / Other
besic exel,Domain-Specific / Other,Besic Exel,5,,hard,Domain-Specific / Other
best employee,HR & Recruitment,Best Employee,5,,hard,HR & Recruitment
best practices,Domain-Specific / Other,Best Practices,5,,hard,Domain-Specific / Other
Better human behavior Executive Production,Operations & Production,Better Human Behavior Executive Production,5,,hard,Operations & Production
Beverage,Domain-Specific / Other,Beverage,5,,hard,Domain-Specific / Other
BFD,Domain-Specific / Other,Bfd,5,,hard,Domain-Specific / Other
BGL 360,Domain-Specific / Other,Bgl 360,5,,hard,Domain-Specific / Other
bi (business and intelligence),Domain-Specific / Other,Bi (Business And Intelligence),5,,hard,Domain-Specific / Other
BIBO,Domain-Specific / Other,Bibo,5,,hard,Domain-Specific / Other
Big Data,IT & Software,Big Data,5,,hard,IT & Software
big data query,IT & Software,Big Data Query,5,,hard,IT & Software
bill passing,Domain-Specific / Other,Bill Passing,5,,hard,Domain-Specific / Other
Bill passing & booked in sap,Domain-Specific / Other,Bill Passing & Booked In Sap,5,,hard,Domain-Specific / Other
bill processing,Domain-Specific / Other,Bill Processing,5,,hard,Domain-Specific / Other
billing,Domain-Specific / Other,Billing,5,,hard,Domain-Specific / Other
billing & invoicing,Domain-Specific / Other,Billing & Invoicing,5,,hard,Domain-Specific / Other
billing and accounts receivable,Finance & Accounts,Billing And Accounts Receivable,5,,hard,Finance & Accounts
billing p,Domain-Specific / Other,Billing P,5,,hard,Domain-Specific / Other
bills analysis,Domain-Specific / Other,Bills Analysis,5,,hard,Domain-Specific / Other
Bills Payable,Finance & Accounts,Bills Payable,5,,hard,Finance & Accounts
Bills Receivable,Finance & Accounts,Bills Receivable,5,,hard,Finance & Accounts
Bio,Healthcare & Clinical,Bio,5,,hard,Healthcare & Clinical
bio and naturals,Healthcare & Clinical,Bio And Naturals,5,,hard,Healthcare & Clinical
Bio Chemist,Healthcare & Clinical,Bio Chemist,5,,hard,Healthcare & Clinical
Bio-assay,Healthcare & Clinical,Bio-Assay,5,,hard,Healthcare & Clinical
Biochemistry,Healthcare & Clinical,Biochemistry,5,,hard,Healthcare & Clinical
biology,Healthcare & Clinical,Biology,5,,hard,Healthcare & Clinical
Biotechnology,IT & Software,Biotechnology,5,,hard,IT & Software
Biw,Domain-Specific / Other,Biw,5,,hard,Domain-Specific / Other
Blackline,Domain-Specific / Other,Blackline,5,,hard,Domain-Specific / Other
Blackline reconciliation,Domain-Specific / Other,Blackline Reconciliation,5,,hard,Domain-Specific / Other
Blender,Domain-Specific / Other,Blender,5,,hard,Domain-Specific / Other
Blending,Domain-Specific / Other,Blending,5,,hard,Domain-Specific / Other
Blow Moulding,Domain-Specific / Other,Blow Moulding,5,,hard,Domain-Specific / Other
Blown Film,Domain-Specific / Other,Blown Film,5,,hard,Domain-Specific / Other
Bmr,Domain-Specific / Other,Bmr,5,,hard,Domain-Specific / Other
BMR BPR REVIEW,Domain-Specific / Other,Bmr Bpr Review,5,,hard,Domain-Specific / Other
Bmr Review,Domain-Specific / Other,Bmr Review,5,,hard,Domain-Specific / Other
BOBJ,Domain-Specific / Other,Bobj,5,,hard,Domain-Specific / Other
bom costing,Domain-Specific / Other,Bom Costing,5,,hard,Domain-Specific / Other
bom items,Domain-Specific / Other,Bom Items,5,,hard,Domain-Specific / Other
Bom Preparation,Domain-Specific / Other,Bom Preparation,5,,hard,Domain-Specific / Other
bom purchase,Domain-Specific / Other,Bom Purchase,5,,hard,Domain-Specific / Other
Bond. and Renwal of Lut certificate work,Certifications,Bond. And Renwal Of Lut Certificate Work,5,,hard,Certifications
Bond. Renewal of Lut certificate work,Certifications,Bond. Renewal Of Lut Certificate Work,5,,hard,Certifications
Bonus,Domain-Specific / Other,Bonus,5,,hard,Domain-Specific / Other
Book Closing,Domain-Specific / Other,Book Closing,5,,hard,Domain-Specific / Other
Book debt account,Domain-Specific / Other,Book Debt Account,5,,hard,Domain-Specific / Other
Book debt account. Opening of Foreign L,Domain-Specific / Other,Book Debt Account. Opening Of Foreign L,5,,hard,Domain-Specific / Other
Book Keeping,Domain-Specific / Other,Book Keeping,5,,hard,Domain-Specific / Other
Book keeping with Account Standard and Accounting policy.Return filling of VAT,Finance & Accounts,Book Keeping With Account Standard And Accounting Policy.Return Filling Of Vat,5,,hard,Finance & Accounts
booking,Domain-Specific / Other,Booking,5,,hard,Domain-Specific / Other
Bookkeeping,Domain-Specific / Other,Bookkeeping,5,,hard,Domain-Specific / Other
Bootstrap,Domain-Specific / Other,Bootstrap,5,,hard,Domain-Specific / Other
bopp projects,Domain-Specific / Other,Bopp Projects,5,,hard,Domain-Specific / Other
boppcoating,Domain-Specific / Other,Boppcoating,5,,hard,Domain-Specific / Other
bosch production system etc.,IT & Software,Bosch Production System Etc.,5,,hard,IT & Software
Bottle Line,Domain-Specific / Other,Bottle Line,5,,hard,Domain-Specific / Other
Bottling,Domain-Specific / Other,Bottling,5,,hard,Domain-Specific / Other
bottling operations,Domain-Specific / Other,Bottling Operations,5,,hard,Domain-Specific / Other
BP,Domain-Specific / Other,Bp,5,,hard,Domain-Specific / Other
Bpcs,Domain-Specific / Other,Bpcs,5,,hard,Domain-Specific / Other
BPO,Domain-Specific / Other,Bpo,5,,hard,Domain-Specific / Other
Bpo kpo,Domain-Specific / Other,Bpo Kpo,5,,hard,Domain-Specific / Other
BPO Training,Domain-Specific / Other,Bpo Training,5,,hard,Domain-Specific / Other
Bpr,Domain-Specific / Other,Bpr,5,,hard,Domain-Specific / Other
Bpr Review,Domain-Specific / Other,Bpr Review,5,,hard,Domain-Specific / Other
brainstorming,Domain-Specific / Other,Brainstorming,5,,hard,Domain-Specific / Other
branch,Domain-Specific / Other,Branch,5,,hard,Domain-Specific / Other
Branch A,Domain-Specific / Other,Branch A,5,,hard,Domain-Specific / Other
Branch Accounting,Finance & Accounts,Branch Accounting,5,,hard,Finance & Accounts
Branch Reconciliation,Domain-Specific / Other,Branch Reconciliation,5,,hard,Domain-Specific / Other
Brand,Sales & Marketing,Brand,5,,hard,Sales & Marketing
Brand Management,Sales & Marketing,Brand Management,5,,hard,Sales & Marketing
brand marketing,Sales & Marketing,Brand Marketing,5,,hard,Sales & Marketing
brand strategy,Sales & Marketing,Brand Strategy,5,,hard,Sales & Marketing
branding,Sales & Marketing,Branding,5,,hard,Sales & Marketing
BRC,Domain-Specific / Other,Brc,5,,hard,Domain-Specific / Other
BRCGs,Domain-Specific / Other,Brcgs,5,,hard,Domain-Specific / Other
break down and preventive maintenance review,Operations & Production,Break Down And Preventive Maintenance Review,5,,hard,Operations & Production
Breakdown,Domain-Specific / Other,Breakdown,5,,hard,Domain-Specific / Other
Breakdown Analysis,Domain-Specific / Other,Breakdown Analysis,5,,hard,Domain-Specific / Other
Breakdown Analysis Production Management,Operations & Production,Breakdown Analysis Production Management,5,,hard,Operations & Production
Breakdown Maintenance,Operations & Production,Breakdown Maintenance,5,,hard,Operations & Production
Breathing apparatus,IT & Software,Breathing Apparatus,5,,hard,IT & Software
Brewery,Domain-Specific / Other,Brewery,5,,hard,Domain-Specific / Other
brief of product USP,Domain-Specific / Other,Brief Of Product Usp,5,,hard,Domain-Specific / Other
broad peaks,Domain-Specific / Other,Broad Peaks,5,,hard,Domain-Specific / Other
Broking house,Domain-Specific / Other,Broking House,5,,hard,Domain-Specific / Other
Browserstack,Domain-Specific / Other,Browserstack,5,,hard,Domain-Specific / Other
BRS,Domain-Specific / Other,Brs,5,,hard,Domain-Specific / Other
Bsc,Domain-Specific / Other,Bsc,5,,hard,Domain-Specific / Other
BSS,Domain-Specific / Other,Bss,5,,hard,Domain-Specific / Other
Btech in food technology,IT & Software,Btech In Food Technology,5,,hard,IT & Software
budget,Finance & Accounts,Budget,5,,hard,Finance & Accounts
Budget Analysis,Finance & Accounts,Budget Analysis,5,,hard,Finance & Accounts
Budget Control,Finance & Accounts,Budget Control,5,,hard,Finance & Accounts
Budget Control & Expense Analysis,Finance & Accounts,Budget Control & Expense Analysis,5,,hard,Finance & Accounts
Budget Forecasting,Finance & Accounts,Budget Forecasting,5,,hard,Finance & Accounts
Budget Management,Finance & Accounts,Budget Management,5,,hard,Finance & Accounts
Budget Mgmt,Finance & Accounts,Budget Mgmt,5,,hard,Finance & Accounts
Budget Monitoring,Finance & Accounts,Budget Monitoring,5,,hard,Finance & Accounts
Budget planing & controlling in SAP,Finance & Accounts,Budget Planing & Controlling In Sap,5,,hard,Finance & Accounts
Budget Preparation,Finance & Accounts,Budget Preparation,5,,hard,Finance & Accounts
Budgetary Analysis,Finance & Accounts,Budgetary Analysis,5,,hard,Finance & Accounts
Budgetary Control,Finance & Accounts,Budgetary Control,5,,hard,Finance & Accounts
budgetary control International Accounting,Finance & Accounts,Budgetary Control International Accounting,5,,hard,Finance & Accounts
Budgeting,Finance & Accounts,Budgeting,5,,hard,Finance & Accounts
budgeting & aop,Finance & Accounts,Budgeting & Aop,5,,hard,Finance & Accounts
Budgeting & Forecast Reporting,Finance & Accounts,Budgeting & Forecast Reporting,5,,hard,Finance & Accounts
Budgeting & Forecasting,Finance & Accounts,Budgeting & Forecasting,5,,hard,Finance & Accounts
budgeting & forecasting reporting,Finance & Accounts,Budgeting & Forecasting Reporting,5,,hard,Finance & Accounts
Budgeting and cost control strategies,Finance & Accounts,Budgeting And Cost Control Strategies,5,,hard,Finance & Accounts
budgeting and forecasting,Finance & Accounts,Budgeting And Forecasting,5,,hard,Finance & Accounts
Budgeting and Taxation,Finance & Accounts,Budgeting And Taxation,5,,hard,Finance & Accounts
Budgeting Manager,Finance & Accounts,Budgeting Manager,5,,hard,Finance & Accounts
Budgeting Mgr,Finance & Accounts,Budgeting Mgr,5,,hard,Finance & Accounts
Budgeting production,Finance & Accounts,Budgeting Production,5,,hard,Finance & Accounts
Budgets,Finance & Accounts,Budgets,5,,hard,Finance & Accounts
Budgets & Budgeting,Finance & Accounts,Budgets & Budgeting,5,,hard,Finance & Accounts
Budgets & Budgeting > Annual Budget,Finance & Accounts,Budgets & Budgeting > Annual Budget,5,,hard,Finance & Accounts
Budgets & Budgeting > Budget Analysis,Finance & Accounts,Budgets & Budgeting > Budget Analysis,5,,hard,Finance & Accounts
Bug Fixes,Domain-Specific / Other,Bug Fixes,5,,hard,Domain-Specific / Other
bug life cycle,Domain-Specific / Other,Bug Life Cycle,5,,hard,Domain-Specific / Other
Bug Reporting,Domain-Specific / Other,Bug Reporting,5,,hard,Domain-Specific / Other
building management system,IT & Software,Building Management System,5,,hard,IT & Software
Building Material,Design Skills,Building Material,5,,hard,Design Skills
Building no. 3,Design Skills,Building No. 3,5,,hard,Design Skills
building social networks,IT & Software,Building Social Networks,5,,hard,IT & Software
Bulk,Domain-Specific / Other,Bulk,5,,hard,Domain-Specific / Other
Bulk Drug(API) production,IT & Software,Bulk Drug(Api) Production,5,,hard,IT & Software
BULK DRUGS,Domain-Specific / Other,Bulk Drugs,5,,hard,Domain-Specific / Other
bulk drugs manufacturing,Operations & Production,Bulk Drugs Manufacturing,5,,hard,Operations & Production
Bulk Packing,Domain-Specific / Other,Bulk Packing,5,,hard,Domain-Specific / Other
bulk sales,Sales & Marketing,Bulk Sales,5,,hard,Sales & Marketing
business,Domain-Specific / Other,Business,5,,hard,Domain-Specific / Other
Business Accounting,Finance & Accounts,Business Accounting,5,,hard,Finance & Accounts
Business Advisory,Operations & Production,Business Advisory,5,,hard,Operations & Production
Business Analysis,Domain-Specific / Other,Business Analysis,5,,hard,Domain-Specific / Other
business analyst,Domain-Specific / Other,Business Analyst,5,,hard,Domain-Specific / Other
Business Analytics,Domain-Specific / Other,Business Analytics,5,,hard,Domain-Specific / Other
Business Communication Skills,Soft Skills,Business Communication Skills,5,,soft,Soft Skills
Business Consulting,Domain-Specific / Other,Business Consulting,5,,hard,Domain-Specific / Other
business continuity,Design Skills,Business Continuity,5,,hard,Design Skills
business correspondence,Domain-Specific / Other,Business Correspondence,5,,hard,Domain-Specific / Other
business developement - banking software products,IT & Software,Business Developement - Banking Software Products,5,,hard,IT & Software
Business Development,Domain-Specific / Other,Business Development,5,,hard,Domain-Specific / Other
business development management,Domain-Specific / Other,Business Development Management,5,,hard,Domain-Specific / Other
business development manager,Domain-Specific / Other,Business Development Manager,5,,hard,Domain-Specific / Other
Business Excellence,Domain-Specific / Other,Business Excellence,5,,hard,Domain-Specific / Other
Business Finance,Finance & Accounts,Business Finance,5,,hard,Finance & Accounts
Business Finance Process Developer,IT & Software,Business Finance Process Developer,5,,hard,IT & Software
Business Growth,Domain-Specific / Other,Business Growth,5,,hard,Domain-Specific / Other
Business Intelligence,Domain-Specific / Other,Business Intelligence,5,,hard,Domain-Specific / Other
Business Loan,Domain-Specific / Other,Business Loan,5,,hard,Domain-Specific / Other
business planning,Domain-Specific / Other,Business Planning,5,,hard,Domain-Specific / Other
Business Process,Domain-Specific / Other,Business Process,5,,hard,Domain-Specific / Other
Business Process Improvement,Domain-Specific / Other,Business Process Improvement,5,,hard,Domain-Specific / Other
Business Requirement Analysis,Design Skills,Business Requirement Analysis,5,,hard,Design Skills
Business Research,Domain-Specific / Other,Business Research,5,,hard,Domain-Specific / Other
business services,Domain-Specific / Other,Business Services,5,,hard,Domain-Specific / Other
business standards,Domain-Specific / Other,Business Standards,5,,hard,Domain-Specific / Other
business strategy,Domain-Specific / Other,Business Strategy,5,,hard,Domain-Specific / Other
Business Studies,Domain-Specific / Other,Business Studies,5,,hard,Domain-Specific / Other
business transformation,Domain-Specific / Other,Business Transformation,5,,hard,Domain-Specific / Other
Busy,Domain-Specific / Other,Busy,5,,hard,Domain-Specific / Other
busy-business accounting software,IT & Software,Busy-Business Accounting Software,5,,hard,IT & Software
Buyer Activities,Domain-Specific / Other,Buyer Activities,5,,hard,Domain-Specific / Other
Buyer's credit,Domain-Specific / Other,Buyer'S Credit,5,,hard,Domain-Specific / Other
c,Domain-Specific / Other,C,5,,hard,Domain-Specific / Other
c & Finance Manager in preparations of CMA data,IT & Software,C & Finance Manager In Preparations Of Cma Data,5,,hard,IT & Software
C & Inland L,Domain-Specific / Other,C & Inland L,5,,hard,Domain-Specific / Other
C amendment,Domain-Specific / Other,C Amendment,5,,hard,Domain-Specific / Other
c and in preparations of Tax Audit Report (3CD & 3CA,IT & Software,C And In Preparations Of Tax Audit Report (3Cd & 3Ca,5,,hard,IT & Software
c and limit Adhoc when needed for cash credit account,IT & Software,C And Limit Adhoc When Needed For Cash Credit Account,5,,hard,IT & Software
c and limit Adhoc when needed for working capital of cash credit,IT & Software,C And Limit Adhoc When Needed For Working Capital Of Cash Credit,5,,hard,IT & Software
C Maintenance,Operations & Production,C Maintenance,5,,hard,Operations & Production
C payment arrangement. Maintaining L,Domain-Specific / Other,C Payment Arrangement. Maintaining L,5,,hard,Domain-Specific / Other
C payment arrangement. Proof of Exports file prepared & submission to Excise department of Rebate Claim,Design Skills,C Payment Arrangement. Proof Of Exports File Prepared & Submission To Excise Department Of Rebate Claim,5,,hard,Design Skills
C register,Domain-Specific / Other,C Register,5,,hard,Domain-Specific / Other
C Trouble Shooting,Domain-Specific / Other,C Trouble Shooting,5,,hard,Domain-Specific / Other
C&apos,Domain-Specific / Other,C&Apos,5,,hard,Domain-Specific / Other
C.A. Qualified as Chartered Accountant in May 2003 Born on 20 September,Design Skills,C.A. Qualified As Chartered Accountant In May 2003 Born On 20 September,5,,hard,Design Skills
C++,IT & Software,C++,5,,hard,IT & Software
CA,Domain-Specific / Other,Ca,5,,hard,Domain-Specific / Other
Ca Inter,Domain-Specific / Other,Ca Inter,5,,hard,Domain-Specific / Other
Ca Intern,Domain-Specific / Other,Ca Intern,5,,hard,Domain-Specific / Other
Ca Office,Domain-Specific / Other,Ca Office,5,,hard,Domain-Specific / Other
Cable Manufacturing,Operations & Production,Cable Manufacturing,5,,hard,Operations & Production
Cables,Domain-Specific / Other,Cables,5,,hard,Domain-Specific / Other
CAD,Domain-Specific / Other,Cad,5,,hard,Domain-Specific / Other
CakePHP,Domain-Specific / Other,Cakephp,5,,hard,Domain-Specific / Other
calculation,Domain-Specific / Other,Calculation,5,,hard,Domain-Specific / Other
calculation of corporate taxes,Finance & Accounts,Calculation Of Corporate Taxes,5,,hard,Finance & Accounts
Caliber,Domain-Specific / Other,Caliber,5,,hard,Domain-Specific / Other
Caliber LIMS,Domain-Specific / Other,Caliber Lims,5,,hard,Domain-Specific / Other
Caliberation,Domain-Specific / Other,Caliberation,5,,hard,Domain-Specific / Other
Calibration,Domain-Specific / Other,Calibration,5,,hard,Domain-Specific / Other
Calibration & Validation process,Domain-Specific / Other,Calibration & Validation Process,5,,hard,Domain-Specific / Other
calibration hplc gc,Domain-Specific / Other,Calibration Hplc Gc,5,,hard,Domain-Specific / Other
calibration protocol,Domain-Specific / Other,Calibration Protocol,5,,hard,Domain-Specific / Other
Call Center,Domain-Specific / Other,Call Center,5,,hard,Domain-Specific / Other
cam,Domain-Specific / Other,Cam,5,,hard,Domain-Specific / Other
campaign,Sales & Marketing,Campaign,5,,hard,Sales & Marketing
campaign management,Sales & Marketing,Campaign Management,5,,hard,Sales & Marketing
Can handle finalisation of accounts,Domain-Specific / Other,Can Handle Finalisation Of Accounts,5,,hard,Domain-Specific / Other
can handle the production of SX-EW copper,Operations & Production,Can Handle The Production Of Sx-Ew Copper,5,,hard,Operations & Production
can operate spin flash dryer,Domain-Specific / Other,Can Operate Spin Flash Dryer,5,,hard,Domain-Specific / Other
CAPA,Domain-Specific / Other,Capa,5,,hard,Domain-Specific / Other
CAPA & change control,Domain-Specific / Other,Capa & Change Control,5,,hard,Domain-Specific / Other
capacity,Domain-Specific / Other,Capacity,5,,hard,Domain-Specific / Other
Capacity Analysis,Domain-Specific / Other,Capacity Analysis,5,,hard,Domain-Specific / Other
Capacity Building,Design Skills,Capacity Building,5,,hard,Design Skills
Capacity Calculation,Domain-Specific / Other,Capacity Calculation,5,,hard,Domain-Specific / Other
Capacity enhancement,Domain-Specific / Other,Capacity Enhancement,5,,hard,Domain-Specific / Other
capacity expansion,Domain-Specific / Other,Capacity Expansion,5,,hard,Domain-Specific / Other
Capacity Management,Domain-Specific / Other,Capacity Management,5,,hard,Domain-Specific / Other
capacity planning,Domain-Specific / Other,Capacity Planning,5,,hard,Domain-Specific / Other
Capacity Utilization,Domain-Specific / Other,Capacity Utilization,5,,hard,Domain-Specific / Other
Capex,Domain-Specific / Other,Capex,5,,hard,Domain-Specific / Other
capex accounting,Finance & Accounts,Capex Accounting,5,,hard,Finance & Accounts
Capex Control,Domain-Specific / Other,Capex Control,5,,hard,Domain-Specific / Other
Capex Planning,Domain-Specific / Other,Capex Planning,5,,hard,Domain-Specific / Other
Capex tracking,Domain-Specific / Other,Capex Tracking,5,,hard,Domain-Specific / Other
capital,IT & Software,Capital,5,,hard,IT & Software
Capital Assets,IT & Software,Capital Assets,5,,hard,IT & Software
Capital Budgeting,IT & Software,Capital Budgeting,5,,hard,IT & Software
Capital Expenditure,IT & Software,Capital Expenditure,5,,hard,IT & Software
Capital Expenditures,IT & Software,Capital Expenditures,5,,hard,IT & Software
capital gains tax,IT & Software,Capital Gains Tax,5,,hard,IT & Software
Capital Good,IT & Software,Capital Good,5,,hard,IT & Software
Capital Investment,IT & Software,Capital Investment,5,,hard,IT & Software
Capital Market,IT & Software,Capital Market,5,,hard,IT & Software
Capitalisation,IT & Software,Capitalisation,5,,hard,IT & Software
Capitalization,IT & Software,Capitalization,5,,hard,IT & Software
Capsule Filling,Domain-Specific / Other,Capsule Filling,5,,hard,Domain-Specific / Other
Capsules,Domain-Specific / Other,Capsules,5,,hard,Domain-Specific / Other
Captive Insurance Accounting,Finance & Accounts,Captive Insurance Accounting,5,,hard,Finance & Accounts
Captives Accounting,Finance & Accounts,Captives Accounting,5,,hard,Finance & Accounts
Cardiac,Domain-Specific / Other,Cardiac,5,,hard,Domain-Specific / Other
Cardiovascular,Domain-Specific / Other,Cardiovascular,5,,hard,Domain-Specific / Other
CARO Report.,Domain-Specific / Other,Caro Report.,5,,hard,Domain-Specific / Other
CASA,Domain-Specific / Other,Casa,5,,hard,Domain-Specific / Other
case packer,Domain-Specific / Other,Case Packer,5,,hard,Domain-Specific / Other
Caseware,Domain-Specific / Other,Caseware,5,,hard,Domain-Specific / Other
CASH,Domain-Specific / Other,Cash,5,,hard,Domain-Specific / Other
Cash & Bank Management,Domain-Specific / Other,Cash & Bank Management,5,,hard,Domain-Specific / Other
cash & bank transaction,Domain-Specific / Other,Cash & Bank Transaction,5,,hard,Domain-Specific / Other
Cash Allocation,Domain-Specific / Other,Cash Allocation,5,,hard,Domain-Specific / Other
cash application,IT & Software,Cash Application,5,,hard,IT & Software
Cash Applications,IT & Software,Cash Applications,5,,hard,IT & Software
Cash Book,Domain-Specific / Other,Cash Book,5,,hard,Domain-Specific / Other
cash budget,Finance & Accounts,Cash Budget,5,,hard,Finance & Accounts
cash collection,Domain-Specific / Other,Cash Collection,5,,hard,Domain-Specific / Other
cash discounts,Domain-Specific / Other,Cash Discounts,5,,hard,Domain-Specific / Other
cash flow,Domain-Specific / Other,Cash Flow,5,,hard,Domain-Specific / Other
Cash Flow Analysis,Domain-Specific / Other,Cash Flow Analysis,5,,hard,Domain-Specific / Other
Cash Flow Management,Domain-Specific / Other,Cash Flow Management,5,,hard,Domain-Specific / Other
Cash Flow Mgmt,Domain-Specific / Other,Cash Flow Mgmt,5,,hard,Domain-Specific / Other
cash flow projection,Domain-Specific / Other,Cash Flow Projection,5,,hard,Domain-Specific / Other
Cash Flow Statement,Domain-Specific / Other,Cash Flow Statement,5,,hard,Domain-Specific / Other
cash flow statement preparation,Domain-Specific / Other,Cash Flow Statement Preparation,5,,hard,Domain-Specific / Other
cash flow statements,Domain-Specific / Other,Cash Flow Statements,5,,hard,Domain-Specific / Other
Cash Flows,Domain-Specific / Other,Cash Flows,5,,hard,Domain-Specific / Other
Cash handling,Domain-Specific / Other,Cash Handling,5,,hard,Domain-Specific / Other
Cash Management,Domain-Specific / Other,Cash Management,5,,hard,Domain-Specific / Other
CASH MANAGENET,Domain-Specific / Other,Cash Managenet,5,,hard,Domain-Specific / Other
Cash Payment,Domain-Specific / Other,Cash Payment,5,,hard,Domain-Specific / Other
cash receipts,Domain-Specific / Other,Cash Receipts,5,,hard,Domain-Specific / Other
Cash Reconciliation,Domain-Specific / Other,Cash Reconciliation,5,,hard,Domain-Specific / Other
Cash Voucher,Domain-Specific / Other,Cash Voucher,5,,hard,Domain-Specific / Other
Cashew processing,Domain-Specific / Other,Cashew Processing,5,,hard,Domain-Specific / Other
cashflow,Domain-Specific / Other,Cashflow,5,,hard,Domain-Specific / Other
Cashier,Domain-Specific / Other,Cashier,5,,hard,Domain-Specific / Other
Cashier Activities,Domain-Specific / Other,Cashier Activities,5,,hard,Domain-Specific / Other
cast iron,Domain-Specific / Other,Cast Iron,5,,hard,Domain-Specific / Other
Casting,Domain-Specific / Other,Casting,5,,hard,Domain-Specific / Other
casting production,Operations & Production,Casting Production,5,,hard,Operations & Production
category management,Domain-Specific / Other,Category Management,5,,hard,Domain-Specific / Other
category manager,Domain-Specific / Other,Category Manager,5,,hard,Domain-Specific / Other
catering,Domain-Specific / Other,Catering,5,,hard,Domain-Specific / Other
Catia,Domain-Specific / Other,Catia,5,,hard,Domain-Specific / Other
CATIA V5,Domain-Specific / Other,Catia V5,5,,hard,Domain-Specific / Other
cb content testing,Domain-Specific / Other,Cb Content Testing,5,,hard,Domain-Specific / Other
CBGP,Domain-Specific / Other,Cbgp,5,,hard,Domain-Specific / Other
CC,Domain-Specific / Other,Cc,5,,hard,Domain-Specific / Other
Ccc,Domain-Specific / Other,Ccc,5,,hard,Domain-Specific / Other
CCNP,Domain-Specific / Other,Ccnp,5,,hard,Domain-Specific / Other
CED paint production,Operations & Production,Ced Paint Production,5,,hard,Operations & Production
Cent OS Containerization tool : Docker Cloud Technologies : Amazon Web Service EC2,IT & Software,Cent Os Containerization Tool : Docker Cloud Technologies : Amazon Web Service Ec2,5,,hard,IT & Software
Center Management,Domain-Specific / Other,Center Management,5,,hard,Domain-Specific / Other
Central Excise,Domain-Specific / Other,Central Excise,5,,hard,Domain-Specific / Other
Centrifuge,Domain-Specific / Other,Centrifuge,5,,hard,Domain-Specific / Other
ceramics,Domain-Specific / Other,Ceramics,5,,hard,Domain-Specific / Other
certified industrial acounting course from institute of computer acounts,Certifications,Certified Industrial Acounting Course From Institute Of Computer Acounts,5,,hard,Certifications
Certified Six Sigma Green Belt,Operations & Production,Certified Six Sigma Green Belt,5,,hard,Operations & Production
CFA,Certifications,Cfa,5,,hard,Certifications
CFO,Domain-Specific / Other,Cfo,5,,hard,Domain-Specific / Other
cGLP,Domain-Specific / Other,Cglp,5,,hard,Domain-Specific / Other
cGMP,Domain-Specific / Other,Cgmp,5,,hard,Domain-Specific / Other
CGMP Chemical Production,Operations & Production,Cgmp Chemical Production,5,,hard,Operations & Production
Change control,Domain-Specific / Other,Change Control,5,,hard,Domain-Specific / Other
change management,Domain-Specific / Other,Change Management,5,,hard,Domain-Specific / Other
Channel Accounting,Finance & Accounts,Channel Accounting,5,,hard,Finance & Accounts
Channel Management,Domain-Specific / Other,Channel Management,5,,hard,Domain-Specific / Other
channel partner,Design Skills,Channel Partner,5,,hard,Design Skills
Channel Sale,Domain-Specific / Other,Channel Sale,5,,hard,Domain-Specific / Other
Channel Sales,Sales & Marketing,Channel Sales,5,,hard,Sales & Marketing
Chart Of Accounts,Design Skills,Chart Of Accounts,5,,hard,Design Skills
Chartered Accountant,Design Skills,Chartered Accountant,5,,hard,Design Skills
Chartered Accountant (CA),Design Skills,Chartered Accountant (Ca),5,,hard,Design Skills
Chartered Accountant -Accounts and Tax,Finance & Accounts,Chartered Accountant -Accounts And Tax,5,,hard,Finance & Accounts
Chartered Accountant Financial Accounting,Finance & Accounts,Chartered Accountant Financial Accounting,5,,hard,Finance & Accounts
Chartered Accountant Management Accounting,Finance & Accounts,Chartered Accountant Management Accounting,5,,hard,Finance & Accounts
CharteredAccountants,Design Skills,Charteredaccountants,5,,hard,Design Skills
Charts,Design Skills,Charts,5,,hard,Design Skills
Chatter,Domain-Specific / Other,Chatter,5,,hard,Domain-Specific / Other
chatting,Domain-Specific / Other,Chatting,5,,hard,Domain-Specific / Other
checking accounts,Domain-Specific / Other,Checking Accounts,5,,hard,Domain-Specific / Other
cheerful,Domain-Specific / Other,Cheerful,5,,hard,Domain-Specific / Other
Chemdraw,Domain-Specific / Other,Chemdraw,5,,hard,Domain-Specific / Other
Chemical,Domain-Specific / Other,Chemical,5,,hard,Domain-Specific / Other
Chemical Analysis,Domain-Specific / Other,Chemical Analysis,5,,hard,Domain-Specific / Other
chemical engg,Domain-Specific / Other,Chemical Engg,5,,hard,Domain-Specific / Other
chemical engg.,Domain-Specific / Other,Chemical Engg.,5,,hard,Domain-Specific / Other
Chemical Engineer,Operations & Production,Chemical Engineer,5,,hard,Operations & Production
chemical engineer Production Engineering,Operations & Production,Chemical Engineer Production Engineering,5,,hard,Operations & Production
Chemical Engineering,Operations & Production,Chemical Engineering,5,,hard,Operations & Production
Chemical engineering aspects,Operations & Production,Chemical Engineering Aspects,5,,hard,Operations & Production
Chemical Engineering Production Scheduling,Operations & Production,Chemical Engineering Production Scheduling,5,,hard,Operations & Production
Chemical Handling,Domain-Specific / Other,Chemical Handling,5,,hard,Domain-Specific / Other
Chemical Manufacturing,Operations & Production,Chemical Manufacturing,5,,hard,Operations & Production
chemical plant,Operations & Production,Chemical Plant,5,,hard,Operations & Production
chemical plant operations,Operations & Production,Chemical Plant Operations,5,,hard,Operations & Production
Chemical Process Engineer,Operations & Production,Chemical Process Engineer,5,,hard,Operations & Production
Chemical Process Engineering,Operations & Production,Chemical Process Engineering,5,,hard,Operations & Production
Chemical Processing,Domain-Specific / Other,Chemical Processing,5,,hard,Domain-Specific / Other
Chemical Production,Operations & Production,Chemical Production,5,,hard,Operations & Production
chemical production department,Operations & Production,Chemical Production Department,5,,hard,Operations & Production
Chemical Production Manager,Operations & Production,Chemical Production Manager,5,,hard,Operations & Production
chemical production planning,Operations & Production,Chemical Production Planning,5,,hard,Operations & Production
Chemical Reaction Engineering,IT & Software,Chemical Reaction Engineering,5,,hard,IT & Software
Chemical Research Mgr,Domain-Specific / Other,Chemical Research Mgr,5,,hard,Domain-Specific / Other
Chemical Technologist with chemistry and engineering knowledge for the development,IT & Software,Chemical Technologist With Chemistry And Engineering Knowledge For The Development,5,,hard,IT & Software
Chemical Testing,Domain-Specific / Other,Chemical Testing,5,,hard,Domain-Specific / Other
chemist,Domain-Specific / Other,Chemist,5,,hard,Domain-Specific / Other
Chemist production officer,Operations & Production,Chemist Production Officer,5,,hard,Operations & Production
Chemistry,Domain-Specific / Other,Chemistry,5,,hard,Domain-Specific / Other
Cheque iss ...,Domain-Specific / Other,Cheque Iss ...,5,,hard,Domain-Specific / Other
cheques,Domain-Specific / Other,Cheques,5,,hard,Domain-Specific / Other
chess,Domain-Specific / Other,Chess,5,,hard,Domain-Specific / Other
Chief Accountant,Domain-Specific / Other,Chief Accountant,5,,hard,Domain-Specific / Other
Chief Accounting Officer (CAO),Finance & Accounts,Chief Accounting Officer (Cao),5,,hard,Finance & Accounts
Chief Financial Controller,Domain-Specific / Other,Chief Financial Controller,5,,hard,Domain-Specific / Other
Chief Financial Officer (CFO),Domain-Specific / Other,Chief Financial Officer (Cfo),5,,hard,Domain-Specific / Other
chillers,Operations & Production,Chillers,5,,hard,Operations & Production
Chlorination,Domain-Specific / Other,Chlorination,5,,hard,Domain-Specific / Other
Chocolate,Domain-Specific / Other,Chocolate,5,,hard,Domain-Specific / Other
Chocolate filling,Domain-Specific / Other,Chocolate Filling,5,,hard,Domain-Specific / Other
chocolate Moulding line,Domain-Specific / Other,Chocolate Moulding Line,5,,hard,Domain-Specific / Other
Chocolate processing,Domain-Specific / Other,Chocolate Processing,5,,hard,Domain-Specific / Other
Cinematography,Domain-Specific / Other,Cinematography,5,,hard,Domain-Specific / Other
Cintractor evalustion,Domain-Specific / Other,Cintractor Evalustion,5,,hard,Domain-Specific / Other
Cipet,Domain-Specific / Other,Cipet,5,,hard,Domain-Specific / Other
circuit breaker,IT & Software,Circuit Breaker,5,,hard,IT & Software
circuit breaker panel.,IT & Software,Circuit Breaker Panel.,5,,hard,IT & Software
circular loom production,Operations & Production,Circular Loom Production,5,,hard,Operations & Production
Cisco,Domain-Specific / Other,Cisco,5,,hard,Domain-Specific / Other
CIT Appeal),IT & Software,Cit Appeal),5,,hard,IT & Software
Citrix,Domain-Specific / Other,Citrix,5,,hard,Domain-Specific / Other
Civil,Operations & Production,Civil,5,,hard,Operations & Production
Civil Site,Operations & Production,Civil Site,5,,hard,Operations & Production
clarity,Domain-Specific / Other,Clarity,5,,hard,Domain-Specific / Other
Class VP) Dionex : Ultimate3000 (chromeleon) GC : Shimadzu-2014,HR & Recruitment,Class Vp) Dionex : Ultimate3000 (Chromeleon) Gc : Shimadzu-2014,5,,hard,HR & Recruitment
Clean Room Production,Operations & Production,Clean Room Production,5,,hard,Operations & Production
Cleaning & Sanitation,Operations & Production,Cleaning & Sanitation,5,,hard,Operations & Production
cleaning validation,Operations & Production,Cleaning Validation,5,,hard,Operations & Production
clearing,Domain-Specific / Other,Clearing,5,,hard,Domain-Specific / Other
Clearing Operations,Domain-Specific / Other,Clearing Operations,5,,hard,Domain-Specific / Other
Client Account Manager,Domain-Specific / Other,Client Account Manager,5,,hard,Domain-Specific / Other
client communication,Soft Skills,Client Communication,5,,soft,Soft Skills
client convincing,Domain-Specific / Other,Client Convincing,5,,hard,Domain-Specific / Other
client coordination,Domain-Specific / Other,Client Coordination,5,,hard,Domain-Specific / Other
Client engagement,Domain-Specific / Other,Client Engagement,5,,hard,Domain-Specific / Other
Client Handling,Domain-Specific / Other,Client Handling,5,,hard,Domain-Specific / Other
client interaction,Domain-Specific / Other,Client Interaction,5,,hard,Domain-Specific / Other
Client Management,Domain-Specific / Other,Client Management,5,,hard,Domain-Specific / Other
Client Onboarding,HR & Recruitment,Client Onboarding,5,,hard,HR & Recruitment
Client Relationship,Domain-Specific / Other,Client Relationship,5,,hard,Domain-Specific / Other
Client Relationship Management,Domain-Specific / Other,Client Relationship Management,5,,hard,Domain-Specific / Other
client relationship mgt,Domain-Specific / Other,Client Relationship Mgt,5,,hard,Domain-Specific / Other
Client Service Management,Domain-Specific / Other,Client Service Management,5,,hard,Domain-Specific / Other
client servicing,Domain-Specific / Other,Client Servicing,5,,hard,Domain-Specific / Other
Clinical,Healthcare & Clinical,Clinical,5,,hard,Healthcare & Clinical
Clinical Research,Healthcare & Clinical,Clinical Research,5,,hard,Healthcare & Clinical
closing,Domain-Specific / Other,Closing,5,,hard,Domain-Specific / Other
closing entries,Domain-Specific / Other,Closing Entries,5,,hard,Domain-Specific / Other
Closing Reporting,Domain-Specific / Other,Closing Reporting,5,,hard,Domain-Specific / Other
Cloud Computing,IT & Software,Cloud Computing,5,,hard,IT & Software
CMA,Domain-Specific / Other,Cma,5,,hard,Domain-Specific / Other
CMA Data,IT & Software,Cma Data,5,,hard,IT & Software
CMA Inter,Domain-Specific / Other,Cma Inter,5,,hard,Domain-Specific / Other
CMM,Domain-Specific / Other,Cmm,5,,hard,Domain-Specific / Other
CMR,Domain-Specific / Other,Cmr,5,,hard,Domain-Specific / Other
cms,Domain-Specific / Other,Cms,5,,hard,Domain-Specific / Other
CNC,Domain-Specific / Other,Cnc,5,,hard,Domain-Specific / Other
cnc and vmc mapping,IT & Software,Cnc And Vmc Mapping,5,,hard,IT & Software
CNC Machines,Domain-Specific / Other,Cnc Machines,5,,hard,Domain-Specific / Other
Cnc Operation,Domain-Specific / Other,Cnc Operation,5,,hard,Domain-Specific / Other
CNC Production,Operations & Production,Cnc Production,5,,hard,Operations & Production
CNC Programming,Domain-Specific / Other,Cnc Programming,5,,hard,Domain-Specific / Other
CNC Programming fanuc control,Domain-Specific / Other,Cnc Programming Fanuc Control,5,,hard,Domain-Specific / Other
co ordinance with other dept like electrical inst Production Supervising,Operations & Production,Co Ordinance With Other Dept Like Electrical Inst Production Supervising,5,,hard,Operations & Production
COA,Domain-Specific / Other,Coa,5,,hard,Domain-Specific / Other
coaching,Domain-Specific / Other,Coaching,5,,hard,Domain-Specific / Other
coating,Domain-Specific / Other,Coating,5,,hard,Domain-Specific / Other
cobalt,Domain-Specific / Other,Cobalt,5,,hard,Domain-Specific / Other
coder,Domain-Specific / Other,Coder,5,,hard,Domain-Specific / Other
coding,Domain-Specific / Other,Coding,5,,hard,Domain-Specific / Other
COFEPRIS,Domain-Specific / Other,Cofepris,5,,hard,Domain-Specific / Other
COFEPRIS & ISO 9001-2008. Good exposure in OOS,Operations & Production,Cofepris & Iso 9001-2008. Good Exposure In Oos,5,,hard,Operations & Production
Cognos,Domain-Specific / Other,Cognos,5,,hard,Domain-Specific / Other
cognos impromptu,Domain-Specific / Other,Cognos Impromptu,5,,hard,Domain-Specific / Other
Coil paint production,Operations & Production,Coil Paint Production,5,,hard,Operations & Production
Collaboration,Domain-Specific / Other,Collaboration,5,,hard,Domain-Specific / Other
Collection,Domain-Specific / Other,Collection,5,,hard,Domain-Specific / Other
Collection Executive,Domain-Specific / Other,Collection Executive,5,,hard,Domain-Specific / Other
Collection Management,Domain-Specific / Other,Collection Management,5,,hard,Domain-Specific / Other
COLLECTION MANAGER,Domain-Specific / Other,Collection Manager,5,,hard,Domain-Specific / Other
collection officer,Domain-Specific / Other,Collection Officer,5,,hard,Domain-Specific / Other
collections,Domain-Specific / Other,Collections,5,,hard,Domain-Specific / Other
college,Domain-Specific / Other,College,5,,hard,Domain-Specific / Other
color checking,Domain-Specific / Other,Color Checking,5,,hard,Domain-Specific / Other
color i control,Domain-Specific / Other,Color I Control,5,,hard,Domain-Specific / Other
Colour coating,Domain-Specific / Other,Colour Coating,5,,hard,Domain-Specific / Other
COLOUR I CONTROL,Domain-Specific / Other,Colour I Control,5,,hard,Domain-Specific / Other
com,Domain-Specific / Other,Com,5,,hard,Domain-Specific / Other
Combinatorial and Natural Product Chemistry. Well versed with purification techniques based on chromatography. Sound knowledge in analysis of organic compounds using spectroscopic techniques such as NMR,IT & Software,Combinatorial And Natural Product Chemistry. Well Versed With Purification Techniques Based On Chromatography. Sound Knowledge In Analysis Of Organic Compounds Using Spectroscopic Techniques Such As Nmr,5,,hard,IT & Software
Commerce,Domain-Specific / Other,Commerce,5,,hard,Domain-Specific / Other
commercial,Domain-Specific / Other,Commercial,5,,hard,Domain-Specific / Other
commercial & sales accounting,Sales & Marketing,Commercial & Sales Accounting,5,,hard,Sales & Marketing
commercial accounting,Finance & Accounts,Commercial Accounting,5,,hard,Finance & Accounts
Commercial Activities,Domain-Specific / Other,Commercial Activities,5,,hard,Domain-Specific / Other
Commercial Affairs,Domain-Specific / Other,Commercial Affairs,5,,hard,Domain-Specific / Other
Commercial Finance,Finance & Accounts,Commercial Finance,5,,hard,Finance & Accounts
Commercial Management,Domain-Specific / Other,Commercial Management,5,,hard,Domain-Specific / Other
Commercial Manager,Domain-Specific / Other,Commercial Manager,5,,hard,Domain-Specific / Other
commercial Operation,Domain-Specific / Other,Commercial Operation,5,,hard,Domain-Specific / Other
Commercial Operations,Domain-Specific / Other,Commercial Operations,5,,hard,Domain-Specific / Other
commercial scale up with plant execution and production of API and chemicals. Also represented for the company as technical person in international exhibition. Api Production,IT & Software,Commercial Scale Up With Plant Execution And Production Of Api And Chemicals. Also Represented For The Company As Technical Person In International Exhibition. Api Production,5,,hard,IT & Software
commercial tax,Finance & Accounts,Commercial Tax,5,,hard,Finance & Accounts
Commercial Work,Domain-Specific / Other,Commercial Work,5,,hard,Domain-Specific / Other
commissioning,Domain-Specific / Other,Commissioning,5,,hard,Domain-Specific / Other
Commissioning Manufacturing Engineering,Operations & Production,Commissioning Manufacturing Engineering,5,,hard,Operations & Production
commitment,Domain-Specific / Other,Commitment,5,,hard,Domain-Specific / Other
Committed,Domain-Specific / Other,Committed,5,,hard,Domain-Specific / Other
Commodities,Domain-Specific / Other,Commodities,5,,hard,Domain-Specific / Other
commodity,Domain-Specific / Other,Commodity,5,,hard,Domain-Specific / Other
commodity hedging,Domain-Specific / Other,Commodity Hedging,5,,hard,Domain-Specific / Other
Communication,Soft Skills,Communication,5,,soft,Soft Skills
Communication and Team Work,Soft Skills,Communication And Team Work,5,,soft,Soft Skills
communication protocol,Soft Skills,Communication Protocol,5,,soft,Soft Skills
communication skill,Soft Skills,Communication Skill,5,,soft,Soft Skills
Communication Skills,Soft Skills,Communication Skills,5,,soft,Soft Skills
Communication skills & Team work. -QC,Soft Skills,Communication Skills & Team Work. -Qc,5,,soft,Soft Skills
communicator,Domain-Specific / Other,Communicator,5,,hard,Domain-Specific / Other
communicator negotiator,Domain-Specific / Other,Communicator Negotiator,5,,hard,Domain-Specific / Other
Companies Act,Domain-Specific / Other,Companies Act,5,,hard,Domain-Specific / Other
companies house,Domain-Specific / Other,Companies House,5,,hard,Domain-Specific / Other
Company Accounts,Domain-Specific / Other,Company Accounts,5,,hard,Domain-Specific / Other
Company Audit,Finance & Accounts,Company Audit,5,,hard,Finance & Accounts
Company Law,Domain-Specific / Other,Company Law,5,,hard,Domain-Specific / Other
Company Secretarial,Domain-Specific / Other,Company Secretarial,5,,hard,Domain-Specific / Other
Company Secretary,Domain-Specific / Other,Company Secretary,5,,hard,Domain-Specific / Other
Compensation,Domain-Specific / Other,Compensation,5,,hard,Domain-Specific / Other
competitive analysis,Domain-Specific / Other,Competitive Analysis,5,,hard,Domain-Specific / Other
Competitive Intelligence,Domain-Specific / Other,Competitive Intelligence,5,,hard,Domain-Specific / Other
compilation of financial statements,Domain-Specific / Other,Compilation Of Financial Statements,5,,hard,Domain-Specific / Other
Compiling,Domain-Specific / Other,Compiling,5,,hard,Domain-Specific / Other
complaint,Domain-Specific / Other,Complaint,5,,hard,Domain-Specific / Other
Complaints resolutions,Domain-Specific / Other,Complaints Resolutions,5,,hard,Domain-Specific / Other
Complete Accounting,Finance & Accounts,Complete Accounting,5,,hard,Finance & Accounts
Complete F&A Process Transition and Maintenance,Operations & Production,Complete F&A Process Transition And Maintenance,5,,hard,Operations & Production
Compliance,HR & Recruitment,Compliance,5,,hard,HR & Recruitment
Compliance Management,HR & Recruitment,Compliance Management,5,,hard,HR & Recruitment
Compliance Mgmt,HR & Recruitment,Compliance Mgmt,5,,hard,HR & Recruitment
compliance with metrics,HR & Recruitment,Compliance With Metrics,5,,hard,HR & Recruitment
components,Domain-Specific / Other,Components,5,,hard,Domain-Specific / Other
compounding,Domain-Specific / Other,Compounding,5,,hard,Domain-Specific / Other
Comprehensive,Domain-Specific / Other,Comprehensive,5,,hard,Domain-Specific / Other
Compression,Domain-Specific / Other,Compression,5,,hard,Domain-Specific / Other
compressor maintenance,Operations & Production,Compressor Maintenance,5,,hard,Operations & Production
Compressors,Domain-Specific / Other,Compressors,5,,hard,Domain-Specific / Other
Computax,Finance & Accounts,Computax,5,,hard,Finance & Accounts
Computax Winman,Finance & Accounts,Computax Winman,5,,hard,Finance & Accounts
Computds,Finance & Accounts,Computds,5,,hard,Finance & Accounts
Computer,Domain-Specific / Other,Computer,5,,hard,Domain-Specific / Other
Computer Accountant,Domain-Specific / Other,Computer Accountant,5,,hard,Domain-Specific / Other
computer accounting,Finance & Accounts,Computer Accounting,5,,hard,Finance & Accounts
computer associates packages,Domain-Specific / Other,Computer Associates Packages,5,,hard,Domain-Specific / Other
computer basic knowledge,Domain-Specific / Other,Computer Basic Knowledge,5,,hard,Domain-Specific / Other
Computer Hardware,Domain-Specific / Other,Computer Hardware,5,,hard,Domain-Specific / Other
computer internet knowledge,Domain-Specific / Other,Computer Internet Knowledge,5,,hard,Domain-Specific / Other
Computer knowledge,Domain-Specific / Other,Computer Knowledge,5,,hard,Domain-Specific / Other
Computer Literacy,Domain-Specific / Other,Computer Literacy,5,,hard,Domain-Specific / Other
Computer literate,Domain-Specific / Other,Computer Literate,5,,hard,Domain-Specific / Other
Computer Networking,IT & Software,Computer Networking,5,,hard,IT & Software
computer operating,Domain-Specific / Other,Computer Operating,5,,hard,Domain-Specific / Other
Computer Operator,Domain-Specific / Other,Computer Operator,5,,hard,Domain-Specific / Other
computer proficiency in tally,Domain-Specific / Other,Computer Proficiency In Tally,5,,hard,Domain-Specific / Other
computer skills,Domain-Specific / Other,Computer Skills,5,,hard,Domain-Specific / Other
computer with accounting and busy win 3.5 & Tally ERP 9,Finance & Accounts,Computer With Accounting And Busy Win 3.5 & Tally Erp 9,5,,hard,Finance & Accounts
Concatenate,Domain-Specific / Other,Concatenate,5,,hard,Domain-Specific / Other
concept development,Domain-Specific / Other,Concept Development,5,,hard,Domain-Specific / Other
concept selling and marketing,Sales & Marketing,Concept Selling And Marketing,5,,hard,Sales & Marketing
concepts,Domain-Specific / Other,Concepts,5,,hard,Domain-Specific / Other
Conceptualization,Domain-Specific / Other,Conceptualization,5,,hard,Domain-Specific / Other
Concurrent Audit,Finance & Accounts,Concurrent Audit,5,,hard,Finance & Accounts
condenser welding,Domain-Specific / Other,Condenser Welding,5,,hard,Domain-Specific / Other
Conditional Formatting,Domain-Specific / Other,Conditional Formatting,5,,hard,Domain-Specific / Other
Conducting Trainings,Domain-Specific / Other,Conducting Trainings,5,,hard,Domain-Specific / Other
confict resolution,Domain-Specific / Other,Confict Resolution,5,,hard,Domain-Specific / Other
Configuration,Domain-Specific / Other,Configuration,5,,hard,Domain-Specific / Other
Configurations,Domain-Specific / Other,Configurations,5,,hard,Domain-Specific / Other
Conflict Management,Domain-Specific / Other,Conflict Management,5,,hard,Domain-Specific / Other
Consignment Process,Domain-Specific / Other,Consignment Process,5,,hard,Domain-Specific / Other
consolidation,Domain-Specific / Other,Consolidation,5,,hard,Domain-Specific / Other
Consolidation & Finalization of accounts,Domain-Specific / Other,Consolidation & Finalization Of Accounts,5,,hard,Domain-Specific / Other
consolidation and finalization,Domain-Specific / Other,Consolidation And Finalization,5,,hard,Domain-Specific / Other
constant learning,Domain-Specific / Other,Constant Learning,5,,hard,Domain-Specific / Other
construction,Domain-Specific / Other,Construction,5,,hard,Domain-Specific / Other
Construction Chemicals,Domain-Specific / Other,Construction Chemicals,5,,hard,Domain-Specific / Other
construction management,Domain-Specific / Other,Construction Management,5,,hard,Domain-Specific / Other
consulting,Domain-Specific / Other,Consulting,5,,hard,Domain-Specific / Other
consumable items,Domain-Specific / Other,Consumable Items,5,,hard,Domain-Specific / Other
Consumables,Domain-Specific / Other,Consumables,5,,hard,Domain-Specific / Other
consumables material,Domain-Specific / Other,Consumables Material,5,,hard,Domain-Specific / Other
consumer behaviour,Domain-Specific / Other,Consumer Behaviour,5,,hard,Domain-Specific / Other
consumer offers,Domain-Specific / Other,Consumer Offers,5,,hard,Domain-Specific / Other
Consumer Products,Domain-Specific / Other,Consumer Products,5,,hard,Domain-Specific / Other
Consumption Analysis,Domain-Specific / Other,Consumption Analysis,5,,hard,Domain-Specific / Other
Contact : 9833590159 B. Com.,Domain-Specific / Other,Contact : 9833590159 B. Com.,5,,hard,Domain-Specific / Other
container stuffing plan,Domain-Specific / Other,Container Stuffing Plan,5,,hard,Domain-Specific / Other
Content Management System,IT & Software,Content Management System,5,,hard,IT & Software
CONTEST,Domain-Specific / Other,Contest,5,,hard,Domain-Specific / Other
continious improvement,Domain-Specific / Other,Continious Improvement,5,,hard,Domain-Specific / Other
continuous Hydrogenation,Domain-Specific / Other,Continuous Hydrogenation,5,,hard,Domain-Specific / Other
continuous improvement,Domain-Specific / Other,Continuous Improvement,5,,hard,Domain-Specific / Other
continuous plant,Operations & Production,Continuous Plant,5,,hard,Operations & Production
Continuous Process,Domain-Specific / Other,Continuous Process,5,,hard,Domain-Specific / Other
continuous quality improvement and other innovative techniques and strategies for quality,IT & Software,Continuous Quality Improvement And Other Innovative Techniques And Strategies For Quality,5,,hard,IT & Software
Contra,Domain-Specific / Other,Contra,5,,hard,Domain-Specific / Other
Contract Administration,Domain-Specific / Other,Contract Administration,5,,hard,Domain-Specific / Other
Contract Drafting,Domain-Specific / Other,Contract Drafting,5,,hard,Domain-Specific / Other
Contract Farming,Domain-Specific / Other,Contract Farming,5,,hard,Domain-Specific / Other
Contract Labour,Domain-Specific / Other,Contract Labour,5,,hard,Domain-Specific / Other
contract management,Domain-Specific / Other,Contract Management,5,,hard,Domain-Specific / Other
Contract Manufacturing,Operations & Production,Contract Manufacturing,5,,hard,Operations & Production
Contract Manufacturing Daily Production Planning,Operations & Production,Contract Manufacturing Daily Production Planning,5,,hard,Operations & Production
contractor,Domain-Specific / Other,Contractor,5,,hard,Domain-Specific / Other
Contractor Billing,Domain-Specific / Other,Contractor Billing,5,,hard,Domain-Specific / Other
Contractor Handling,Domain-Specific / Other,Contractor Handling,5,,hard,Domain-Specific / Other
Contracts,Domain-Specific / Other,Contracts,5,,hard,Domain-Specific / Other
contribution,Domain-Specific / Other,Contribution,5,,hard,Domain-Specific / Other
Control,Domain-Specific / Other,Control,5,,hard,Domain-Specific / Other
Control & Monitor the P2P Process,Domain-Specific / Other,Control & Monitor The P2P Process,5,,hard,Domain-Specific / Other
control & trouble shooting for achieving the planned periodic schedules. Conceptualizing & implementing projects,Domain-Specific / Other,Control & Trouble Shooting For Achieving The Planned Periodic Schedules. Conceptualizing & Implementing Projects,5,,hard,Domain-Specific / Other
Control Accounts,Domain-Specific / Other,Control Accounts,5,,hard,Domain-Specific / Other
control and monitor complete heavy manufacturing,Operations & Production,Control And Monitor Complete Heavy Manufacturing,5,,hard,Operations & Production
control charts,Design Skills,Control Charts,5,,hard,Design Skills
Control Exec.,Domain-Specific / Other,Control Exec.,5,,hard,Domain-Specific / Other
Control plan,Domain-Specific / Other,Control Plan,5,,hard,Domain-Specific / Other
control quality,Operations & Production,Control Quality,5,,hard,Operations & Production
Controller,Domain-Specific / Other,Controller,5,,hard,Domain-Specific / Other
Controllership,Domain-Specific / Other,Controllership,5,,hard,Domain-Specific / Other
Controlling,Domain-Specific / Other,Controlling,5,,hard,Domain-Specific / Other
conventional machine,Domain-Specific / Other,Conventional Machine,5,,hard,Domain-Specific / Other
conversion,Domain-Specific / Other,Conversion,5,,hard,Domain-Specific / Other
Convincing Power,Domain-Specific / Other,Convincing Power,5,,hard,Domain-Specific / Other
cooling tower,Domain-Specific / Other,Cooling Tower,5,,hard,Domain-Specific / Other
Cooling Tower etc. ? Regular participation in safety,Design Skills,Cooling Tower Etc. ? Regular Participation In Safety,5,,hard,Design Skills
cooperative,Domain-Specific / Other,Cooperative,5,,hard,Domain-Specific / Other
co-ordinate other functional department like quality control,Operations & Production,Co-Ordinate Other Functional Department Like Quality Control,5,,hard,Operations & Production
coordinate with maintenance teams to achieve cohesiveness,Operations & Production,Coordinate With Maintenance Teams To Achieve Cohesiveness,5,,soft,Operations & Production
Co-ordinate with service and quality Department,Operations & Production,Co-Ordinate With Service And Quality Department,5,,hard,Operations & Production
Coordinating,Domain-Specific / Other,Coordinating,5,,hard,Domain-Specific / Other
coordinating internal activities to ensure on-time & in full delivery performance to customer. ▪,Sales & Marketing,Coordinating Internal Activities To Ensure On-Time & In Full Delivery Performance To Customer. ▪,5,,hard,Sales & Marketing
coordination,Domain-Specific / Other,Coordination,5,,hard,Domain-Specific / Other
co-ordination,Domain-Specific / Other,Co-Ordination,5,,hard,Domain-Specific / Other
Coordination Skills,Domain-Specific / Other,Coordination Skills,5,,hard,Domain-Specific / Other
co-ordination with bank,Domain-Specific / Other,Co-Ordination With Bank,5,,hard,Domain-Specific / Other
coordination with production,Operations & Production,Coordination With Production,5,,hard,Operations & Production
coordinator,Domain-Specific / Other,Coordinator,5,,hard,Domain-Specific / Other
co-ordinator,Domain-Specific / Other,Co-Ordinator,5,,hard,Domain-Specific / Other
Coq,Domain-Specific / Other,Coq,5,,hard,Domain-Specific / Other
core accounting,Finance & Accounts,Core Accounting,5,,hard,Finance & Accounts
Core Banking,Domain-Specific / Other,Core Banking,5,,hard,Domain-Specific / Other
Core Finance,Finance & Accounts,Core Finance,5,,hard,Finance & Accounts
Core Java,IT & Software,Core Java,5,,hard,IT & Software
Core Java Programming,IT & Software,Core Java Programming,5,,hard,IT & Software
Corporate Accounting,Finance & Accounts,Corporate Accounting,5,,hard,Finance & Accounts
corporate action processing,Domain-Specific / Other,Corporate Action Processing,5,,hard,Domain-Specific / Other
Corporate Audit,Finance & Accounts,Corporate Audit,5,,hard,Finance & Accounts
CORPORATE BANKING,Domain-Specific / Other,Corporate Banking,5,,hard,Domain-Specific / Other
Corporate Finance,Finance & Accounts,Corporate Finance,5,,hard,Finance & Accounts
corporate income tax,Finance & Accounts,Corporate Income Tax,5,,hard,Finance & Accounts
Corporate Laws,IT & Software,Corporate Laws,5,,hard,IT & Software
Corporate Management,Domain-Specific / Other,Corporate Management,5,,hard,Domain-Specific / Other
Corporate Munim,Domain-Specific / Other,Corporate Munim,5,,hard,Domain-Specific / Other
corporate planning,Domain-Specific / Other,Corporate Planning,5,,hard,Domain-Specific / Other
Corporate Sale,Domain-Specific / Other,Corporate Sale,5,,hard,Domain-Specific / Other
Corporate Sales,Sales & Marketing,Corporate Sales,5,,hard,Sales & Marketing
Corporate Social Responsibility,Domain-Specific / Other,Corporate Social Responsibility,5,,hard,Domain-Specific / Other
Corporate Strategy,Domain-Specific / Other,Corporate Strategy,5,,hard,Domain-Specific / Other
corporate tax,Finance & Accounts,Corporate Tax,5,,hard,Finance & Accounts
corporate tax laws,IT & Software,Corporate Tax Laws,5,,hard,IT & Software
Corporate Taxation,Finance & Accounts,Corporate Taxation,5,,hard,Finance & Accounts
Corporate Training,Domain-Specific / Other,Corporate Training,5,,hard,Domain-Specific / Other
Corrective Action,Domain-Specific / Other,Corrective Action,5,,hard,Domain-Specific / Other
Corrective Actions,Domain-Specific / Other,Corrective Actions,5,,hard,Domain-Specific / Other
Cost,Domain-Specific / Other,Cost,5,,hard,Domain-Specific / Other
Cost Accountant,Domain-Specific / Other,Cost Accountant,5,,hard,Domain-Specific / Other
Cost Accounting,Finance & Accounts,Cost Accounting,5,,hard,Finance & Accounts
Cost Accounting Finance Control,Finance & Accounts,Cost Accounting Finance Control,5,,hard,Finance & Accounts
Cost Analysis,Domain-Specific / Other,Cost Analysis,5,,hard,Domain-Specific / Other
Cost analysis and savings,Domain-Specific / Other,Cost Analysis And Savings,5,,hard,Domain-Specific / Other
Cost and waste control,Domain-Specific / Other,Cost And Waste Control,5,,hard,Domain-Specific / Other
Cost Audit,Finance & Accounts,Cost Audit,5,,hard,Finance & Accounts
cost audit report,IT & Software,Cost Audit Report,5,,hard,IT & Software
Cost Benefit Analysis,IT & Software,Cost Benefit Analysis,5,,hard,IT & Software
Cost Calculation,Domain-Specific / Other,Cost Calculation,5,,hard,Domain-Specific / Other
Cost Center Accounting,Finance & Accounts,Cost Center Accounting,5,,hard,Finance & Accounts
cost control,Domain-Specific / Other,Cost Control,5,,hard,Domain-Specific / Other
Cost Control & Mechanism,Domain-Specific / Other,Cost Control & Mechanism,5,,hard,Domain-Specific / Other
cost control and organizational skills. Good team player with an ability to cooperate with the team members. Good communication and interpersonal skills.,Soft Skills,Cost Control And Organizational Skills. Good Team Player With An Ability To Cooperate With The Team Members. Good Communication And Interpersonal Skills.,5,,soft,Soft Skills
cost control and Reduction,Domain-Specific / Other,Cost Control And Reduction,5,,hard,Domain-Specific / Other
Cost Controller,Domain-Specific / Other,Cost Controller,5,,hard,Domain-Specific / Other
cost cutting,Domain-Specific / Other,Cost Cutting,5,,hard,Domain-Specific / Other
Cost Effectiveness,Domain-Specific / Other,Cost Effectiveness,5,,hard,Domain-Specific / Other
Cost Efficiency,Domain-Specific / Other,Cost Efficiency,5,,hard,Domain-Specific / Other
Cost Element,Domain-Specific / Other,Cost Element,5,,hard,Domain-Specific / Other
Cost Estimation,Domain-Specific / Other,Cost Estimation,5,,hard,Domain-Specific / Other
Cost management,Domain-Specific / Other,Cost Management,5,,hard,Domain-Specific / Other
Cost Optimization,Domain-Specific / Other,Cost Optimization,5,,hard,Domain-Specific / Other
Cost Planning,Domain-Specific / Other,Cost Planning,5,,hard,Domain-Specific / Other
Cost Point,Domain-Specific / Other,Cost Point,5,,hard,Domain-Specific / Other
Cost Records,Domain-Specific / Other,Cost Records,5,,hard,Domain-Specific / Other
Cost Records & Audit,Finance & Accounts,Cost Records & Audit,5,,hard,Finance & Accounts
Cost Reduction,Domain-Specific / Other,Cost Reduction,5,,hard,Domain-Specific / Other
Cost Reduction Projects,Domain-Specific / Other,Cost Reduction Projects,5,,hard,Domain-Specific / Other
Cost Reporting,Domain-Specific / Other,Cost Reporting,5,,hard,Domain-Specific / Other
cost saving,Domain-Specific / Other,Cost Saving,5,,hard,Domain-Specific / Other
cost saving and capacity improvement. Planning & implementing the preventive & predictive maintenance schedules for improving the overall reliability and safety of plant,Operations & Production,Cost Saving And Capacity Improvement. Planning & Implementing The Preventive & Predictive Maintenance Schedules For Improving The Overall Reliability And Safety Of Plant,5,,hard,Operations & Production
Cost Saving Projects,Domain-Specific / Other,Cost Saving Projects,5,,hard,Domain-Specific / Other
cost savings,Domain-Specific / Other,Cost Savings,5,,hard,Domain-Specific / Other
Cost Sheet,Domain-Specific / Other,Cost Sheet,5,,hard,Domain-Specific / Other
Cost Variance Analysis,Domain-Specific / Other,Cost Variance Analysis,5,,hard,Domain-Specific / Other
Costing,Domain-Specific / Other,Costing,5,,hard,Domain-Specific / Other
COSTING of Modular office furniture,Domain-Specific / Other,Costing Of Modular Office Furniture,5,,hard,Domain-Specific / Other
costs,Domain-Specific / Other,Costs,5,,hard,Domain-Specific / Other
counselling,Domain-Specific / Other,Counselling,5,,hard,Domain-Specific / Other
Counsellor,Domain-Specific / Other,Counsellor,5,,hard,Domain-Specific / Other
Coupa,Domain-Specific / Other,Coupa,5,,hard,Domain-Specific / Other
CPA,Certifications,Cpa,5,,hard,Certifications
cpp,Domain-Specific / Other,Cpp,5,,hard,Domain-Specific / Other
CPU,Domain-Specific / Other,Cpu,5,,hard,Domain-Specific / Other
CPW,Domain-Specific / Other,Cpw,5,,hard,Domain-Specific / Other
CQA,Domain-Specific / Other,Cqa,5,,hard,Domain-Specific / Other
Cream,Domain-Specific / Other,Cream,5,,hard,Domain-Specific / Other
creative,Design Skills,Creative,5,,hard,Design Skills
Creative strategies to solve issues .,Design Skills,Creative Strategies To Solve Issues .,5,,hard,Design Skills
Creative Writing,Design Skills,Creative Writing,5,,hard,Design Skills
Creativity,Soft Skills,Creativity,5,,soft,Soft Skills
Credit,Domain-Specific / Other,Credit,5,,hard,Domain-Specific / Other
Credit analysis,IT & Software,Credit Analysis,5,,hard,IT & Software
Credit Analyst,IT & Software,Credit Analyst,5,,hard,IT & Software
Credit and debit notes,IT & Software,Credit And Debit Notes,5,,hard,IT & Software
credit appraisal,IT & Software,Credit Appraisal,5,,hard,IT & Software
Credit Card,IT & Software,Credit Card,5,,hard,IT & Software
Credit Card Reconciliation,IT & Software,Credit Card Reconciliation,5,,hard,IT & Software
Credit Collection,IT & Software,Credit Collection,5,,hard,IT & Software
Credit control,IT & Software,Credit Control,5,,hard,IT & Software
Credit Control Operations,IT & Software,Credit Control Operations,5,,hard,IT & Software
Credit Executive,IT & Software,Credit Executive,5,,hard,IT & Software
Credit Manager,IT & Software,Credit Manager,5,,hard,IT & Software
Credit Note,IT & Software,Credit Note,5,,hard,IT & Software
credit notes,IT & Software,Credit Notes,5,,hard,IT & Software
Credit officer,IT & Software,Credit Officer,5,,hard,IT & Software
Credit Operation,IT & Software,Credit Operation,5,,hard,IT & Software
credit rating,IT & Software,Credit Rating,5,,hard,IT & Software
credit risk,IT & Software,Credit Risk,5,,hard,IT & Software
Creditor,Domain-Specific / Other,Creditor,5,,hard,Domain-Specific / Other
Creditor Management,Domain-Specific / Other,Creditor Management,5,,hard,Domain-Specific / Other
Creditors,Domain-Specific / Other,Creditors,5,,hard,Domain-Specific / Other
creditors & debtors reconciliation,Domain-Specific / Other,Creditors & Debtors Reconciliation,5,,hard,Domain-Specific / Other
Creditors Ledger,Finance & Accounts,Creditors Ledger,5,,hard,Finance & Accounts
Creditors Management,Domain-Specific / Other,Creditors Management,5,,hard,Domain-Specific / Other
creditors Monitoring day to day accounting functions and ensuring compliance to Accounting Standards. Incorporating cost centers in accounts and involved in authorisation of vouchers. Organising Statutory Audits of Pvt Ltd.,Finance & Accounts,Creditors Monitoring Day To Day Accounting Functions And Ensuring Compliance To Accounting Standards. Incorporating Cost Centers In Accounts And Involved In Authorisation Of Vouchers. Organising Statutory Audits Of Pvt Ltd.,5,,hard,Finance & Accounts
Creditors Payment,Domain-Specific / Other,Creditors Payment,5,,hard,Domain-Specific / Other
Creditors Reconciliation,Domain-Specific / Other,Creditors Reconciliation,5,,hard,Domain-Specific / Other
Creo,Domain-Specific / Other,Creo,5,,hard,Domain-Specific / Other
cricket,Domain-Specific / Other,Cricket,5,,hard,Domain-Specific / Other
Crisis Management,Domain-Specific / Other,Crisis Management,5,,hard,Domain-Specific / Other
Critical Thinking & Ability to take Risk,Domain-Specific / Other,Critical Thinking & Ability To Take Risk,5,,hard,Domain-Specific / Other
CRM,Sales & Marketing,Crm,5,,hard,Sales & Marketing
CRM- Customer Relationship Management,Sales & Marketing,Crm- Customer Relationship Management,5,,hard,Sales & Marketing
CROMOLEON 7.3.1 software GC AND HPLC,IT & Software,Cromoleon 7.3.1 Software Gc And Hplc,5,,hard,IT & Software
Crop Protection and Animal Health and Nutrition,Healthcare & Clinical,Crop Protection And Animal Health And Nutrition,5,,hard,Healthcare & Clinical
Cross Functional,Domain-Specific / Other,Cross Functional,5,,hard,Domain-Specific / Other
Cross Functional Coordination,Domain-Specific / Other,Cross Functional Coordination,5,,hard,Domain-Specific / Other
cross-functional coordination,Domain-Specific / Other,Cross-Functional Coordination,5,,hard,Domain-Specific / Other
Crusher Plant,Operations & Production,Crusher Plant,5,,hard,Operations & Production
crystal report,Domain-Specific / Other,Crystal Report,5,,hard,Domain-Specific / Other
Crystallization,Domain-Specific / Other,Crystallization,5,,hard,Domain-Specific / Other
CS,Domain-Specific / Other,Cs,5,,hard,Domain-Specific / Other
CSS,IT & Software,Css,5,,hard,IT & Software
cst,Domain-Specific / Other,Cst,5,,hard,Domain-Specific / Other
CST return,Domain-Specific / Other,Cst Return,5,,hard,Domain-Specific / Other
Curing,Domain-Specific / Other,Curing,5,,hard,Domain-Specific / Other
currency,Domain-Specific / Other,Currency,5,,hard,Domain-Specific / Other
Currency trading,Domain-Specific / Other,Currency Trading,5,,hard,Domain-Specific / Other
Custodian Activities,Domain-Specific / Other,Custodian Activities,5,,hard,Domain-Specific / Other
Custom clearance,Domain-Specific / Other,Custom Clearance,5,,hard,Domain-Specific / Other
Customer Acquisitions,Sales & Marketing,Customer Acquisitions,5,,hard,Sales & Marketing
Customer Analysis,Sales & Marketing,Customer Analysis,5,,hard,Sales & Marketing
Customer and Channel Partner conferences,Sales & Marketing,Customer And Channel Partner Conferences,5,,hard,Sales & Marketing
Customer and Supplier control,Sales & Marketing,Customer And Supplier Control,5,,hard,Sales & Marketing
Customer Audits,Sales & Marketing,Customer Audits,5,,hard,Sales & Marketing
Customer Care,Sales & Marketing,Customer Care,5,,hard,Sales & Marketing
Customer Engagement,Sales & Marketing,Customer Engagement,5,,hard,Sales & Marketing
Customer focus,Sales & Marketing,Customer Focus,5,,hard,Sales & Marketing
Customer Handling,Sales & Marketing,Customer Handling,5,,hard,Sales & Marketing
customer interaction,Sales & Marketing,Customer Interaction,5,,hard,Sales & Marketing
Customer Quality,Sales & Marketing,Customer Quality,5,,hard,Sales & Marketing
customer relations,Sales & Marketing,Customer Relations,5,,hard,Sales & Marketing
Customer Relationship,Sales & Marketing,Customer Relationship,5,,hard,Sales & Marketing
Customer satisfaction,Sales & Marketing,Customer Satisfaction,5,,hard,Sales & Marketing
customer service,Sales & Marketing,Customer Service,5,,hard,Sales & Marketing
Customer Service Management,Sales & Marketing,Customer Service Management,5,,hard,Sales & Marketing
Customer support,Sales & Marketing,Customer Support,5,,hard,Sales & Marketing
Customer-Focused,Sales & Marketing,Customer-Focused,5,,hard,Sales & Marketing
Customization,Domain-Specific / Other,Customization,5,,hard,Domain-Specific / Other
Customizations&apos,Domain-Specific / Other,Customizations&Apos,5,,hard,Domain-Specific / Other
Customizations. Process Knowledge -Strong in R2R-Record to Report Process,Domain-Specific / Other,Customizations. Process Knowledge -Strong In R2R-Record To Report Process,5,,hard,Domain-Specific / Other
cutting tool,Domain-Specific / Other,Cutting Tool,5,,hard,Domain-Specific / Other
cycle time,Domain-Specific / Other,Cycle Time,5,,hard,Domain-Specific / Other
cycle time analysis,Domain-Specific / Other,Cycle Time Analysis,5,,hard,Domain-Specific / Other
cycle Time Management,Soft Skills,Cycle Time Management,5,,soft,Soft Skills
Cycle time reduction,Domain-Specific / Other,Cycle Time Reduction,5,,hard,Domain-Specific / Other
D,Domain-Specific / Other,D,5,,hard,Domain-Specific / Other
D365,Domain-Specific / Other,D365,5,,hard,Domain-Specific / Other
D365 F&O,Domain-Specific / Other,D365 F&O,5,,hard,Domain-Specific / Other
Daily Accounting,Finance & Accounts,Daily Accounting,5,,hard,Finance & Accounts
Daily Production,Operations & Production,Daily Production,5,,hard,Operations & Production
Daily Production Plannin,Operations & Production,Daily Production Plannin,5,,hard,Operations & Production
Daily Production Planning,Operations & Production,Daily Production Planning,5,,hard,Operations & Production
daily production planning Executive Production,Operations & Production,Daily Production Planning Executive Production,5,,hard,Operations & Production
Daily Production Planning Production Supervising,Operations & Production,Daily Production Planning Production Supervising,5,,hard,Operations & Production
Daily Production Planning Shift Planning,Operations & Production,Daily Production Planning Shift Planning,5,,hard,Operations & Production
Daily production Report,Operations & Production,Daily Production Report,5,,hard,Operations & Production
Daily production reports,Operations & Production,Daily Production Reports,5,,hard,Operations & Production
Daily Report,Domain-Specific / Other,Daily Report,5,,hard,Domain-Specific / Other
Daman 09723814894 t,Domain-Specific / Other,Daman 09723814894 T,5,,hard,Domain-Specific / Other
Dashboards,Domain-Specific / Other,Dashboards,5,,hard,Domain-Specific / Other
data,IT & Software,Data,5,,hard,IT & Software
data accuracy,IT & Software,Data Accuracy,5,,hard,IT & Software
data analysis,IT & Software,Data Analysis,5,,hard,IT & Software
Data Analyst,IT & Software,Data Analyst,5,,hard,IT & Software
Data Analytics,IT & Software,Data Analytics,5,,hard,IT & Software
data center,IT & Software,Data Center,5,,hard,IT & Software
Data Cleanup,IT & Software,Data Cleanup,5,,hard,IT & Software
Data Collection,IT & Software,Data Collection,5,,hard,IT & Software
Data documentation,IT & Software,Data Documentation,5,,hard,IT & Software
Data driven decision,IT & Software,Data Driven Decision,5,,hard,IT & Software
Data driven decisions,IT & Software,Data Driven Decisions,5,,hard,IT & Software
DATA ENTERY,IT & Software,Data Entery,5,,hard,IT & Software
Data Entry,IT & Software,Data Entry,5,,hard,IT & Software
Data Entry Operation,IT & Software,Data Entry Operation,5,,hard,IT & Software
data entry operator,IT & Software,Data Entry Operator,5,,hard,IT & Software
Data Extract & Transform,IT & Software,Data Extract & Transform,5,,hard,IT & Software
Data Lake,IT & Software,Data Lake,5,,hard,IT & Software
Data loader,IT & Software,Data Loader,5,,hard,IT & Software
data management,IT & Software,Data Management,5,,hard,IT & Software
Data Migration,IT & Software,Data Migration,5,,hard,IT & Software
Data Migrations,IT & Software,Data Migrations,5,,hard,IT & Software
Data mining,IT & Software,Data Mining,5,,hard,IT & Software
Data Processing,IT & Software,Data Processing,5,,hard,IT & Software
data recovery,IT & Software,Data Recovery,5,,hard,IT & Software
Data review & analysis,IT & Software,Data Review & Analysis,5,,hard,IT & Software
Data Science,IT & Software,Data Science,5,,hard,IT & Software
Data Structure,IT & Software,Data Structure,5,,hard,IT & Software
database,IT & Software,Database,5,,hard,IT & Software
database management,IT & Software,Database Management,5,,hard,IT & Software
Day Book,Domain-Specific / Other,Day Book,5,,hard,Domain-Specific / Other
Day to day accounting,Finance & Accounts,Day To Day Accounting,5,,hard,Finance & Accounts
day to day accounting.,Finance & Accounts,Day To Day Accounting.,5,,hard,Finance & Accounts
Day to Day Plant Accounting work,Finance & Accounts,Day To Day Plant Accounting Work,5,,hard,Finance & Accounts
Dcf Valuation,Domain-Specific / Other,Dcf Valuation,5,,hard,Domain-Specific / Other
DCS,Domain-Specific / Other,Dcs,5,,hard,Domain-Specific / Other
DCS &PLC,Domain-Specific / Other,Dcs &Plc,5,,hard,Domain-Specific / Other
DCS controlling,Domain-Specific / Other,Dcs Controlling,5,,hard,Domain-Specific / Other
DCS EMERSON,Domain-Specific / Other,Dcs Emerson,5,,hard,Domain-Specific / Other
DCS Engineer Production Operations,Operations & Production,Dcs Engineer Production Operations,5,,hard,Operations & Production
dcs experiance,Domain-Specific / Other,Dcs Experiance,5,,hard,Domain-Specific / Other
DCS knowledage,Domain-Specific / Other,Dcs Knowledage,5,,hard,Domain-Specific / Other
DCS Maintenance,Operations & Production,Dcs Maintenance,5,,hard,Operations & Production
DCS Operation,Domain-Specific / Other,Dcs Operation,5,,hard,Domain-Specific / Other
DCS Operator,Domain-Specific / Other,Dcs Operator,5,,hard,Domain-Specific / Other
DCS Panel Operation,Domain-Specific / Other,Dcs Panel Operation,5,,hard,Domain-Specific / Other
DCS Plant handle,Operations & Production,Dcs Plant Handle,5,,hard,Operations & Production
DCS system,IT & Software,Dcs System,5,,hard,IT & Software
deadline oriented,Domain-Specific / Other,Deadline Oriented,5,,hard,Domain-Specific / Other
dealer&apos,Domain-Specific / Other,Dealer&Apos,5,,hard,Domain-Specific / Other
dealer-wise,Domain-Specific / Other,Dealer-Wise,5,,hard,Domain-Specific / Other
dealing with complexity,Domain-Specific / Other,Dealing With Complexity,5,,hard,Domain-Specific / Other
dealing with customer about payment & other issue,Sales & Marketing,Dealing With Customer About Payment & Other Issue,5,,hard,Sales & Marketing
dealing with the customer,Sales & Marketing,Dealing With The Customer,5,,hard,Sales & Marketing
Dealy production planning 2. Production target achieved 3. Checking material availability 4. Handling all over main pawer 5. Handle all break down to online 6. Quick decision to any c ritical condition. 7. Given machine training to new main pawer. 8. Problems analysis 9. Rejection analysis 10. Reduce the Rejection 11. filling all format related to production process 11. Responsible for production targets and any quality related queries 12. Maintaining 5s 13. Implements and maintenance of poka yoke to avoid the customer complaint. 14. Dealy observe all processes as well as product audit,Sales & Marketing,Dealy Production Planning 2. Production Target Achieved 3. Checking Material Availability 4. Handling All Over Main Pawer 5. Handle All Break Down To Online 6. Quick Decision To Any C Ritical Condition. 7. Given Machine Training To New Main Pawer. 8. Problems Analysis 9. Rejection Analysis 10. Reduce The Rejection 11. Filling All Format Related To Production Process 11. Responsible For Production Targets And Any Quality Related Queries 12. Maintaining 5S 13. Implements And Maintenance Of Poka Yoke To Avoid The Customer Complaint. 14. Dealy Observe All Processes As Well As Product Audit,5,,hard,Sales & Marketing
debit,Domain-Specific / Other,Debit,5,,hard,Domain-Specific / Other
Debit Note,IT & Software,Debit Note,5,,hard,IT & Software
Debottlenecking,Domain-Specific / Other,Debottlenecking,5,,hard,Domain-Specific / Other
debt,Domain-Specific / Other,Debt,5,,hard,Domain-Specific / Other
debt management,Domain-Specific / Other,Debt Management,5,,hard,Domain-Specific / Other
Debtor,Domain-Specific / Other,Debtor,5,,hard,Domain-Specific / Other
Debtor Management,Domain-Specific / Other,Debtor Management,5,,hard,Domain-Specific / Other
Debtors,Domain-Specific / Other,Debtors,5,,hard,Domain-Specific / Other
debtors & creditor reconciliation,Domain-Specific / Other,Debtors & Creditor Reconciliation,5,,hard,Domain-Specific / Other
debtors & creditors,Domain-Specific / Other,Debtors & Creditors,5,,hard,Domain-Specific / Other
Debtors & Creditors control,Domain-Specific / Other,Debtors & Creditors Control,5,,hard,Domain-Specific / Other
debtors & creditors management,Domain-Specific / Other,Debtors & Creditors Management,5,,hard,Domain-Specific / Other
debtors & creditors reconciliation,Domain-Specific / Other,Debtors & Creditors Reconciliation,5,,hard,Domain-Specific / Other
debtors and vendors reconciliation,Operations & Production,Debtors And Vendors Reconciliation,5,,hard,Operations & Production
Debtors Control,Domain-Specific / Other,Debtors Control,5,,hard,Domain-Specific / Other
debtors management,Domain-Specific / Other,Debtors Management,5,,hard,Domain-Specific / Other
DEBTORS RECO,Domain-Specific / Other,Debtors Reco,5,,hard,Domain-Specific / Other
decision making,Domain-Specific / Other,Decision Making,5,,hard,Domain-Specific / Other
Decision making power,Domain-Specific / Other,Decision Making Power,5,,hard,Domain-Specific / Other
dedicated,Domain-Specific / Other,Dedicated,5,,hard,Domain-Specific / Other
dedication,Domain-Specific / Other,Dedication,5,,hard,Domain-Specific / Other
deduction of tds,Finance & Accounts,Deduction Of Tds,5,,hard,Finance & Accounts
Deep knowledge of financial software programs ?,IT & Software,Deep Knowledge Of Financial Software Programs ?,5,,hard,IT & Software
defect analysis,Domain-Specific / Other,Defect Analysis,5,,hard,Domain-Specific / Other
Defect Life Cycle,Domain-Specific / Other,Defect Life Cycle,5,,hard,Domain-Specific / Other
Defect Tracking,Domain-Specific / Other,Defect Tracking,5,,hard,Domain-Specific / Other
deferred revenue,Domain-Specific / Other,Deferred Revenue,5,,hard,Domain-Specific / Other
Defined Benefits,Domain-Specific / Other,Defined Benefits,5,,hard,Domain-Specific / Other
Defined Contribution,Domain-Specific / Other,Defined Contribution,5,,hard,Domain-Specific / Other
delivery,Domain-Specific / Other,Delivery,5,,hard,Domain-Specific / Other
Delivery Excellence,Domain-Specific / Other,Delivery Excellence,5,,hard,Domain-Specific / Other
Delivery Management,Domain-Specific / Other,Delivery Management,5,,hard,Domain-Specific / Other
delivery performance,Domain-Specific / Other,Delivery Performance,5,,hard,Domain-Specific / Other
Demand Forecasting,Domain-Specific / Other,Demand Forecasting,5,,hard,Domain-Specific / Other
Demand Planning,Domain-Specific / Other,Demand Planning,5,,hard,Domain-Specific / Other
Demonstrated Abilities,Domain-Specific / Other,Demonstrated Abilities,5,,hard,Domain-Specific / Other
demonstrator&apos,Domain-Specific / Other,Demonstrator&Apos,5,,hard,Domain-Specific / Other
Dentistry,Domain-Specific / Other,Dentistry,5,,hard,Domain-Specific / Other
Department Management,Design Skills,Department Management,5,,hard,Design Skills
dependable,Domain-Specific / Other,Dependable,5,,hard,Domain-Specific / Other
dependency,Domain-Specific / Other,Dependency,5,,hard,Domain-Specific / Other
Depository Services,Domain-Specific / Other,Depository Services,5,,hard,Domain-Specific / Other
Depreciation,Domain-Specific / Other,Depreciation,5,,hard,Domain-Specific / Other
Deputy Manager,Domain-Specific / Other,Deputy Manager,5,,hard,Domain-Specific / Other
Deputy manager production,Operations & Production,Deputy Manager Production,5,,hard,Operations & Production
DEPUTY MANAGER PRODUCTION MANUFACTURING,Operations & Production,Deputy Manager Production Manufacturing,5,,hard,Operations & Production
Deputy Manager-Commercial,Domain-Specific / Other,Deputy Manager-Commercial,5,,hard,Domain-Specific / Other
Deputy Production Manager,Operations & Production,Deputy Production Manager,5,,hard,Operations & Production
deputy production manager having a knowledge of LT and HT cables,Operations & Production,Deputy Production Manager Having A Knowledge Of Lt And Ht Cables,5,,hard,Operations & Production
Derivatives,Domain-Specific / Other,Derivatives,5,,hard,Domain-Specific / Other
Design,Design Skills,Design,5,,hard,Design Skills
Design and Dispatch Departments. Executive Production,Operations & Production,Design And Dispatch Departments. Executive Production,5,,hard,Operations & Production
Design Development,Design Skills,Design Development,5,,hard,Design Skills
Design Engineer,Operations & Production,Design Engineer,5,,hard,Operations & Production
Design Engineering,Operations & Production,Design Engineering,5,,hard,Operations & Production
Designer home furniture,Design Skills,Designer Home Furniture,5,,hard,Design Skills
designing & implementing systems,IT & Software,Designing & Implementing Systems,5,,hard,IT & Software
designing events,Design Skills,Designing Events,5,,hard,Design Skills
Detail Drawings,Domain-Specific / Other,Detail Drawings,5,,hard,Domain-Specific / Other
detail oriented,Domain-Specific / Other,Detail Oriented,5,,hard,Domain-Specific / Other
Detailed & Result Oriented with Right Decision making skills,Domain-Specific / Other,Detailed & Result Oriented With Right Decision Making Skills,5,,hard,Domain-Specific / Other
Details of every transaction,Domain-Specific / Other,Details Of Every Transaction,5,,hard,Domain-Specific / Other
determinant,Domain-Specific / Other,Determinant,5,,hard,Domain-Specific / Other
develop new applications (New formulation development at lab scale and technology transfer to the pilot scale for commercial production) . Review and constantly upgrade,IT & Software,Develop New Applications (New Formulation Development At Lab Scale And Technology Transfer To The Pilot Scale For Commercial Production) . Review And Constantly Upgrade,5,,hard,IT & Software
Developer,IT & Software,Developer,5,,hard,IT & Software
Developing,Domain-Specific / Other,Developing,5,,hard,Domain-Specific / Other
Developing Budgets,Finance & Accounts,Developing Budgets,5,,hard,Finance & Accounts
Development,Domain-Specific / Other,Development,5,,hard,Domain-Specific / Other
Development Team,Soft Skills,Development Team,5,,soft,Soft Skills
deviation,Domain-Specific / Other,Deviation,5,,hard,Domain-Specific / Other
Deviation & CAPA,Domain-Specific / Other,Deviation & Capa,5,,hard,Domain-Specific / Other
Deviation Management,Domain-Specific / Other,Deviation Management,5,,hard,Domain-Specific / Other
DevOps,Domain-Specific / Other,Devops,5,,hard,Domain-Specific / Other
DFA,Domain-Specific / Other,Dfa,5,,hard,Domain-Specific / Other
DFM,Domain-Specific / Other,Dfm,5,,hard,Domain-Specific / Other
DFMA,Domain-Specific / Other,Dfma,5,,hard,Domain-Specific / Other
DFMEA,Domain-Specific / Other,Dfmea,5,,hard,Domain-Specific / Other
DG Sets,Domain-Specific / Other,Dg Sets,5,,hard,Domain-Specific / Other
Dgft,Domain-Specific / Other,Dgft,5,,hard,Domain-Specific / Other
DGM,Domain-Specific / Other,Dgm,5,,hard,Domain-Specific / Other
DGM Production,Operations & Production,Dgm Production,5,,hard,Operations & Production
DHCP,Domain-Specific / Other,Dhcp,5,,hard,Domain-Specific / Other
Diaphragm,HR & Recruitment,Diaphragm,5,,hard,HR & Recruitment
die casting,Domain-Specific / Other,Die Casting,5,,hard,Domain-Specific / Other
Die casting process related problems solving skill. Quality and quantity approval. parameter and machine setup. zitai 150T to zitai 900t machine operating experience. Production Engineering,IT & Software,Die Casting Process Related Problems Solving Skill. Quality And Quantity Approval. Parameter And Machine Setup. Zitai 150T To Zitai 900T Machine Operating Experience. Production Engineering,5,,hard,IT & Software
die cutting,Domain-Specific / Other,Die Cutting,5,,hard,Domain-Specific / Other
Die Design,Design Skills,Die Design,5,,hard,Design Skills
Die maintenance,Operations & Production,Die Maintenance,5,,hard,Operations & Production
Dies,Domain-Specific / Other,Dies,5,,hard,Domain-Specific / Other
Diesel Mechanic,Operations & Production,Diesel Mechanic,5,,hard,Operations & Production
Digital Marketing,Sales & Marketing,Digital Marketing,5,,hard,Sales & Marketing
digital sale,Domain-Specific / Other,Digital Sale,5,,hard,Domain-Specific / Other
Digital Transformation,Domain-Specific / Other,Digital Transformation,5,,hard,Domain-Specific / Other
Diploma,Domain-Specific / Other,Diploma,5,,hard,Domain-Specific / Other
diploma chemical,Domain-Specific / Other,Diploma Chemical,5,,hard,Domain-Specific / Other
Diploma Daily Production Planning,Operations & Production,Diploma Daily Production Planning,5,,hard,Operations & Production
Diploma in automobile,Domain-Specific / Other,Diploma In Automobile,5,,hard,Domain-Specific / Other
diploma in mechanical engineering,Operations & Production,Diploma In Mechanical Engineering,5,,hard,Operations & Production
Diploma Mechanical With 5 years experience in production engineer,Operations & Production,Diploma Mechanical With 5 Years Experience In Production Engineer,5,,hard,Operations & Production
direct & indirect purchase,Domain-Specific / Other,Direct & Indirect Purchase,5,,hard,Domain-Specific / Other
Direct & indirect taxation,Finance & Accounts,Direct & Indirect Taxation,5,,hard,Finance & Accounts
Direct And Indirect Taxation,Finance & Accounts,Direct And Indirect Taxation,5,,hard,Finance & Accounts
Direct Mktg Exec.,Domain-Specific / Other,Direct Mktg Exec.,5,,hard,Domain-Specific / Other
Direct Sales,Sales & Marketing,Direct Sales,5,,hard,Sales & Marketing
Direct Tax,Finance & Accounts,Direct Tax,5,,hard,Finance & Accounts
direct tax & accounts,Finance & Accounts,Direct Tax & Accounts,5,,hard,Finance & Accounts
Direct Tax Accounts Receivable,Finance & Accounts,Direct Tax Accounts Receivable,5,,hard,Finance & Accounts
direct tax consultant,Finance & Accounts,Direct Tax Consultant,5,,hard,Finance & Accounts
Direct Taxation,Finance & Accounts,Direct Taxation,5,,hard,Finance & Accounts
Directors Personal A,Domain-Specific / Other,Directors Personal A,5,,hard,Domain-Specific / Other
Disaster Management,Domain-Specific / Other,Disaster Management,5,,hard,Domain-Specific / Other
disaster recovery,Domain-Specific / Other,Disaster Recovery,5,,hard,Domain-Specific / Other
disbursement,Domain-Specific / Other,Disbursement,5,,hard,Domain-Specific / Other
Disbursements,Domain-Specific / Other,Disbursements,5,,hard,Domain-Specific / Other
Disciplined Ability to adopt & grasp new technologies soon. Capacity to work in team or individually and take up responsibilities. Ability to manage stress.,IT & Software,Disciplined Ability To Adopt & Grasp New Technologies Soon. Capacity To Work In Team Or Individually And Take Up Responsibilities. Ability To Manage Stress.,5,,soft,IT & Software
discounting,Domain-Specific / Other,Discounting,5,,hard,Domain-Specific / Other
Dispatch,Domain-Specific / Other,Dispatch,5,,hard,Domain-Specific / Other
Dispatch Executive,Domain-Specific / Other,Dispatch Executive,5,,hard,Domain-Specific / Other
Dispatch Planning,Domain-Specific / Other,Dispatch Planning,5,,hard,Domain-Specific / Other
dispatch planning an,Domain-Specific / Other,Dispatch Planning An,5,,hard,Domain-Specific / Other
dispatch scheduling,Domain-Specific / Other,Dispatch Scheduling,5,,hard,Domain-Specific / Other
dispatches and erp,Domain-Specific / Other,Dispatches And Erp,5,,hard,Domain-Specific / Other
Dispatching,Domain-Specific / Other,Dispatching,5,,hard,Domain-Specific / Other
dispute resolution,Domain-Specific / Other,Dispute Resolution,5,,hard,Domain-Specific / Other
Dissolution,Domain-Specific / Other,Dissolution,5,,hard,Domain-Specific / Other
Distillation,Domain-Specific / Other,Distillation,5,,hard,Domain-Specific / Other
Distillation Column,Domain-Specific / Other,Distillation Column,5,,hard,Domain-Specific / Other
Distillation Executive Production,Operations & Production,Distillation Executive Production,5,,hard,Operations & Production
distilled and deionised water and monitoring of waste water Working knowledge of classical wet chemistry Methods,Domain-Specific / Other,Distilled And Deionised Water And Monitoring Of Waste Water Working Knowledge Of Classical Wet Chemistry Methods,5,,hard,Domain-Specific / Other
Distillery,Domain-Specific / Other,Distillery,5,,hard,Domain-Specific / Other
distillery production and maintenance,Operations & Production,Distillery Production And Maintenance,5,,hard,Operations & Production
Distributed Control System,IT & Software,Distributed Control System,5,,hard,IT & Software
Distribution,Domain-Specific / Other,Distribution,5,,hard,Domain-Specific / Other
Dividends,Domain-Specific / Other,Dividends,5,,hard,Domain-Specific / Other
dmaic,Domain-Specific / Other,Dmaic,5,,hard,Domain-Specific / Other
DMS,Domain-Specific / Other,Dms,5,,hard,Domain-Specific / Other
DNS,Domain-Specific / Other,Dns,5,,hard,Domain-Specific / Other
Docker,Domain-Specific / Other,Docker,5,,hard,Domain-Specific / Other
document accept from bank,Domain-Specific / Other,Document Accept From Bank,5,,hard,Domain-Specific / Other
document acceptance from bank,Domain-Specific / Other,Document Acceptance From Bank,5,,hard,Domain-Specific / Other
Document Control,Domain-Specific / Other,Document Control,5,,hard,Domain-Specific / Other
Documentation,Domain-Specific / Other,Documentation,5,,hard,Domain-Specific / Other
documentation & reporting,Domain-Specific / Other,Documentation & Reporting,5,,hard,Domain-Specific / Other
Documentation in API Products,IT & Software,Documentation In Api Products,5,,hard,IT & Software
documentation integrity,Domain-Specific / Other,Documentation Integrity,5,,hard,Domain-Specific / Other
Documentation Production Supervising,Operations & Production,Documentation Production Supervising,5,,hard,Operations & Production
documentation Work like BPCR,Domain-Specific / Other,Documentation Work Like Bpcr,5,,hard,Domain-Specific / Other
Documentations,Domain-Specific / Other,Documentations,5,,hard,Domain-Specific / Other
Documents,Domain-Specific / Other,Documents,5,,hard,Domain-Specific / Other
documents of production activities,Operations & Production,Documents Of Production Activities,5,,hard,Operations & Production
documentum,Domain-Specific / Other,Documentum,5,,hard,Domain-Specific / Other
DOMAIN EXPERT,Domain-Specific / Other,Domain Expert,5,,hard,Domain-Specific / Other
Dombivli - East - 421 201. Dist. Thane.,Domain-Specific / Other,Dombivli - East - 421 201. Dist. Thane.,5,,hard,Domain-Specific / Other
Domestic BPO,Domain-Specific / Other,Domestic Bpo,5,,hard,Domain-Specific / Other
domino,Domain-Specific / Other,Domino,5,,hard,Domain-Specific / Other
Done C.C.I.T course in computer,Domain-Specific / Other,Done C.C.I.T Course In Computer,5,,hard,Domain-Specific / Other
Dot Net Developer,IT & Software,Dot Net Developer,5,,hard,IT & Software
Downstream Processing,Domain-Specific / Other,Downstream Processing,5,,hard,Domain-Specific / Other
Downtime Analysis,Domain-Specific / Other,Downtime Analysis,5,,hard,Domain-Specific / Other
DPR,Domain-Specific / Other,Dpr,5,,hard,Domain-Specific / Other
DPR preparation,Domain-Specific / Other,Dpr Preparation,5,,hard,Domain-Specific / Other
DR,Domain-Specific / Other,Dr,5,,hard,Domain-Specific / Other
drafting,Domain-Specific / Other,Drafting,5,,hard,Domain-Specific / Other
Drawing,Domain-Specific / Other,Drawing,5,,hard,Domain-Specific / Other
drawing reading,Domain-Specific / Other,Drawing Reading,5,,hard,Domain-Specific / Other
drilling,Domain-Specific / Other,Drilling,5,,hard,Domain-Specific / Other
drive and continuously improve an effective Quality Control System. Ensuring compliances to all Quality Control activities with cGMP regulations,IT & Software,Drive And Continuously Improve An Effective Quality Control System. Ensuring Compliances To All Quality Control Activities With Cgmp Regulations,5,,hard,IT & Software
Drive commissioning,Domain-Specific / Other,Drive Commissioning,5,,hard,Domain-Specific / Other
Driver,Domain-Specific / Other,Driver,5,,hard,Domain-Specific / Other
drug,Domain-Specific / Other,Drug,5,,hard,Domain-Specific / Other
drug substances,Domain-Specific / Other,Drug Substances,5,,hard,Domain-Specific / Other
Dry Syrup,Domain-Specific / Other,Dry Syrup,5,,hard,Domain-Specific / Other
Dryer,Domain-Specific / Other,Dryer,5,,hard,Domain-Specific / Other
DTP,Domain-Specific / Other,Dtp,5,,hard,Domain-Specific / Other
Due Diligence,Domain-Specific / Other,Due Diligence,5,,hard,Domain-Specific / Other
Dues Pending Or Very Urgent Project In Progress Or Any Other Similar High Priority Task Etc) NO Any Meetings Or Travel Plan Or Any Outstation Plans For This Week and Coming Week,Domain-Specific / Other,Dues Pending Or Very Urgent Project In Progress Or Any Other Similar High Priority Task Etc) No Any Meetings Or Travel Plan Or Any Outstation Plans For This Week And Coming Week,5,,hard,Domain-Specific / Other
Dunning,Domain-Specific / Other,Dunning,5,,hard,Domain-Specific / Other
Duty Drawback,Domain-Specific / Other,Duty Drawback,5,,hard,Domain-Specific / Other
dwm,Domain-Specific / Other,Dwm,5,,hard,Domain-Specific / Other
Dy Manager Accounts,Domain-Specific / Other,Dy Manager Accounts,5,,hard,Domain-Specific / Other
Dyes,Domain-Specific / Other,Dyes,5,,hard,Domain-Specific / Other
Dynamic Navision,Domain-Specific / Other,Dynamic Navision,5,,hard,Domain-Specific / Other
DYPT MANAGER PRODUCTION,Operations & Production,Dypt Manager Production,5,,hard,Operations & Production
e - filing,Domain-Specific / Other,E - Filing,5,,hard,Domain-Specific / Other
e invoicing,Domain-Specific / Other,E Invoicing,5,,hard,Domain-Specific / Other
E R P,Domain-Specific / Other,E R P,5,,hard,Domain-Specific / Other
e.com,Domain-Specific / Other,E.Com,5,,hard,Domain-Specific / Other
EBIZ,Domain-Specific / Other,Ebiz,5,,hard,Domain-Specific / Other
ECB,Domain-Specific / Other,Ecb,5,,hard,Domain-Specific / Other
Eclipse IDE,Domain-Specific / Other,Eclipse Ide,5,,hard,Domain-Specific / Other
E-Commerce,Domain-Specific / Other,E-Commerce,5,,hard,Domain-Specific / Other
Economics,Domain-Specific / Other,Economics,5,,hard,Domain-Specific / Other
ECR,Domain-Specific / Other,Ecr,5,,hard,Domain-Specific / Other
Edible oil ERP,Domain-Specific / Other,Edible Oil Erp,5,,hard,Domain-Specific / Other
editor,Domain-Specific / Other,Editor,5,,hard,Domain-Specific / Other
EDM,Domain-Specific / Other,Edm,5,,hard,Domain-Specific / Other
EDMS,Domain-Specific / Other,Edms,5,,hard,Domain-Specific / Other
Education Counsellor,Domain-Specific / Other,Education Counsellor,5,,hard,Domain-Specific / Other
educational qualification,Domain-Specific / Other,Educational Qualification,5,,hard,Domain-Specific / Other
Effective Handling,Domain-Specific / Other,Effective Handling,5,,hard,Domain-Specific / Other
Effective in Data Analysis & Problem Solving Skills,IT & Software,Effective In Data Analysis & Problem Solving Skills,5,,soft,IT & Software
effective logistics operations,Operations & Production,Effective Logistics Operations,5,,hard,Operations & Production
Effectiveness,Domain-Specific / Other,Effectiveness,5,,hard,Domain-Specific / Other
Efficiency,Domain-Specific / Other,Efficiency,5,,hard,Domain-Specific / Other
Efficiency Management,Domain-Specific / Other,Efficiency Management,5,,hard,Domain-Specific / Other
efficiency Working on succession planning of the workforce,Domain-Specific / Other,Efficiency Working On Succession Planning Of The Workforce,5,,hard,Domain-Specific / Other
Efficient,Domain-Specific / Other,Efficient,5,,hard,Domain-Specific / Other
efficient production &amp,Operations & Production,Efficient Production &Amp,5,,hard,Operations & Production
EHS,Domain-Specific / Other,Ehs,5,,hard,Domain-Specific / Other
ehs activities,Domain-Specific / Other,Ehs Activities,5,,hard,Domain-Specific / Other
EHS documents. Preparation of HIRA for quality control unit. Proficient in using personal computer with various Applications like MS Word,IT & Software,Ehs Documents. Preparation Of Hira For Quality Control Unit. Proficient In Using Personal Computer With Various Applications Like Ms Word,5,,hard,IT & Software
EHS Management,Domain-Specific / Other,Ehs Management,5,,hard,Domain-Specific / Other
E-Invoicing,Domain-Specific / Other,E-Invoicing,5,,hard,Domain-Specific / Other
Electric Vehicle,Domain-Specific / Other,Electric Vehicle,5,,hard,Domain-Specific / Other
Electrical Engineering,Operations & Production,Electrical Engineering,5,,hard,Operations & Production
electrical erection,Operations & Production,Electrical Erection,5,,hard,Operations & Production
electrical installation,Operations & Production,Electrical Installation,5,,hard,Operations & Production
Electrical maintenance,Operations & Production,Electrical Maintenance,5,,hard,Operations & Production
Electrical Project,Operations & Production,Electrical Project,5,,hard,Operations & Production
Electricals,Operations & Production,Electricals,5,,hard,Operations & Production
Electronics Engineering,Operations & Production,Electronics Engineering,5,,hard,Operations & Production
Electronics Production,Operations & Production,Electronics Production,5,,hard,Operations & Production
email,Domain-Specific / Other,Email,5,,hard,Domain-Specific / Other
email : cahirengor@gmail.com,Domain-Specific / Other,Email : Cahirengor@Gmail.Com,5,,hard,Domain-Specific / Other
Email Marketing,Sales & Marketing,Email Marketing,5,,hard,Sales & Marketing
Embedded,Domain-Specific / Other,Embedded,5,,hard,Domain-Specific / Other
EMC,Domain-Specific / Other,Emc,5,,hard,Domain-Specific / Other
Emco,Domain-Specific / Other,Emco,5,,hard,Domain-Specific / Other
Emerson DeltaV,Domain-Specific / Other,Emerson Deltav,5,,hard,Domain-Specific / Other
employee benefits,HR & Recruitment,Employee Benefits,5,,hard,HR & Recruitment
Employee benefits and compensation analytics,HR & Recruitment,Employee Benefits And Compensation Analytics,5,,hard,HR & Recruitment
Employee Engagement,HR & Recruitment,Employee Engagement,5,,hard,HR & Recruitment
employee expenses,HR & Recruitment,Employee Expenses,5,,hard,HR & Recruitment
employee qualification,HR & Recruitment,Employee Qualification,5,,hard,HR & Recruitment
Employee Relations,HR & Recruitment,Employee Relations,5,,hard,HR & Recruitment
employees provident fund (epf),HR & Recruitment,Employees Provident Fund (Epf),5,,hard,HR & Recruitment
Employees Voucher checking & processing payment,HR & Recruitment,Employees Voucher Checking & Processing Payment,5,,hard,HR & Recruitment
emulsion,Domain-Specific / Other,Emulsion,5,,hard,Domain-Specific / Other
EN CODE,Domain-Specific / Other,En Code,5,,hard,Domain-Specific / Other
End to End Implementation,Domain-Specific / Other,End To End Implementation,5,,hard,Domain-Specific / Other
End User Support,Domain-Specific / Other,End User Support,5,,hard,Domain-Specific / Other
energetic,Domain-Specific / Other,Energetic,5,,hard,Domain-Specific / Other
Energy Conservation,Domain-Specific / Other,Energy Conservation,5,,hard,Domain-Specific / Other
Energy Management,Domain-Specific / Other,Energy Management,5,,hard,Domain-Specific / Other
Engagement,Domain-Specific / Other,Engagement,5,,hard,Domain-Specific / Other
Engagement management,Domain-Specific / Other,Engagement Management,5,,hard,Domain-Specific / Other
Engine Assembly,Domain-Specific / Other,Engine Assembly,5,,hard,Domain-Specific / Other
Engine Oil,Domain-Specific / Other,Engine Oil,5,,hard,Domain-Specific / Other
Engineer,Operations & Production,Engineer,5,,hard,Operations & Production
engineer production,Operations & Production,Engineer Production,5,,hard,Operations & Production
Engineering,Operations & Production,Engineering,5,,hard,Operations & Production
Engineering Analysis,Operations & Production,Engineering Analysis,5,,hard,Operations & Production
Engineering Coordination,Operations & Production,Engineering Coordination,5,,hard,Operations & Production
Engineering Management Accounting,Finance & Accounts,Engineering Management Accounting,5,,hard,Finance & Accounts
Engineering Mgr,Operations & Production,Engineering Mgr,5,,hard,Operations & Production
Engineering Plastics,Operations & Production,Engineering Plastics,5,,hard,Operations & Production
Engineering Projects,Operations & Production,Engineering Projects,5,,hard,Operations & Production
engineering support,Operations & Production,Engineering Support,5,,hard,Operations & Production
English,Domain-Specific / Other,English,5,,hard,Domain-Specific / Other
English Language,Domain-Specific / Other,English Language,5,,hard,Domain-Specific / Other
English Typing,Domain-Specific / Other,English Typing,5,,hard,Domain-Specific / Other
Ensur,Domain-Specific / Other,Ensur,5,,hard,Domain-Specific / Other
Ensure Compliance,HR & Recruitment,Ensure Compliance,5,,hard,HR & Recruitment
ensure optimum utilization of resources with minimum wastage.,Domain-Specific / Other,Ensure Optimum Utilization Of Resources With Minimum Wastage.,5,,hard,Domain-Specific / Other
Ensuring Compliance,HR & Recruitment,Ensuring Compliance,5,,hard,HR & Recruitment
enterprise account manager,Domain-Specific / Other,Enterprise Account Manager,5,,hard,Domain-Specific / Other
Enterprise Resource Planning,Domain-Specific / Other,Enterprise Resource Planning,5,,hard,Domain-Specific / Other
Enterprise Sales,Sales & Marketing,Enterprise Sales,5,,hard,Sales & Marketing
Enterprise Structure,Domain-Specific / Other,Enterprise Structure,5,,hard,Domain-Specific / Other
enthusiasm to learn,Domain-Specific / Other,Enthusiasm To Learn,5,,hard,Domain-Specific / Other
Enthusiastic with Professional in career. Proactive,Domain-Specific / Other,Enthusiastic With Professional In Career. Proactive,5,,hard,Domain-Specific / Other
entity framework,IT & Software,Entity Framework,5,,hard,IT & Software
environment,Domain-Specific / Other,Environment,5,,hard,Domain-Specific / Other
environment system,IT & Software,Environment System,5,,hard,IT & Software
Envisioning,Domain-Specific / Other,Envisioning,5,,hard,Domain-Specific / Other
EOSS,Domain-Specific / Other,Eoss,5,,hard,Domain-Specific / Other
EPABX,Domain-Specific / Other,Epabx,5,,hard,Domain-Specific / Other
EPC,Domain-Specific / Other,Epc,5,,hard,Domain-Specific / Other
EPC & FBP registers. Preparing FOB Value Statement of Exports for Audit. Forward booking (USD,Finance & Accounts,Epc & Fbp Registers. Preparing Fob Value Statement Of Exports For Audit. Forward Booking (Usd,5,,hard,Finance & Accounts
EPC Project,Domain-Specific / Other,Epc Project,5,,hard,Domain-Specific / Other
EPCG,Domain-Specific / Other,Epcg,5,,hard,Domain-Specific / Other
Epcos,Domain-Specific / Other,Epcos,5,,hard,Domain-Specific / Other
EPF,Domain-Specific / Other,Epf,5,,hard,Domain-Specific / Other
Epicor,Domain-Specific / Other,Epicor,5,,hard,Domain-Specific / Other
Epoxy,Domain-Specific / Other,Epoxy,5,,hard,Domain-Specific / Other
equipment,Design Skills,Equipment,5,,hard,Design Skills
Equipment Handling,Design Skills,Equipment Handling,5,,hard,Design Skills
equipment hendiling,Design Skills,Equipment Hendiling,5,,hard,Design Skills
equipment layout,Design Skills,Equipment Layout,5,,hard,Design Skills
equipment maintenance,Operations & Production,Equipment Maintenance,5,,hard,Operations & Production
Equipment Manufacturing,Operations & Production,Equipment Manufacturing,5,,hard,Operations & Production
Equipment Qualfication,Design Skills,Equipment Qualfication,5,,hard,Design Skills
Equipment Qualification,Design Skills,Equipment Qualification,5,,hard,Design Skills
Equipment qualifications,Design Skills,Equipment Qualifications,5,,hard,Design Skills
equipment utilisation,Design Skills,Equipment Utilisation,5,,hard,Design Skills
equipment utilization,Design Skills,Equipment Utilization,5,,hard,Design Skills
Equipment Validation,Design Skills,Equipment Validation,5,,hard,Design Skills
equipments & their outsourcing Plant development Vendor development & assessment Brief summary of technical & professional skills : Generation,IT & Software,Equipments & Their Outsourcing Plant Development Vendor Development & Assessment Brief Summary Of Technical & Professional Skills : Generation,5,,hard,IT & Software
Equity,Design Skills,Equity,5,,hard,Design Skills
Equity Broking,Design Skills,Equity Broking,5,,hard,Design Skills
equity research,Design Skills,Equity Research,5,,hard,Design Skills
equity trading,Design Skills,Equity Trading,5,,hard,Design Skills
er,Domain-Specific / Other,Er,5,,hard,Domain-Specific / Other
ER-5,Domain-Specific / Other,Er-5,5,,hard,Domain-Specific / Other
ER-7 & reconciliation All Excise registers with accounting system. Excise Audit Assessment,IT & Software,Er-7 & Reconciliation All Excise Registers With Accounting System. Excise Audit Assessment,5,,hard,IT & Software
Erection,Domain-Specific / Other,Erection,5,,hard,Domain-Specific / Other
Erevive ERP,Domain-Specific / Other,Erevive Erp,5,,hard,Domain-Specific / Other
Ergonomics,Domain-Specific / Other,Ergonomics,5,,hard,Domain-Specific / Other
ERP,Domain-Specific / Other,Erp,5,,hard,Domain-Specific / Other
erp - oracle,Domain-Specific / Other,Erp - Oracle,5,,hard,Domain-Specific / Other
erp (sap,Domain-Specific / Other,Erp (Sap,5,,hard,Domain-Specific / Other
ERP : S.A.P ECC 6.00 (FICO,Domain-Specific / Other,Erp : S.A.P Ecc 6.00 (Fico,5,,hard,Domain-Specific / Other
erp 9,Domain-Specific / Other,Erp 9,5,,hard,Domain-Specific / Other
ERP Accounts,Domain-Specific / Other,Erp Accounts,5,,hard,Domain-Specific / Other
erp functional,Domain-Specific / Other,Erp Functional,5,,hard,Domain-Specific / Other
ERP Implementation,Domain-Specific / Other,Erp Implementation,5,,hard,Domain-Specific / Other
erp implementation business analyst,Domain-Specific / Other,Erp Implementation Business Analyst,5,,hard,Domain-Specific / Other
ERP Management Accounting,Finance & Accounts,Erp Management Accounting,5,,hard,Finance & Accounts
ERP Navision,Domain-Specific / Other,Erp Navision,5,,hard,Domain-Specific / Other
ERP Navision Financial Accounting,Finance & Accounts,Erp Navision Financial Accounting,5,,hard,Finance & Accounts
Erp Next accounting s,Finance & Accounts,Erp Next Accounting S,5,,hard,Finance & Accounts
ERP Oracle,Domain-Specific / Other,Erp Oracle,5,,hard,Domain-Specific / Other
erp package,Domain-Specific / Other,Erp Package,5,,hard,Domain-Specific / Other
erp packages,Domain-Specific / Other,Erp Packages,5,,hard,Domain-Specific / Other
ERP reporting,Domain-Specific / Other,Erp Reporting,5,,hard,Domain-Specific / Other
erp sales,Sales & Marketing,Erp Sales,5,,hard,Sales & Marketing
ERP SAP B1 ERP System,IT & Software,Erp Sap B1 Erp System,5,,hard,IT & Software
ERP System,IT & Software,Erp System,5,,hard,IT & Software
ERP User,Domain-Specific / Other,Erp User,5,,hard,Domain-Specific / Other
ERP-abas,Domain-Specific / Other,Erp-Abas,5,,hard,Domain-Specific / Other
ERP-Innova Excel,Domain-Specific / Other,Erp-Innova Excel,5,,hard,Domain-Specific / Other
ert member,Domain-Specific / Other,Ert Member,5,,hard,Domain-Specific / Other
esha on shop floor. ▪,Domain-Specific / Other,Esha On Shop Floor. ▪,5,,hard,Domain-Specific / Other
esha on shop floor. ▪ successful trial of new product development based on customer requirement & for cost saving. ▪ to lead,Sales & Marketing,Esha On Shop Floor. ▪ Successful Trial Of New Product Development Based On Customer Requirement & For Cost Saving. ▪ To Lead,5,,hard,Sales & Marketing
ESI,Domain-Specific / Other,Esi,5,,hard,Domain-Specific / Other
ESI Returns,Domain-Specific / Other,Esi Returns,5,,hard,Domain-Specific / Other
ESIC,Domain-Specific / Other,Esic,5,,hard,Domain-Specific / Other
e-sip,Domain-Specific / Other,E-Sip,5,,hard,Domain-Specific / Other
establishing safety procedures,Domain-Specific / Other,Establishing Safety Procedures,5,,hard,Domain-Specific / Other
Estimation,Domain-Specific / Other,Estimation,5,,hard,Domain-Specific / Other
etc,Domain-Specific / Other,Etc,5,,hard,Domain-Specific / Other
etc Knowledge of safety standards and usage of PPE&apos,Domain-Specific / Other,Etc Knowledge Of Safety Standards And Usage Of Ppe&Apos,5,,hard,Domain-Specific / Other
Etc.,Domain-Specific / Other,Etc.,5,,hard,Domain-Specific / Other
etc. Endeavoring for settlement and recoveries of old & disputed accounts. Appointing demonstrator&apos,IT & Software,Etc. Endeavoring For Settlement And Recoveries Of Old & Disputed Accounts. Appointing Demonstrator&Apos,5,,hard,IT & Software
etc. for greater clarity. Generating and submitting all prescribed reports (daily sales report,Sales & Marketing,Etc. For Greater Clarity. Generating And Submitting All Prescribed Reports (Daily Sales Report,5,,hard,Sales & Marketing
etc. Serving the requirements in the quickest time to ensure dealer&apos,Design Skills,Etc. Serving The Requirements In The Quickest Time To Ensure Dealer&Apos,5,,hard,Design Skills
e-tds,Finance & Accounts,E-Tds,5,,hard,Finance & Accounts
Ethernet,Domain-Specific / Other,Ethernet,5,,hard,Domain-Specific / Other
ETL,Domain-Specific / Other,Etl,5,,hard,Domain-Specific / Other
EURO),Domain-Specific / Other,Euro),5,,hard,Domain-Specific / Other
Evaporation,Domain-Specific / Other,Evaporation,5,,hard,Domain-Specific / Other
Evaporator,Domain-Specific / Other,Evaporator,5,,hard,Domain-Specific / Other
Event Management,Domain-Specific / Other,Event Management,5,,hard,Domain-Specific / Other
evolve,Domain-Specific / Other,Evolve,5,,hard,Domain-Specific / Other
eway bill,Domain-Specific / Other,Eway Bill,5,,hard,Domain-Specific / Other
E-way bill,Domain-Specific / Other,E-Way Bill,5,,hard,Domain-Specific / Other
EWAYBILL,Domain-Specific / Other,Ewaybill,5,,hard,Domain-Specific / Other
EX Accounting Program,Finance & Accounts,Ex Accounting Program,5,,hard,Finance & Accounts
Examination,Domain-Specific / Other,Examination,5,,hard,Domain-Specific / Other
Examiner,Domain-Specific / Other,Examiner,5,,hard,Domain-Specific / Other
Excel,Domain-Specific / Other,Excel,5,,hard,Domain-Specific / Other
Excel & Power Point),Domain-Specific / Other,Excel & Power Point),5,,hard,Domain-Specific / Other
Excel and powerpoint,Domain-Specific / Other,Excel And Powerpoint,5,,hard,Domain-Specific / Other
Excel and Powerpoint.,Domain-Specific / Other,Excel And Powerpoint.,5,,hard,Domain-Specific / Other
Excel General Accounting,Finance & Accounts,Excel General Accounting,5,,hard,Finance & Accounts
Excel Macros,Domain-Specific / Other,Excel Macros,5,,hard,Domain-Specific / Other
Excel PowerPoint,Domain-Specific / Other,Excel Powerpoint,5,,hard,Domain-Specific / Other
Excel Report Preparation,Domain-Specific / Other,Excel Report Preparation,5,,hard,Domain-Specific / Other
excel reporting,Domain-Specific / Other,Excel Reporting,5,,hard,Domain-Specific / Other
EXCEL SHEET,Domain-Specific / Other,Excel Sheet,5,,hard,Domain-Specific / Other
Excellence,Domain-Specific / Other,Excellence,5,,hard,Domain-Specific / Other
excellent communication skills,Soft Skills,Excellent Communication Skills,5,,soft,Soft Skills
excellent dedication,Domain-Specific / Other,Excellent Dedication,5,,hard,Domain-Specific / Other
Excellent Negotiation Skills,Domain-Specific / Other,Excellent Negotiation Skills,5,,hard,Domain-Specific / Other
excellent problem solving skills,Soft Skills,Excellent Problem Solving Skills,5,,soft,Soft Skills
Excellent Verbal and Written Communication Skills,Soft Skills,Excellent Verbal And Written Communication Skills,5,,soft,Soft Skills
Exceptional ability to present information for customers & Vendors on manufacturing unit level. ?,IT & Software,Exceptional Ability To Present Information For Customers & Vendors On Manufacturing Unit Level. ?,5,,hard,IT & Software
Exceptional leadership and team building qualities in the training,Sales & Marketing,Exceptional Leadership And Team Building Qualities In The Training,5,,soft,Sales & Marketing
Exchangers,Domain-Specific / Other,Exchangers,5,,hard,Domain-Specific / Other
Excise,Domain-Specific / Other,Excise,5,,hard,Domain-Specific / Other
Excise Audit and others. Preparations and Filings of tax returns : Income Tax returns,IT & Software,Excise Audit And Others. Preparations And Filings Of Tax Returns : Income Tax Returns,5,,hard,IT & Software
Excise Audit. Assist in prepare Quarterly,Finance & Accounts,Excise Audit. Assist In Prepare Quarterly,5,,hard,Finance & Accounts
excise dept.,Domain-Specific / Other,Excise Dept.,5,,hard,Domain-Specific / Other
Excise Return,Domain-Specific / Other,Excise Return,5,,hard,Domain-Specific / Other
Excise Returns,Domain-Specific / Other,Excise Returns,5,,hard,Domain-Specific / Other
EXECL,Domain-Specific / Other,Execl,5,,hard,Domain-Specific / Other
Execute & expedite the tasks with Confidence,Domain-Specific / Other,Execute & Expedite The Tasks With Confidence,5,,hard,Domain-Specific / Other
Execute new product with safety norms,Domain-Specific / Other,Execute New Product With Safety Norms,5,,hard,Domain-Specific / Other
Executing cost saving and energy saving techniques Production Planning Control,IT & Software,Executing Cost Saving And Energy Saving Techniques Production Planning Control,5,,hard,IT & Software
Execution,Domain-Specific / Other,Execution,5,,hard,Domain-Specific / Other
Execution guide and lead,Sales & Marketing,Execution Guide And Lead,5,,hard,Sales & Marketing
Execution trouble shooting,Domain-Specific / Other,Execution Trouble Shooting,5,,hard,Domain-Specific / Other
Executive,Domain-Specific / Other,Executive,5,,hard,Domain-Specific / Other
Executive- Accounts,Domain-Specific / Other,Executive- Accounts,5,,hard,Domain-Specific / Other
Executive Management,Domain-Specific / Other,Executive Management,5,,hard,Domain-Specific / Other
Executive Production,Operations & Production,Executive Production,5,,hard,Operations & Production
executive reporting,Domain-Specific / Other,Executive Reporting,5,,hard,Domain-Specific / Other
Executive Support,Domain-Specific / Other,Executive Support,5,,hard,Domain-Specific / Other
Executive-Accounts,Domain-Specific / Other,Executive-Accounts,5,,hard,Domain-Specific / Other
EXEL,Domain-Specific / Other,Exel,5,,hard,Domain-Specific / Other
exhibitions,Domain-Specific / Other,Exhibitions,5,,hard,Domain-Specific / Other
existing components,Domain-Specific / Other,Existing Components,5,,hard,Domain-Specific / Other
Exit Formalities,IT & Software,Exit Formalities,5,,hard,IT & Software
exit process,IT & Software,Exit Process,5,,hard,IT & Software
Expense Analysis,Domain-Specific / Other,Expense Analysis,5,,hard,Domain-Specific / Other
expense control,Domain-Specific / Other,Expense Control,5,,hard,Domain-Specific / Other
expense management,Domain-Specific / Other,Expense Management,5,,hard,Domain-Specific / Other
expense payable administration,Finance & Accounts,Expense Payable Administration,5,,hard,Finance & Accounts
expense variance analysis,Domain-Specific / Other,Expense Variance Analysis,5,,hard,Domain-Specific / Other
expenses,Domain-Specific / Other,Expenses,5,,hard,Domain-Specific / Other
expenses booking,Domain-Specific / Other,Expenses Booking,5,,hard,Domain-Specific / Other
expenses details,Domain-Specific / Other,Expenses Details,5,,hard,Domain-Specific / Other
expenses monitor,Domain-Specific / Other,Expenses Monitor,5,,hard,Domain-Specific / Other
experience,Domain-Specific / Other,Experience,5,,hard,Domain-Specific / Other
experience in CLARIS LIFE SCIENCES LTD. ( Injectable plant),Operations & Production,Experience In Claris Life Sciences Ltd. ( Injectable Plant),5,,hard,Operations & Production
experience in manufacturing indusyries accounts tax roc material other,Finance & Accounts,Experience In Manufacturing Indusyries Accounts Tax Roc Material Other,5,,hard,Finance & Accounts
experience in various chemical and pharmaceutical industries,Healthcare & Clinical,Experience In Various Chemical And Pharmaceutical Industries,5,,hard,Healthcare & Clinical
experience of tpm,Domain-Specific / Other,Experience Of Tpm,5,,hard,Domain-Specific / Other
experience of tpm ims,Domain-Specific / Other,Experience Of Tpm Ims,5,,hard,Domain-Specific / Other
Experienced chemical engg with learnability,Domain-Specific / Other,Experienced Chemical Engg With Learnability,5,,hard,Domain-Specific / Other
Expert,Domain-Specific / Other,Expert,5,,hard,Domain-Specific / Other
Expert accounting software,IT & Software,Expert Accounting Software,5,,hard,IT & Software
Expert in ERP Implementations,Domain-Specific / Other,Expert In Erp Implementations,5,,hard,Domain-Specific / Other
Expertise in API Production and Process optimization,IT & Software,Expertise In Api Production And Process Optimization,5,,hard,IT & Software
Expertise in API Production and Process optimization Pharmaceutical Production,IT & Software,Expertise In Api Production And Process Optimization Pharmaceutical Production,5,,hard,IT & Software
Export,Domain-Specific / Other,Export,5,,hard,Domain-Specific / Other
Export - Sales,Sales & Marketing,Export - Sales,5,,hard,Sales & Marketing
Export & Import Accounting,Finance & Accounts,Export & Import Accounting,5,,hard,Finance & Accounts
Export Coordinator,Domain-Specific / Other,Export Coordinator,5,,hard,Domain-Specific / Other
Export Documentation,Domain-Specific / Other,Export Documentation,5,,hard,Domain-Specific / Other
Export Documentation Assistant,Domain-Specific / Other,Export Documentation Assistant,5,,hard,Domain-Specific / Other
Export Documentation). Playing a role of Food Safety Team leader. Independently handle charge of Quality as Quality In charge of one pack house.,Sales & Marketing,Export Documentation). Playing A Role Of Food Safety Team Leader. Independently Handle Charge Of Quality As Quality In Charge Of One Pack House.,5,,soft,Sales & Marketing
export executive,Domain-Specific / Other,Export Executive,5,,hard,Domain-Specific / Other
Export Import,Domain-Specific / Other,Export Import,5,,hard,Domain-Specific / Other
Export Import Documentation,Domain-Specific / Other,Export Import Documentation,5,,hard,Domain-Specific / Other
Export packing credit & Foreign bills purchased (EPC,IT & Software,Export Packing Credit & Foreign Bills Purchased (Epc,5,,hard,IT & Software
Export packing credit (EPC) account. Stock reconciliation & Valuation,IT & Software,Export Packing Credit (Epc) Account. Stock Reconciliation & Valuation,5,,hard,IT & Software
Export Sales,Sales & Marketing,Export Sales,5,,hard,Sales & Marketing
Exposure To SAP,Domain-Specific / Other,Exposure To Sap,5,,hard,Domain-Specific / Other
External Audit,Finance & Accounts,External Audit,5,,hard,Finance & Accounts
Extruder,Domain-Specific / Other,Extruder,5,,hard,Domain-Specific / Other
extrusion,Domain-Specific / Other,Extrusion,5,,hard,Domain-Specific / Other
F,Domain-Specific / Other,F,5,,hard,Domain-Specific / Other
F forms. Managing of working capital a,IT & Software,F Forms. Managing Of Working Capital A,5,,hard,IT & Software
F&D and CQA to design stability program. Monitor,Design Skills,F&D And Cqa To Design Stability Program. Monitor,5,,hard,Design Skills
F2F and ETI Audit. Internal and External complaint analysis. Send weekly updates & conduct monthly meeting regarding QC issues. Documentation (Generate QC reports,Finance & Accounts,F2F And Eti Audit. Internal And External Complaint Analysis. Send Weekly Updates & Conduct Monthly Meeting Regarding Qc Issues. Documentation (Generate Qc Reports,5,,hard,Finance & Accounts
fabric,Domain-Specific / Other,Fabric,5,,hard,Domain-Specific / Other
Fabric Development,Domain-Specific / Other,Fabric Development,5,,hard,Domain-Specific / Other
fabrication,Domain-Specific / Other,Fabrication,5,,hard,Domain-Specific / Other
Fabrication welding machining cutting bending rolling shearing forming cnc cutting plasma cutting blasting painting testing control across the plant,Operations & Production,Fabrication Welding Machining Cutting Bending Rolling Shearing Forming Cnc Cutting Plasma Cutting Blasting Painting Testing Control Across The Plant,5,,hard,Operations & Production
Fabricator,Domain-Specific / Other,Fabricator,5,,hard,Domain-Specific / Other
Facilitating,Domain-Specific / Other,Facilitating,5,,hard,Domain-Specific / Other
Facilitation,Domain-Specific / Other,Facilitation,5,,hard,Domain-Specific / Other
facilitator,Domain-Specific / Other,Facilitator,5,,hard,Domain-Specific / Other
facilities utilization,Domain-Specific / Other,Facilities Utilization,5,,hard,Domain-Specific / Other
Facility management,Domain-Specific / Other,Facility Management,5,,hard,Domain-Specific / Other
Facility Planning,Domain-Specific / Other,Facility Planning,5,,hard,Domain-Specific / Other
Factory,Domain-Specific / Other,Factory,5,,hard,Domain-Specific / Other
Factory Accounts,Domain-Specific / Other,Factory Accounts,5,,hard,Domain-Specific / Other
Factory Act,Domain-Specific / Other,Factory Act,5,,hard,Domain-Specific / Other
Factory Administration,Domain-Specific / Other,Factory Administration,5,,hard,Domain-Specific / Other
Factory and Inventory Accounts,Operations & Production,Factory And Inventory Accounts,5,,hard,Operations & Production
Factory Head,Domain-Specific / Other,Factory Head,5,,hard,Domain-Specific / Other
Factory Management,Domain-Specific / Other,Factory Management,5,,hard,Domain-Specific / Other
Factory operation,Domain-Specific / Other,Factory Operation,5,,hard,Domain-Specific / Other
Factory Operations,Domain-Specific / Other,Factory Operations,5,,hard,Domain-Specific / Other
Factory Planner,Domain-Specific / Other,Factory Planner,5,,hard,Domain-Specific / Other
faculty,Domain-Specific / Other,Faculty,5,,hard,Domain-Specific / Other
fail trade resolution,Domain-Specific / Other,Fail Trade Resolution,5,,hard,Domain-Specific / Other
Failure Analysis,Domain-Specific / Other,Failure Analysis,5,,hard,Domain-Specific / Other
Fainance,Domain-Specific / Other,Fainance,5,,hard,Domain-Specific / Other
Fanuc Control,Domain-Specific / Other,Fanuc Control,5,,hard,Domain-Specific / Other
Farm Equipment,Design Skills,Farm Equipment,5,,hard,Design Skills
Fashion,Domain-Specific / Other,Fashion,5,,hard,Domain-Specific / Other
Fashion designing,Design Skills,Fashion Designing,5,,hard,Design Skills
Fast Decisign Making.,Domain-Specific / Other,Fast Decisign Making.,5,,hard,Domain-Specific / Other
Fast Food,Domain-Specific / Other,Fast Food,5,,hard,Domain-Specific / Other
fast learner,Domain-Specific / Other,Fast Learner,5,,hard,Domain-Specific / Other
fast learning,Domain-Specific / Other,Fast Learning,5,,hard,Domain-Specific / Other
FAUNA,Domain-Specific / Other,Fauna,5,,hard,Domain-Specific / Other
FBD,Domain-Specific / Other,Fbd,5,,hard,Domain-Specific / Other
FBD Production Scheduling,Operations & Production,Fbd Production Scheduling,5,,hard,Operations & Production
FBP,Domain-Specific / Other,Fbp,5,,hard,Domain-Specific / Other
FBP),Domain-Specific / Other,Fbp),5,,hard,Domain-Specific / Other
FBT VAT etc. Implementing systems & procedures,IT & Software,Fbt Vat Etc. Implementing Systems & Procedures,5,,hard,IT & Software
FCRA,Domain-Specific / Other,Fcra,5,,hard,Domain-Specific / Other
FDA,Domain-Specific / Other,Fda,5,,hard,Domain-Specific / Other
FDA Approved,IT & Software,Fda Approved,5,,hard,IT & Software
FDR,Domain-Specific / Other,Fdr,5,,hard,Domain-Specific / Other
Feeds,Domain-Specific / Other,Feeds,5,,hard,Domain-Specific / Other
Fertilizer,Domain-Specific / Other,Fertilizer,5,,hard,Domain-Specific / Other
fertilizers,Domain-Specific / Other,Fertilizers,5,,hard,Domain-Specific / Other
FG,Domain-Specific / Other,Fg,5,,hard,Domain-Specific / Other
FI-AP,Domain-Specific / Other,Fi-Ap,5,,hard,Domain-Specific / Other
FI-AR,Domain-Specific / Other,Fi-Ar,5,,hard,Domain-Specific / Other
FIBC BAG,Domain-Specific / Other,Fibc Bag,5,,hard,Domain-Specific / Other
FICO,Domain-Specific / Other,Fico,5,,hard,Domain-Specific / Other
Field Instrumentation,Domain-Specific / Other,Field Instrumentation,5,,hard,Domain-Specific / Other
Field Operations,Domain-Specific / Other,Field Operations,5,,hard,Domain-Specific / Other
Field Work,Domain-Specific / Other,Field Work,5,,hard,Domain-Specific / Other
FIFO,Domain-Specific / Other,Fifo,5,,hard,Domain-Specific / Other
FI-GL,Domain-Specific / Other,Fi-Gl,5,,hard,Domain-Specific / Other
file management,Domain-Specific / Other,File Management,5,,hard,Domain-Specific / Other
filing,Domain-Specific / Other,Filing,5,,hard,Domain-Specific / Other
filing corporate tax returns,Finance & Accounts,Filing Corporate Tax Returns,5,,hard,Finance & Accounts
filing stpi –monthly,Domain-Specific / Other,Filing Stpi –Monthly,5,,hard,Domain-Specific / Other
fill-finish,Domain-Specific / Other,Fill-Finish,5,,hard,Domain-Specific / Other
filling all production department documents,Operations & Production,Filling All Production Department Documents,5,,hard,Operations & Production
filling all production department documents Production Supervising,Operations & Production,Filling All Production Department Documents Production Supervising,5,,hard,Operations & Production
filling all Production documents,Operations & Production,Filling All Production Documents,5,,hard,Operations & Production
film dispersion,Domain-Specific / Other,Film Dispersion,5,,hard,Domain-Specific / Other
Film Production,Operations & Production,Film Production,5,,hard,Operations & Production
filter test,Domain-Specific / Other,Filter Test,5,,hard,Domain-Specific / Other
Filter. . Pilot plants. . Reactions like Chlorination,IT & Software,Filter. . Pilot Plants. . Reactions Like Chlorination,5,,hard,IT & Software
Filtration,Domain-Specific / Other,Filtration,5,,hard,Domain-Specific / Other
Finacle,Domain-Specific / Other,Finacle,5,,hard,Domain-Specific / Other
Finacle CRM,Sales & Marketing,Finacle Crm,5,,hard,Sales & Marketing
Final Accounts,Domain-Specific / Other,Final Accounts,5,,hard,Domain-Specific / Other
final inspection,Domain-Specific / Other,Final Inspection,5,,hard,Domain-Specific / Other
finalisation,Domain-Specific / Other,Finalisation,5,,hard,Domain-Specific / Other
Finalisation of Accounts,Domain-Specific / Other,Finalisation Of Accounts,5,,hard,Domain-Specific / Other
finalising and implementing policy,Domain-Specific / Other,Finalising And Implementing Policy,5,,hard,Domain-Specific / Other
finalization,Domain-Specific / Other,Finalization,5,,hard,Domain-Specific / Other
finalization of account,Domain-Specific / Other,Finalization Of Account,5,,hard,Domain-Specific / Other
Finalization of accounts,Domain-Specific / Other,Finalization Of Accounts,5,,hard,Domain-Specific / Other
Financ,Domain-Specific / Other,Financ,5,,hard,Domain-Specific / Other
Finance,Finance & Accounts,Finance,5,,hard,Finance & Accounts
finance & accounting,Finance & Accounts,Finance & Accounting,5,,hard,Finance & Accounts
Finance & Accounting - Other,Finance & Accounts,Finance & Accounting - Other,5,,hard,Finance & Accounts
finance & accounts,Finance & Accounts,Finance & Accounts,5,,hard,Finance & Accounts
Finance & Accounts Date Of Birth & Age,Finance & Accounts,Finance & Accounts Date Of Birth & Age,5,,hard,Finance & Accounts
Finance & Accounts Payroll Management,Finance & Accounts,Finance & Accounts Payroll Management,5,,hard,Finance & Accounts
Finance Accounting,Finance & Accounts,Finance Accounting,5,,hard,Finance & Accounts
Finance Accounts,Finance & Accounts,Finance Accounts,5,,hard,Finance & Accounts
finance analyst,Finance & Accounts,Finance Analyst,5,,hard,Finance & Accounts
finance and accounts,Finance & Accounts,Finance And Accounts,5,,hard,Finance & Accounts
Finance and Operations,Finance & Accounts,Finance And Operations,5,,hard,Finance & Accounts
Finance Control,Finance & Accounts,Finance Control,5,,hard,Finance & Accounts
Finance controller,Finance & Accounts,Finance Controller,5,,hard,Finance & Accounts
Finance Executive,Finance & Accounts,Finance Executive,5,,hard,Finance & Accounts
Finance Function,Finance & Accounts,Finance Function,5,,hard,Finance & Accounts
Finance Functions,Finance & Accounts,Finance Functions,5,,hard,Finance & Accounts
Finance Management,Finance & Accounts,Finance Management,5,,hard,Finance & Accounts
Finance Manager,Finance & Accounts,Finance Manager,5,,hard,Finance & Accounts
Finance Operation,Finance & Accounts,Finance Operation,5,,hard,Finance & Accounts
Finance Operations,Finance & Accounts,Finance Operations,5,,hard,Finance & Accounts
Finance Planning,Finance & Accounts,Finance Planning,5,,hard,Finance & Accounts
financial,Domain-Specific / Other,Financial,5,,hard,Domain-Specific / Other
Financial Account,Domain-Specific / Other,Financial Account,5,,hard,Domain-Specific / Other
Financial Accountant,Domain-Specific / Other,Financial Accountant,5,,hard,Domain-Specific / Other
Financial Accounting,Finance & Accounts,Financial Accounting,5,,hard,Finance & Accounts
Financial Accounting Finance Control,Finance & Accounts,Financial Accounting Finance Control,5,,hard,Finance & Accounts
Financial Accounting > General Accounting,Finance & Accounts,Financial Accounting > General Accounting,5,,hard,Finance & Accounts
Financial accounting and auditing,Finance & Accounts,Financial Accounting And Auditing,5,,hard,Finance & Accounts
Financial Accounting MIS,Finance & Accounts,Financial Accounting Mis,5,,hard,Finance & Accounts
financial accounting standards board,Finance & Accounts,Financial Accounting Standards Board,5,,hard,Finance & Accounts
Financial administration,Domain-Specific / Other,Financial Administration,5,,hard,Domain-Specific / Other
financial advisory,Operations & Production,Financial Advisory,5,,hard,Operations & Production
Financial analysis,Domain-Specific / Other,Financial Analysis,5,,hard,Domain-Specific / Other
financial analysis & planning,Domain-Specific / Other,Financial Analysis & Planning,5,,hard,Domain-Specific / Other
Financial Analyst,Domain-Specific / Other,Financial Analyst,5,,hard,Domain-Specific / Other
financial analytical capabilities,Domain-Specific / Other,Financial Analytical Capabilities,5,,hard,Domain-Specific / Other
Financial Analytics,Domain-Specific / Other,Financial Analytics,5,,hard,Domain-Specific / Other
financial and management accounting,Finance & Accounts,Financial And Management Accounting,5,,hard,Finance & Accounts
financial audit,Finance & Accounts,Financial Audit,5,,hard,Finance & Accounts
Financial Auditing,Finance & Accounts,Financial Auditing,5,,hard,Finance & Accounts
financial audits,Finance & Accounts,Financial Audits,5,,hard,Finance & Accounts
Financial Budgeting,Finance & Accounts,Financial Budgeting,5,,hard,Finance & Accounts
financial budgeting and forecasting,Finance & Accounts,Financial Budgeting And Forecasting,5,,hard,Finance & Accounts
Financial Calculations,Domain-Specific / Other,Financial Calculations,5,,hard,Domain-Specific / Other
Financial Control,Domain-Specific / Other,Financial Control,5,,hard,Domain-Specific / Other
Financial controller,Domain-Specific / Other,Financial Controller,5,,hard,Domain-Specific / Other
Financial controller - Global,Domain-Specific / Other,Financial Controller - Global,5,,hard,Domain-Specific / Other
Financial Controllership,Domain-Specific / Other,Financial Controllership,5,,hard,Domain-Specific / Other
Financial Forecasting,Domain-Specific / Other,Financial Forecasting,5,,hard,Domain-Specific / Other
Financial Management,Domain-Specific / Other,Financial Management,5,,hard,Domain-Specific / Other
Financial Mgmt,Domain-Specific / Other,Financial Mgmt,5,,hard,Domain-Specific / Other
financial modeling,Domain-Specific / Other,Financial Modeling,5,,hard,Domain-Specific / Other
Financial Modelling,Domain-Specific / Other,Financial Modelling,5,,hard,Domain-Specific / Other
financial modules,Domain-Specific / Other,Financial Modules,5,,hard,Domain-Specific / Other
Financial Operations,Domain-Specific / Other,Financial Operations,5,,hard,Domain-Specific / Other
Financial Packages,Domain-Specific / Other,Financial Packages,5,,hard,Domain-Specific / Other
Financial Performance,Domain-Specific / Other,Financial Performance,5,,hard,Domain-Specific / Other
Financial Planning,Domain-Specific / Other,Financial Planning,5,,hard,Domain-Specific / Other
Financial Planning & Analysis,Domain-Specific / Other,Financial Planning & Analysis,5,,hard,Domain-Specific / Other
Financial planning & analysis management,Domain-Specific / Other,Financial Planning & Analysis Management,5,,hard,Domain-Specific / Other
Financial Planning And Analysis,Domain-Specific / Other,Financial Planning And Analysis,5,,hard,Domain-Specific / Other
financial planning and coordination,Domain-Specific / Other,Financial Planning And Coordination,5,,hard,Domain-Specific / Other
financial planning associate,Domain-Specific / Other,Financial Planning Associate,5,,hard,Domain-Specific / Other
Financial Planning Bank Reconciliation,Domain-Specific / Other,Financial Planning Bank Reconciliation,5,,hard,Domain-Specific / Other
Financial planning financial analysis corporate finance p&l balance sheet,Finance & Accounts,Financial Planning Financial Analysis Corporate Finance P&L Balance Sheet,5,,hard,Finance & Accounts
financial re,Domain-Specific / Other,Financial Re,5,,hard,Domain-Specific / Other
Financial Reconciliation,Domain-Specific / Other,Financial Reconciliation,5,,hard,Domain-Specific / Other
Financial reporting,Domain-Specific / Other,Financial Reporting,5,,hard,Domain-Specific / Other
Financial Reporting & Analytics,Domain-Specific / Other,Financial Reporting & Analytics,5,,hard,Domain-Specific / Other
Financial reporting and administration,Domain-Specific / Other,Financial Reporting And Administration,5,,hard,Domain-Specific / Other
Financial Reports,Domain-Specific / Other,Financial Reports,5,,hard,Domain-Specific / Other
Financial Reports > Balance Sheet,Finance & Accounts,Financial Reports > Balance Sheet,5,,hard,Finance & Accounts
Financial Reports > Cash Flow Statement,Domain-Specific / Other,Financial Reports > Cash Flow Statement,5,,hard,Domain-Specific / Other
Financial Reports > Financial Report Writing,Domain-Specific / Other,Financial Reports > Financial Report Writing,5,,hard,Domain-Specific / Other
Financial Research,Domain-Specific / Other,Financial Research,5,,hard,Domain-Specific / Other
financial results,Domain-Specific / Other,Financial Results,5,,hard,Domain-Specific / Other
financial review,Domain-Specific / Other,Financial Review,5,,hard,Domain-Specific / Other
financial review on monthly bases,Domain-Specific / Other,Financial Review On Monthly Bases,5,,hard,Domain-Specific / Other
financial services,Domain-Specific / Other,Financial Services,5,,hard,Domain-Specific / Other
Financial statement,Domain-Specific / Other,Financial Statement,5,,hard,Domain-Specific / Other
Financial Statement Analysis,Domain-Specific / Other,Financial Statement Analysis,5,,hard,Domain-Specific / Other
financial statement auditing,Finance & Accounts,Financial Statement Auditing,5,,hard,Finance & Accounts
Financial Statement Preparation and Analysis,Domain-Specific / Other,Financial Statement Preparation And Analysis,5,,hard,Domain-Specific / Other
financial statements,Domain-Specific / Other,Financial Statements,5,,hard,Domain-Specific / Other
financial statements analysis,Domain-Specific / Other,Financial Statements Analysis,5,,hard,Domain-Specific / Other
Financial Strategy,Domain-Specific / Other,Financial Strategy,5,,hard,Domain-Specific / Other
financial strategy planning,Domain-Specific / Other,Financial Strategy Planning,5,,hard,Domain-Specific / Other
Financial Systems,IT & Software,Financial Systems,5,,hard,IT & Software
financial transactions,Domain-Specific / Other,Financial Transactions,5,,hard,Domain-Specific / Other
FinancialAnalysis,Domain-Specific / Other,Financialanalysis,5,,hard,Domain-Specific / Other
FinancialPlanning,Domain-Specific / Other,Financialplanning,5,,hard,Domain-Specific / Other
FinancialReporting,Domain-Specific / Other,Financialreporting,5,,hard,Domain-Specific / Other
Financials etc. Well versed with MS Word,Domain-Specific / Other,Financials Etc. Well Versed With Ms Word,5,,hard,Domain-Specific / Other
financing,Domain-Specific / Other,Financing,5,,hard,Domain-Specific / Other
Financing Company Operating Systems,IT & Software,Financing Company Operating Systems,5,,hard,IT & Software
finish & packing material,Domain-Specific / Other,Finish & Packing Material,5,,hard,Domain-Specific / Other
Finished Goods,Domain-Specific / Other,Finished Goods,5,,hard,Domain-Specific / Other
Finished Products,Domain-Specific / Other,Finished Products,5,,hard,Domain-Specific / Other
finished products as per IP,Domain-Specific / Other,Finished Products As Per Ip,5,,hard,Domain-Specific / Other
Finishing,Domain-Specific / Other,Finishing,5,,hard,Domain-Specific / Other
fire & safety,Domain-Specific / Other,Fire & Safety,5,,hard,Domain-Specific / Other
FIRE AND SAFETY,Domain-Specific / Other,Fire And Safety,5,,hard,Domain-Specific / Other
Fire extinguishers,Design Skills,Fire Extinguishers,5,,hard,Design Skills
fire fighting,Domain-Specific / Other,Fire Fighting,5,,hard,Domain-Specific / Other
Fire safety,Domain-Specific / Other,Fire Safety,5,,hard,Domain-Specific / Other
FIREWALL,Domain-Specific / Other,Firewall,5,,hard,Domain-Specific / Other
first aider,Domain-Specific / Other,First Aider,5,,hard,Domain-Specific / Other
Fish and Prawn farms,Domain-Specific / Other,Fish And Prawn Farms,5,,hard,Domain-Specific / Other
Fishbone,Domain-Specific / Other,Fishbone,5,,hard,Domain-Specific / Other
Fixed,Domain-Specific / Other,Fixed,5,,hard,Domain-Specific / Other
Fixed asset,Domain-Specific / Other,Fixed Asset,5,,hard,Domain-Specific / Other
Fixed Asset Accounting,Finance & Accounts,Fixed Asset Accounting,5,,hard,Finance & Accounts
Fixed Asset Accounting & CWIP Management,Finance & Accounts,Fixed Asset Accounting & Cwip Management,5,,hard,Finance & Accounts
Fixed Asset Accounting Accounts Payable,Finance & Accounts,Fixed Asset Accounting Accounts Payable,5,,hard,Finance & Accounts
Fixed Asset Accounting Taxation,Finance & Accounts,Fixed Asset Accounting Taxation,5,,hard,Finance & Accounts
Fixed Asset Accounting.,Finance & Accounts,Fixed Asset Accounting.,5,,hard,Finance & Accounts
fixed asset execution,Domain-Specific / Other,Fixed Asset Execution,5,,hard,Domain-Specific / Other
Fixed Assets,Domain-Specific / Other,Fixed Assets,5,,hard,Domain-Specific / Other
Fixed Assets Accounting,Finance & Accounts,Fixed Assets Accounting,5,,hard,Finance & Accounts
Fixed Assets Accounting & Control,Finance & Accounts,Fixed Assets Accounting & Control,5,,hard,Finance & Accounts
Fixed Assets Accounts,Domain-Specific / Other,Fixed Assets Accounts,5,,hard,Domain-Specific / Other
fixed assets management,Domain-Specific / Other,Fixed Assets Management,5,,hard,Domain-Specific / Other
Fixed Assets Mgmt,Domain-Specific / Other,Fixed Assets Mgmt,5,,hard,Domain-Specific / Other
Fixed Assets Planning Management,Domain-Specific / Other,Fixed Assets Planning Management,5,,hard,Domain-Specific / Other
Fixed Assets Register,Domain-Specific / Other,Fixed Assets Register,5,,hard,Domain-Specific / Other
Fixed Assets Register Prepared. Import payment & Export collection,Domain-Specific / Other,Fixed Assets Register Prepared. Import Payment & Export Collection,5,,hard,Domain-Specific / Other
Fixed Deposits,Domain-Specific / Other,Fixed Deposits,5,,hard,Domain-Specific / Other
Fixtures,Domain-Specific / Other,Fixtures,5,,hard,Domain-Specific / Other
Flaker. . Filters - Centrifuge,Domain-Specific / Other,Flaker. . Filters - Centrifuge,5,,hard,Domain-Specific / Other
flash,Domain-Specific / Other,Flash,5,,hard,Domain-Specific / Other
Flash dryer,Domain-Specific / Other,Flash Dryer,5,,hard,Domain-Specific / Other
flexibility,Domain-Specific / Other,Flexibility,5,,hard,Domain-Specific / Other
Flexible,Domain-Specific / Other,Flexible,5,,hard,Domain-Specific / Other
flexible in all work,Domain-Specific / Other,Flexible In All Work,5,,hard,Domain-Specific / Other
Flexible Packaging,Domain-Specific / Other,Flexible Packaging,5,,hard,Domain-Specific / Other
Floor Planning,Domain-Specific / Other,Floor Planning,5,,hard,Domain-Specific / Other
floor stuffing plan,Domain-Specific / Other,Floor Stuffing Plan,5,,hard,Domain-Specific / Other
fluent English,Domain-Specific / Other,Fluent English,5,,hard,Domain-Specific / Other
Fluently speaks & writes English,Domain-Specific / Other,Fluently Speaks & Writes English,5,,hard,Domain-Specific / Other
flying,Domain-Specific / Other,Flying,5,,hard,Domain-Specific / Other
FMCG,Domain-Specific / Other,Fmcg,5,,hard,Domain-Specific / Other
FMCG etc. Financial Accounting,Finance & Accounts,Fmcg Etc. Financial Accounting,5,,hard,Finance & Accounts
FMCG Operations,Domain-Specific / Other,Fmcg Operations,5,,hard,Domain-Specific / Other
Fmea,Domain-Specific / Other,Fmea,5,,hard,Domain-Specific / Other
Focus,Domain-Specific / Other,Focus,5,,hard,Domain-Specific / Other
Focus & Tally ERP,Domain-Specific / Other,Focus & Tally Erp,5,,hard,Domain-Specific / Other
focused action plans and effectively manage department operations. Benchmark industry best practices and motivate production,Operations & Production,Focused Action Plans And Effectively Manage Department Operations. Benchmark Industry Best Practices And Motivate Production,5,,hard,Operations & Production
follow critical parameters,Domain-Specific / Other,Follow Critical Parameters,5,,hard,Domain-Specific / Other
Follow Up,Domain-Specific / Other,Follow Up,5,,hard,Domain-Specific / Other
follow up purchase order,Domain-Specific / Other,Follow Up Purchase Order,5,,hard,Domain-Specific / Other
Follow UPS,Domain-Specific / Other,Follow Ups,5,,hard,Domain-Specific / Other
followed the safety norms,Domain-Specific / Other,Followed The Safety Norms,5,,hard,Domain-Specific / Other
following-up for &apos,Domain-Specific / Other,Following-Up For &Apos,5,,hard,Domain-Specific / Other
Food,Domain-Specific / Other,Food,5,,hard,Domain-Specific / Other
Food & Beverage,Domain-Specific / Other,Food & Beverage,5,,hard,Domain-Specific / Other
Food & Beverage Supervisor,Operations & Production,Food & Beverage Supervisor,5,,hard,Operations & Production
food and safety,Domain-Specific / Other,Food And Safety,5,,hard,Domain-Specific / Other
Food Processing,Domain-Specific / Other,Food Processing,5,,hard,Domain-Specific / Other
food production,Operations & Production,Food Production,5,,hard,Operations & Production
Food Products,Domain-Specific / Other,Food Products,5,,hard,Domain-Specific / Other
Food Quality,Operations & Production,Food Quality,5,,hard,Operations & Production
Food Quality Control,Operations & Production,Food Quality Control,5,,hard,Operations & Production
food raw material technical sale,IT & Software,Food Raw Material Technical Sale,5,,hard,IT & Software
Food Safety,Domain-Specific / Other,Food Safety,5,,hard,Domain-Specific / Other
food safety awareness,Domain-Specific / Other,Food Safety Awareness,5,,hard,Domain-Specific / Other
food safety supervisor,Operations & Production,Food Safety Supervisor,5,,hard,Operations & Production
food spreyer,Domain-Specific / Other,Food Spreyer,5,,hard,Domain-Specific / Other
Food Technologist,IT & Software,Food Technologist,5,,hard,IT & Software
food technologist Food TechnologyProduction Management,IT & Software,Food Technologist Food Technologyproduction Management,5,,hard,IT & Software
Food Technology,IT & Software,Food Technology,5,,hard,IT & Software
forecast,Domain-Specific / Other,Forecast,5,,hard,Domain-Specific / Other
forecasting,Domain-Specific / Other,Forecasting,5,,hard,Domain-Specific / Other
Forecasting analysis,Domain-Specific / Other,Forecasting Analysis,5,,hard,Domain-Specific / Other
foreign exchange,Domain-Specific / Other,Foreign Exchange,5,,hard,Domain-Specific / Other
foreign exchange payments,Domain-Specific / Other,Foreign Exchange Payments,5,,hard,Domain-Specific / Other
foreign remittance,Domain-Specific / Other,Foreign Remittance,5,,hard,Domain-Specific / Other
Foreign remittance. Opening of Foreign & Inland L,Domain-Specific / Other,Foreign Remittance. Opening Of Foreign & Inland L,5,,hard,Domain-Specific / Other
Foreign Trade Policy,Domain-Specific / Other,Foreign Trade Policy,5,,hard,Domain-Specific / Other
Foreman,Domain-Specific / Other,Foreman,5,,hard,Domain-Specific / Other
Forensic,Domain-Specific / Other,Forensic,5,,hard,Domain-Specific / Other
Forex,Domain-Specific / Other,Forex,5,,hard,Domain-Specific / Other
Forex Management,Domain-Specific / Other,Forex Management,5,,hard,Domain-Specific / Other
Forex Operations,Domain-Specific / Other,Forex Operations,5,,hard,Domain-Specific / Other
Forex Risk Management,Domain-Specific / Other,Forex Risk Management,5,,hard,Domain-Specific / Other
forex work,Domain-Specific / Other,Forex Work,5,,hard,Domain-Specific / Other
Forex& Risk Mgmt,Domain-Specific / Other,Forex& Risk Mgmt,5,,hard,Domain-Specific / Other
FORGING,Domain-Specific / Other,Forging,5,,hard,Domain-Specific / Other
Form 20B,Domain-Specific / Other,Form 20B,5,,hard,Domain-Specific / Other
Form 66. Job Profile As Senior Executive Accounts in Kisan Moldings Ltd. Ledgers Scrutiny at regular intervals & Assist in closing of books of accounts. Attending to Auditors during Statutory Audit,Finance & Accounts,Form 66. Job Profile As Senior Executive Accounts In Kisan Moldings Ltd. Ledgers Scrutiny At Regular Intervals & Assist In Closing Of Books Of Accounts. Attending To Auditors During Statutory Audit,5,,hard,Finance & Accounts
Form A1,Domain-Specific / Other,Form A1,5,,hard,Domain-Specific / Other
Form A2 in Bank.,Domain-Specific / Other,Form A2 In Bank.,5,,hard,Domain-Specific / Other
forms,Domain-Specific / Other,Forms,5,,hard,Domain-Specific / Other
Formulas,Domain-Specific / Other,Formulas,5,,hard,Domain-Specific / Other
formulation,Domain-Specific / Other,Formulation,5,,hard,Domain-Specific / Other
Formulation Development,Domain-Specific / Other,Formulation Development,5,,hard,Domain-Specific / Other
Formulation Scientist,Domain-Specific / Other,Formulation Scientist,5,,hard,Domain-Specific / Other
Fortigate Firewall,Domain-Specific / Other,Fortigate Firewall,5,,hard,Domain-Specific / Other
Forward contract Booking,Domain-Specific / Other,Forward Contract Booking,5,,hard,Domain-Specific / Other
FOSTAC,Domain-Specific / Other,Fostac,5,,hard,Domain-Specific / Other
Foundry,Domain-Specific / Other,Foundry,5,,hard,Domain-Specific / Other
foundry processing,Domain-Specific / Other,Foundry Processing,5,,hard,Domain-Specific / Other
FoxPro,Domain-Specific / Other,Foxpro,5,,hard,Domain-Specific / Other
FP,Domain-Specific / Other,Fp,5,,hard,Domain-Specific / Other
fp&a,Domain-Specific / Other,Fp&A,5,,hard,Domain-Specific / Other
fpv,Domain-Specific / Other,Fpv,5,,hard,Domain-Specific / Other
Frame Relay,Domain-Specific / Other,Frame Relay,5,,hard,Domain-Specific / Other
Framework,IT & Software,Framework,5,,hard,IT & Software
free service camps,Domain-Specific / Other,Free Service Camps,5,,hard,Domain-Specific / Other
Freight,Domain-Specific / Other,Freight,5,,hard,Domain-Specific / Other
Freight Management,Domain-Specific / Other,Freight Management,5,,hard,Domain-Specific / Other
fresher,Domain-Specific / Other,Fresher,5,,hard,Domain-Specific / Other
friability,Domain-Specific / Other,Friability,5,,hard,Domain-Specific / Other
friendly,Domain-Specific / Other,Friendly,5,,hard,Domain-Specific / Other
FRM,Domain-Specific / Other,Frm,5,,hard,Domain-Specific / Other
front desk,Domain-Specific / Other,Front Desk,5,,hard,Domain-Specific / Other
front office,Domain-Specific / Other,Front Office,5,,hard,Domain-Specific / Other
frontier,Domain-Specific / Other,Frontier,5,,hard,Domain-Specific / Other
FSMS,Domain-Specific / Other,Fsms,5,,hard,Domain-Specific / Other
FSSAI,Domain-Specific / Other,Fssai,5,,hard,Domain-Specific / Other
FSSC,Domain-Specific / Other,Fssc,5,,hard,Domain-Specific / Other
FSSC 22000,Domain-Specific / Other,Fssc 22000,5,,hard,Domain-Specific / Other
fssc 22000 v5.0,Domain-Specific / Other,Fssc 22000 V5.0,5,,hard,Domain-Specific / Other
FTIR,Domain-Specific / Other,Ftir,5,,hard,Domain-Specific / Other
FTIR & Vacum Oven PH Meter & Electronic Balance,Domain-Specific / Other,Ftir & Vacum Oven Ph Meter & Electronic Balance,5,,hard,Domain-Specific / Other
FTQ,Domain-Specific / Other,Ftq,5,,hard,Domain-Specific / Other
full & final settlement,Domain-Specific / Other,Full & Final Settlement,5,,hard,Domain-Specific / Other
full fill requirment of costomer,Design Skills,Full Fill Requirment Of Costomer,5,,hard,Design Skills
full stack developer,IT & Software,Full Stack Developer,5,,hard,IT & Software
Functional Consultancy,Domain-Specific / Other,Functional Consultancy,5,,hard,Domain-Specific / Other
Functional Consultant,Domain-Specific / Other,Functional Consultant,5,,hard,Domain-Specific / Other
Functional Consultant Role,Domain-Specific / Other,Functional Consultant Role,5,,hard,Domain-Specific / Other
Functional Consultant Role & End User Operations & Training,Domain-Specific / Other,Functional Consultant Role & End User Operations & Training,5,,hard,Domain-Specific / Other
functional management,Domain-Specific / Other,Functional Management,5,,hard,Domain-Specific / Other
Functional Specification,Domain-Specific / Other,Functional Specification,5,,hard,Domain-Specific / Other
Functional Testing,Domain-Specific / Other,Functional Testing,5,,hard,Domain-Specific / Other
Functions Tally 9 ERP Software- Tally Accounting Operations,IT & Software,Functions Tally 9 Erp Software- Tally Accounting Operations,5,,hard,IT & Software
fund,Domain-Specific / Other,Fund,5,,hard,Domain-Specific / Other
Fund Accountant,Domain-Specific / Other,Fund Accountant,5,,hard,Domain-Specific / Other
Fund Accounting,Finance & Accounts,Fund Accounting,5,,hard,Finance & Accounts
fund closing,Domain-Specific / Other,Fund Closing,5,,hard,Domain-Specific / Other
Fund Flow,Domain-Specific / Other,Fund Flow,5,,hard,Domain-Specific / Other
Fund Flow Mgmt,Domain-Specific / Other,Fund Flow Mgmt,5,,hard,Domain-Specific / Other
Fund Flow Statement,Domain-Specific / Other,Fund Flow Statement,5,,hard,Domain-Specific / Other
Fund Management,Domain-Specific / Other,Fund Management,5,,hard,Domain-Specific / Other
Fund Mgmt,Domain-Specific / Other,Fund Mgmt,5,,hard,Domain-Specific / Other
fund of funds,Domain-Specific / Other,Fund Of Funds,5,,hard,Domain-Specific / Other
Fund Raising,Domain-Specific / Other,Fund Raising,5,,hard,Domain-Specific / Other
fundraising,Domain-Specific / Other,Fundraising,5,,hard,Domain-Specific / Other
Funds Flow,Domain-Specific / Other,Funds Flow,5,,hard,Domain-Specific / Other
Funds Flow Management,Domain-Specific / Other,Funds Flow Management,5,,hard,Domain-Specific / Other
fungicide,Domain-Specific / Other,Fungicide,5,,hard,Domain-Specific / Other
Furniture Design,Design Skills,Furniture Design,5,,hard,Design Skills
GAAP,Domain-Specific / Other,Gaap,5,,hard,Domain-Specific / Other
GAAP Accounting,Finance & Accounts,Gaap Accounting,5,,hard,Finance & Accounts
gap analysis,Domain-Specific / Other,Gap Analysis,5,,hard,Domain-Specific / Other
Garment,Domain-Specific / Other,Garment,5,,hard,Domain-Specific / Other
Garment Manufacturing,Operations & Production,Garment Manufacturing,5,,hard,Operations & Production
Garments,Domain-Specific / Other,Garments,5,,hard,Domain-Specific / Other
Gas Chromatography,HR & Recruitment,Gas Chromatography,5,,hard,HR & Recruitment
Gas Cutting,Domain-Specific / Other,Gas Cutting,5,,hard,Domain-Specific / Other
Gas Processing,Domain-Specific / Other,Gas Processing,5,,hard,Domain-Specific / Other
gas station accounting,Finance & Accounts,Gas Station Accounting,5,,hard,Finance & Accounts
GC,Domain-Specific / Other,Gc,5,,hard,Domain-Specific / Other
GC . Conductometry,Domain-Specific / Other,Gc . Conductometry,5,,hard,Domain-Specific / Other
GC Analysis,Domain-Specific / Other,Gc Analysis,5,,hard,Domain-Specific / Other
gc and hplc and icpms.,Domain-Specific / Other,Gc And Hplc And Icpms.,5,,hard,Domain-Specific / Other
GC and LCMS. Instrumentation : Organic spectroscopy methods NMR,Domain-Specific / Other,Gc And Lcms. Instrumentation : Organic Spectroscopy Methods Nmr,5,,hard,Domain-Specific / Other
gc hplc aas,Domain-Specific / Other,Gc Hplc Aas,5,,hard,Domain-Specific / Other
gc hplc aas gcms,Domain-Specific / Other,Gc Hplc Aas Gcms,5,,hard,Domain-Specific / Other
GC HS,Domain-Specific / Other,Gc Hs,5,,hard,Domain-Specific / Other
GC Method,Domain-Specific / Other,Gc Method,5,,hard,Domain-Specific / Other
Gc UPLC,Domain-Specific / Other,Gc Uplc,5,,hard,Domain-Specific / Other
GC.,Domain-Specific / Other,Gc.,5,,hard,Domain-Specific / Other
gc-ms,Domain-Specific / Other,Gc-Ms,5,,hard,Domain-Specific / Other
gear rpm settings,Domain-Specific / Other,Gear Rpm Settings,5,,hard,Domain-Specific / Other
gearbox,Domain-Specific / Other,Gearbox,5,,hard,Domain-Specific / Other
GEL,Domain-Specific / Other,Gel,5,,hard,Domain-Specific / Other
general,Domain-Specific / Other,General,5,,hard,Domain-Specific / Other
general accounti,Domain-Specific / Other,General Accounti,5,,hard,Domain-Specific / Other
General Accounting,Finance & Accounts,General Accounting,5,,hard,Finance & Accounts
General Accounting Daily Accounting,Finance & Accounts,General Accounting Daily Accounting,5,,hard,Finance & Accounts
General Accounting Associate,Finance & Accounts,General Accounting Associate,5,,hard,Finance & Accounts
General Insurance,Domain-Specific / Other,General Insurance,5,,hard,Domain-Specific / Other
General Ledger,Finance & Accounts,General Ledger,5,,hard,Finance & Accounts
General Ledger Accountant,Finance & Accounts,General Ledger Accountant,5,,hard,Finance & Accounts
General Ledger Accounting,Finance & Accounts,General Ledger Accounting,5,,hard,Finance & Accounts
general ledger operations,Finance & Accounts,General Ledger Operations,5,,hard,Finance & Accounts
general ledger reconciliation,Finance & Accounts,General Ledger Reconciliation,5,,hard,Finance & Accounts
General Ledger Scrutiny,Finance & Accounts,General Ledger Scrutiny,5,,hard,Finance & Accounts
General Ledgers,Finance & Accounts,General Ledgers,5,,hard,Finance & Accounts
General Management,Domain-Specific / Other,General Management,5,,hard,Domain-Specific / Other
General Manager,Domain-Specific / Other,General Manager,5,,hard,Domain-Specific / Other
General manager production,Operations & Production,General Manager Production,5,,hard,Operations & Production
GeneralAccounting,Finance & Accounts,Generalaccounting,5,,hard,Finance & Accounts
Generalledger,Finance & Accounts,Generalledger,5,,hard,Finance & Accounts
generally accepted accounting principles,Finance & Accounts,Generally Accepted Accounting Principles,5,,hard,Finance & Accounts
generation,Domain-Specific / Other,Generation,5,,hard,Domain-Specific / Other
Generation of Form 16 and 16A online TDS certificates from TRESS. E-filling of monthly VAT return,Finance & Accounts,Generation Of Form 16 And 16A Online Tds Certificates From Tress. E-Filling Of Monthly Vat Return,5,,hard,Finance & Accounts
generative ai,Domain-Specific / Other,Generative Ai,5,,hard,Domain-Specific / Other
Genius,Domain-Specific / Other,Genius,5,,hard,Domain-Specific / Other
Genius software,IT & Software,Genius Software,5,,hard,IT & Software
Genius Software. . Quick Learner,IT & Software,Genius Software. . Quick Learner,5,,hard,IT & Software
get and tds,Finance & Accounts,Get And Tds,5,,hard,Finance & Accounts
ghost peaks,Domain-Specific / Other,Ghost Peaks,5,,hard,Domain-Specific / Other
GHP,Domain-Specific / Other,Ghp,5,,hard,Domain-Specific / Other
GIDC,Domain-Specific / Other,Gidc,5,,hard,Domain-Specific / Other
ginesys,Domain-Specific / Other,Ginesys,5,,hard,Domain-Specific / Other
GIT,Domain-Specific / Other,Git,5,,hard,Domain-Specific / Other
giving reports to the buyers of non moving items,Domain-Specific / Other,Giving Reports To The Buyers Of Non Moving Items,5,,hard,Domain-Specific / Other
GL,Domain-Specific / Other,Gl,5,,hard,Domain-Specific / Other
Gl Accounting,Finance & Accounts,Gl Accounting,5,,hard,Finance & Accounts
GL Accounts,Domain-Specific / Other,Gl Accounts,5,,hard,Domain-Specific / Other
GL close,Domain-Specific / Other,Gl Close,5,,hard,Domain-Specific / Other
GL Management,Domain-Specific / Other,Gl Management,5,,hard,Domain-Specific / Other
gl process,Domain-Specific / Other,Gl Process,5,,hard,Domain-Specific / Other
glass,Domain-Specific / Other,Glass,5,,hard,Domain-Specific / Other
glass line reactors,IT & Software,Glass Line Reactors,5,,hard,IT & Software
glassfiber,Domain-Specific / Other,Glassfiber,5,,hard,Domain-Specific / Other
Global Accounting,Finance & Accounts,Global Accounting,5,,hard,Finance & Accounts
Global GAP,Domain-Specific / Other,Global Gap,5,,hard,Domain-Specific / Other
Global Operations,Domain-Specific / Other,Global Operations,5,,hard,Domain-Specific / Other
global regulatory compliance,HR & Recruitment,Global Regulatory Compliance,5,,hard,HR & Recruitment
GLP,Domain-Specific / Other,Glp,5,,hard,Domain-Specific / Other
GLR,Domain-Specific / Other,Glr,5,,hard,Domain-Specific / Other
GM,Domain-Specific / Other,Gm,5,,hard,Domain-Specific / Other
GM (Accounts & Finance),Finance & Accounts,Gm (Accounts & Finance),5,,hard,Finance & Accounts
gm-accounts,Domain-Specific / Other,Gm-Accounts,5,,hard,Domain-Specific / Other
Gmail,Domain-Specific / Other,Gmail,5,,hard,Domain-Specific / Other
GM-CFO,Domain-Specific / Other,Gm-Cfo,5,,hard,Domain-Specific / Other
gmi,Domain-Specific / Other,Gmi,5,,hard,Domain-Specific / Other
GMP,Domain-Specific / Other,Gmp,5,,hard,Domain-Specific / Other
gmp (good manufacturing practice),Operations & Production,Gmp (Good Manufacturing Practice),5,,hard,Operations & Production
GMP Compliance,HR & Recruitment,Gmp Compliance,5,,hard,HR & Recruitment
GMP compliance production operation,HR & Recruitment,Gmp Compliance Production Operation,5,,hard,HR & Recruitment
GMP’s…. Successfully carried out BRC,Domain-Specific / Other,Gmp’S…. Successfully Carried Out Brc,5,,hard,Domain-Specific / Other
GMPPRO and ERP,Domain-Specific / Other,Gmppro And Erp,5,,hard,Domain-Specific / Other
GM-Production,Operations & Production,Gm-Production,5,,hard,Operations & Production
goals and objectives of the company. ? Complete responsibility of field activities,Domain-Specific / Other,Goals And Objectives Of The Company. ? Complete Responsibility Of Field Activities,5,,hard,Domain-Specific / Other
Godds & service tax GST,Finance & Accounts,Godds & Service Tax Gst,5,,hard,Finance & Accounts
Godown incharge,Domain-Specific / Other,Godown Incharge,5,,hard,Domain-Specific / Other
GOE Accruals,Domain-Specific / Other,Goe Accruals,5,,hard,Domain-Specific / Other
gold loan,Domain-Specific / Other,Gold Loan,5,,hard,Domain-Specific / Other
Good Aseptic and Clean Area Practices.,Operations & Production,Good Aseptic And Clean Area Practices.,5,,hard,Operations & Production
Good Communication,Soft Skills,Good Communication,5,,soft,Soft Skills
good communication skill,Soft Skills,Good Communication Skill,5,,soft,Soft Skills
good communication skills,Soft Skills,Good Communication Skills,5,,soft,Soft Skills
Good Computer Knowledge,Domain-Specific / Other,Good Computer Knowledge,5,,hard,Domain-Specific / Other
Good document practices,Domain-Specific / Other,Good Document Practices,5,,hard,Domain-Specific / Other
Good Documentation Practices,Domain-Specific / Other,Good Documentation Practices,5,,hard,Domain-Specific / Other
good knowledge about trouble shooting,Domain-Specific / Other,Good Knowledge About Trouble Shooting,5,,hard,Domain-Specific / Other
good knowledge in dairy production accounts,Operations & Production,Good Knowledge In Dairy Production Accounts,5,,hard,Operations & Production
good knowledge in diary procurement accounts Management Accounting,Finance & Accounts,Good Knowledge In Diary Procurement Accounts Management Accounting,5,,hard,Finance & Accounts
good knowledge in inventory management,Operations & Production,Good Knowledge In Inventory Management,5,,hard,Operations & Production
Good Knowledge of Accounting Work,Finance & Accounts,Good Knowledge Of Accounting Work,5,,hard,Finance & Accounts
GOOD KNOWLEDGE OF PRODUCTION DEPARTMENT Production Management,Operations & Production,Good Knowledge Of Production Department Production Management,5,,hard,Operations & Production
Good management skills,Domain-Specific / Other,Good Management Skills,5,,hard,Domain-Specific / Other
Good management skills Production Engineering,Operations & Production,Good Management Skills Production Engineering,5,,hard,Operations & Production
Good Manufacturing Practices,Operations & Production,Good Manufacturing Practices,5,,hard,Operations & Production
good relationship with management,Domain-Specific / Other,Good Relationship With Management,5,,hard,Domain-Specific / Other
goods & service tax,Finance & Accounts,Goods & Service Tax,5,,hard,Finance & Accounts
goods & services tax,Finance & Accounts,Goods & Services Tax,5,,hard,Finance & Accounts
goods and service tax,Finance & Accounts,Goods And Service Tax,5,,hard,Finance & Accounts
goods and services tax (gst),Finance & Accounts,Goods And Services Tax (Gst),5,,hard,Finance & Accounts
Google,Domain-Specific / Other,Google,5,,hard,Domain-Specific / Other
Google Analytics,Domain-Specific / Other,Google Analytics,5,,hard,Domain-Specific / Other
Google Drive,Domain-Specific / Other,Google Drive,5,,hard,Domain-Specific / Other
google sheet,Domain-Specific / Other,Google Sheet,5,,hard,Domain-Specific / Other
Google Sheets,Domain-Specific / Other,Google Sheets,5,,hard,Domain-Specific / Other
Government,Domain-Specific / Other,Government,5,,hard,Domain-Specific / Other
Government Sales,Sales & Marketing,Government Sales,5,,hard,Sales & Marketing
Govt,Domain-Specific / Other,Govt,5,,hard,Domain-Specific / Other
GOVT RELATED MATTER,Domain-Specific / Other,Govt Related Matter,5,,hard,Domain-Specific / Other
Govt.,Domain-Specific / Other,Govt.,5,,hard,Domain-Specific / Other
gpps,Domain-Specific / Other,Gpps,5,,hard,Domain-Specific / Other
GPT,Domain-Specific / Other,Gpt,5,,hard,Domain-Specific / Other
Graduate 12 yrs exp in PRODUCTION,Operations & Production,Graduate 12 Yrs Exp In Production,5,,hard,Operations & Production
graduation,Domain-Specific / Other,Graduation,5,,hard,Domain-Specific / Other
Granulation,Domain-Specific / Other,Granulation,5,,hard,Domain-Specific / Other
Graphs,Domain-Specific / Other,Graphs,5,,hard,Domain-Specific / Other
Gratuity,Design Skills,Gratuity,5,,hard,Design Skills
gravimetric analysis,Domain-Specific / Other,Gravimetric Analysis,5,,hard,Domain-Specific / Other
Grease,Domain-Specific / Other,Grease,5,,hard,Domain-Specific / Other
Green Belt,Domain-Specific / Other,Green Belt,5,,hard,Domain-Specific / Other
green field vendor and contractor monitoring,Operations & Production,Green Field Vendor And Contractor Monitoring,5,,hard,Operations & Production
grievances,Domain-Specific / Other,Grievances,5,,hard,Domain-Specific / Other
Grignard reaction,IT & Software,Grignard Reaction,5,,hard,IT & Software
GRIGNARD REACTION HANDLING,IT & Software,Grignard Reaction Handling,5,,hard,IT & Software
grinding,Domain-Specific / Other,Grinding,5,,hard,Domain-Specific / Other
grinding machine,Domain-Specific / Other,Grinding Machine,5,,hard,Domain-Specific / Other
grn,Domain-Specific / Other,Grn,5,,hard,Domain-Specific / Other
Groovy,Domain-Specific / Other,Groovy,5,,hard,Domain-Specific / Other
ground staff,Domain-Specific / Other,Ground Staff,5,,hard,Domain-Specific / Other
Group Reporting,Domain-Specific / Other,Group Reporting,5,,hard,Domain-Specific / Other
Gs,Domain-Specific / Other,Gs,5,,hard,Domain-Specific / Other
gst,Finance & Accounts,Gst,5,,hard,Finance & Accounts
Gst General Accounting,Finance & Accounts,Gst General Accounting,5,,hard,Finance & Accounts
gst 3b,Finance & Accounts,Gst 3B,5,,hard,Finance & Accounts
gst advisory,Finance & Accounts,Gst Advisory,5,,hard,Finance & Accounts
GST Annual Return,Finance & Accounts,Gst Annual Return,5,,hard,Finance & Accounts
GST Audit,Finance & Accounts,Gst Audit,5,,hard,Finance & Accounts
Gst Audits,Finance & Accounts,Gst Audits,5,,hard,Finance & Accounts
GST Compalince,Finance & Accounts,Gst Compalince,5,,hard,Finance & Accounts
Gst Compliance,Finance & Accounts,Gst Compliance,5,,hard,Finance & Accounts
gst computation,Finance & Accounts,Gst Computation,5,,hard,Finance & Accounts
GST Departmental Audit,Finance & Accounts,Gst Departmental Audit,5,,hard,Finance & Accounts
Gst Filing,Finance & Accounts,Gst Filing,5,,hard,Finance & Accounts
GST Filling,Finance & Accounts,Gst Filling,5,,hard,Finance & Accounts
GST Implementation,Finance & Accounts,Gst Implementation,5,,hard,Finance & Accounts
Gst Payables,Finance & Accounts,Gst Payables,5,,hard,Finance & Accounts
Gst Receivable,Finance & Accounts,Gst Receivable,5,,hard,Finance & Accounts
Gst Reconciliation,Finance & Accounts,Gst Reconciliation,5,,hard,Finance & Accounts
gst reconciliations,Finance & Accounts,Gst Reconciliations,5,,hard,Finance & Accounts
GST Registration,Finance & Accounts,Gst Registration,5,,hard,Finance & Accounts
GST Return,Finance & Accounts,Gst Return,5,,hard,Finance & Accounts
GST Return Filing,Finance & Accounts,Gst Return Filing,5,,hard,Finance & Accounts
GST Returns,Finance & Accounts,Gst Returns,5,,hard,Finance & Accounts
GST ROC ACCOUNTS MATERIAL,Finance & Accounts,Gst Roc Accounts Material,5,,hard,Finance & Accounts
gst software,IT & Software,Gst Software,5,,hard,IT & Software
GST Working,Finance & Accounts,Gst Working,5,,hard,Finance & Accounts
gst1,Finance & Accounts,Gst1,5,,hard,Finance & Accounts
gstr 2a,Finance & Accounts,Gstr 2A,5,,hard,Finance & Accounts
gstr filing,Finance & Accounts,Gstr Filing,5,,hard,Finance & Accounts
gstr-1,Finance & Accounts,Gstr-1,5,,hard,Finance & Accounts
Guest lecturer,Domain-Specific / Other,Guest Lecturer,5,,hard,Domain-Specific / Other
guest relation,Domain-Specific / Other,Guest Relation,5,,hard,Domain-Specific / Other
Gujarat,Domain-Specific / Other,Gujarat,5,,hard,Domain-Specific / Other
gujarati,Domain-Specific / Other,Gujarati,5,,hard,Domain-Specific / Other
Gynecology,Domain-Specific / Other,Gynecology,5,,hard,Domain-Specific / Other
gypsum board,Domain-Specific / Other,Gypsum Board,5,,hard,Domain-Specific / Other
H,Domain-Specific / Other,H,5,,hard,Domain-Specific / Other
HACCP,Domain-Specific / Other,Haccp,5,,hard,Domain-Specific / Other
HACCP LEVEL 4,Domain-Specific / Other,Haccp Level 4,5,,hard,Domain-Specific / Other
HALAL,Domain-Specific / Other,Halal,5,,hard,Domain-Specific / Other
Half Yearly,Domain-Specific / Other,Half Yearly,5,,hard,Domain-Specific / Other
Hana,Domain-Specific / Other,Hana,5,,hard,Domain-Specific / Other
Handle and Knowledge of PLC SACDA DCS,Domain-Specific / Other,Handle And Knowledge Of Plc Sacda Dcs,5,,hard,Domain-Specific / Other
Handled Annual Statutory,Domain-Specific / Other,Handled Annual Statutory,5,,hard,Domain-Specific / Other
handled complete accounts & finance works.,Finance & Accounts,Handled Complete Accounts & Finance Works.,5,,hard,Finance & Accounts
Handling,Domain-Specific / Other,Handling,5,,hard,Domain-Specific / Other
Handling And Supervising Of All Unit Operations,IT & Software,Handling And Supervising Of All Unit Operations,5,,hard,IT & Software
handling audits,Finance & Accounts,Handling Audits,5,,hard,Finance & Accounts
handling cash,Domain-Specific / Other,Handling Cash,5,,hard,Domain-Specific / Other
handling different instruments,Domain-Specific / Other,Handling Different Instruments,5,,hard,Domain-Specific / Other
Handling GST,Finance & Accounts,Handling Gst,5,,hard,Finance & Accounts
Handling Internal and Statutory Audit,Finance & Accounts,Handling Internal And Statutory Audit,5,,hard,Finance & Accounts
Handling manpower,Domain-Specific / Other,Handling Manpower,5,,hard,Domain-Specific / Other
handling of cash,Domain-Specific / Other,Handling Of Cash,5,,hard,Domain-Specific / Other
Handling of different modules in Caliber LIMS,Domain-Specific / Other,Handling Of Different Modules In Caliber Lims,5,,hard,Domain-Specific / Other
Handling of Production block individual,Operations & Production,Handling Of Production Block Individual,5,,hard,Operations & Production
Handling Petty Cash,Domain-Specific / Other,Handling Petty Cash,5,,hard,Domain-Specific / Other
Handling plant operations,Operations & Production,Handling Plant Operations,5,,hard,Operations & Production
handling production related tasks including production,Operations & Production,Handling Production Related Tasks Including Production,5,,hard,Operations & Production
Handling statutory Audits,Finance & Accounts,Handling Statutory Audits,5,,hard,Finance & Accounts
Handling TDS,Finance & Accounts,Handling Tds,5,,hard,Finance & Accounts
Handling total production activity,Operations & Production,Handling Total Production Activity,5,,hard,Operations & Production
Handling total production activity Manpower Handling,Operations & Production,Handling Total Production Activity Manpower Handling,5,,hard,Operations & Production
Handling troubleshooting,Domain-Specific / Other,Handling Troubleshooting,5,,hard,Domain-Specific / Other
hands-on experience of working in QUICK BOOK,Design Skills,Hands-On Experience Of Working In Quick Book,5,,hard,Design Skills
Hard work and team work,Soft Skills,Hard Work And Team Work,5,,soft,Soft Skills
hard working,Domain-Specific / Other,Hard Working,5,,hard,Domain-Specific / Other
Hardgelatin Capsules,Domain-Specific / Other,Hardgelatin Capsules,5,,hard,Domain-Specific / Other
Hardware,Domain-Specific / Other,Hardware,5,,hard,Domain-Specific / Other
hardworking,Domain-Specific / Other,Hardworking,5,,hard,Domain-Specific / Other
hard-working,Domain-Specific / Other,Hard-Working,5,,hard,Domain-Specific / Other
Harvest,Domain-Specific / Other,Harvest,5,,hard,Domain-Specific / Other
having a knowledge of extrusion of black & color masterbatch of commodity & engineering polymer (abs,Operations & Production,Having A Knowledge Of Extrusion Of Black & Color Masterbatch Of Commodity & Engineering Polymer (Abs,5,,hard,Operations & Production
Having Basic Knowledge of MS-Office,Domain-Specific / Other,Having Basic Knowledge Of Ms-Office,5,,hard,Domain-Specific / Other
Hazard Identification,Domain-Specific / Other,Hazard Identification,5,,hard,Domain-Specific / Other
Hazardous Chemicals,Domain-Specific / Other,Hazardous Chemicals,5,,hard,Domain-Specific / Other
Hazop,Domain-Specific / Other,Hazop,5,,hard,Domain-Specific / Other
HAZOP Study,Domain-Specific / Other,Hazop Study,5,,hard,Domain-Specific / Other
HDPE Pipe,Domain-Specific / Other,Hdpe Pipe,5,,hard,Domain-Specific / Other
Head,Domain-Specific / Other,Head,5,,hard,Domain-Specific / Other
Head - Finance & Accounts,Finance & Accounts,Head - Finance & Accounts,5,,hard,Finance & Accounts
Head of Finance and Accounts,Finance & Accounts,Head Of Finance And Accounts,5,,hard,Finance & Accounts
Head production,Operations & Production,Head Production,5,,hard,Operations & Production
Head QA QC,Domain-Specific / Other,Head Qa Qc,5,,hard,Domain-Specific / Other
Heading,Domain-Specific / Other,Heading,5,,hard,Domain-Specific / Other
heading entire converting unit inlcuding production,IT & Software,Heading Entire Converting Unit Inlcuding Production,5,,hard,IT & Software
Heading finance functions involving determining financial objectives,Finance & Accounts,Heading Finance Functions Involving Determining Financial Objectives,5,,hard,Finance & Accounts
health and firefighting programmes and trainings. Interesting Job Area : ? Production Engineer. ? Testing for QC. ? GARDENING.,Operations & Production,Health And Firefighting Programmes And Trainings. Interesting Job Area : ? Production Engineer. ? Testing For Qc. ? Gardening.,5,,hard,Operations & Production
Health Insurance,Healthcare & Clinical,Health Insurance,5,,hard,Healthcare & Clinical
Healthcare,Healthcare & Clinical,Healthcare,5,,hard,Healthcare & Clinical
Heat Exchanger,Domain-Specific / Other,Heat Exchanger,5,,hard,Domain-Specific / Other
Heat Exchangers,Domain-Specific / Other,Heat Exchangers,5,,hard,Domain-Specific / Other
Heat Transfer,Domain-Specific / Other,Heat Transfer,5,,hard,Domain-Specific / Other
heat treatment,Domain-Specific / Other,Heat Treatment,5,,hard,Domain-Specific / Other
Heat ventilation,Domain-Specific / Other,Heat Ventilation,5,,hard,Domain-Specific / Other
Heavy Equipment,Design Skills,Heavy Equipment,5,,hard,Design Skills
Heavy Fabrication,Domain-Specific / Other,Heavy Fabrication,5,,hard,Domain-Specific / Other
Heavy Machinery,Domain-Specific / Other,Heavy Machinery,5,,hard,Domain-Specific / Other
heavy structure development,Domain-Specific / Other,Heavy Structure Development,5,,hard,Domain-Specific / Other
HEDGE FUND,Domain-Specific / Other,Hedge Fund,5,,hard,Domain-Specific / Other
heera,Domain-Specific / Other,Heera,5,,hard,Domain-Specific / Other
Heterocyclic,Domain-Specific / Other,Heterocyclic,5,,hard,Domain-Specific / Other
HFM,Domain-Specific / Other,Hfm,5,,hard,Domain-Specific / Other
HFM Reporting,Domain-Specific / Other,Hfm Reporting,5,,hard,Domain-Specific / Other
high pressure molding,Domain-Specific / Other,High Pressure Molding,5,,hard,Domain-Specific / Other
HIGHEST EDUCATION : NULL,Domain-Specific / Other,Highest Education : Null,5,,hard,Domain-Specific / Other
HIGHEST EDUCATION : PPG,Domain-Specific / Other,Highest Education : Ppg,5,,hard,Domain-Specific / Other
HIGHEST EDUCATION : UG,Domain-Specific / Other,Highest Education : Ug,5,,hard,Domain-Specific / Other
himson,Domain-Specific / Other,Himson,5,,hard,Domain-Specific / Other
Hindi,Domain-Specific / Other,Hindi,5,,hard,Domain-Specific / Other
HIRA,Domain-Specific / Other,Hira,5,,hard,Domain-Specific / Other
Hiring,Domain-Specific / Other,Hiring,5,,hard,Domain-Specific / Other
histograms,Domain-Specific / Other,Histograms,5,,hard,Domain-Specific / Other
HLOOKUP,Domain-Specific / Other,Hlookup,5,,hard,Domain-Specific / Other
HMC,Domain-Specific / Other,Hmc,5,,hard,Domain-Specific / Other
HMI,Domain-Specific / Other,Hmi,5,,hard,Domain-Specific / Other
Hold time Study,Domain-Specific / Other,Hold Time Study,5,,hard,Domain-Specific / Other
Honest,Domain-Specific / Other,Honest,5,,hard,Domain-Specific / Other
honesty,Domain-Specific / Other,Honesty,5,,hard,Domain-Specific / Other
Horticulture,Domain-Specific / Other,Horticulture,5,,hard,Domain-Specific / Other
Hose,Domain-Specific / Other,Hose,5,,hard,Domain-Specific / Other
Hose Pipe,Domain-Specific / Other,Hose Pipe,5,,hard,Domain-Specific / Other
Hospital,Healthcare & Clinical,Hospital,5,,hard,Healthcare & Clinical
HOSPITALITY,Healthcare & Clinical,Hospitality,5,,hard,Healthcare & Clinical
Hotel Accounts,Domain-Specific / Other,Hotel Accounts,5,,hard,Domain-Specific / Other
Hotel Booking,Domain-Specific / Other,Hotel Booking,5,,hard,Domain-Specific / Other
House keeping(5),Domain-Specific / Other,House Keeping(5),5,,hard,Domain-Specific / Other
Housing Finance,Finance & Accounts,Housing Finance,5,,hard,Finance & Accounts
HPDC,Domain-Specific / Other,Hpdc,5,,hard,Domain-Specific / Other
HPLC,Domain-Specific / Other,Hplc,5,,hard,Domain-Specific / Other
Hplc Analysis,Domain-Specific / Other,Hplc Analysis,5,,hard,Domain-Specific / Other
HPLC and GC,Domain-Specific / Other,Hplc And Gc,5,,hard,Domain-Specific / Other
hplc gc icp ms,Domain-Specific / Other,Hplc Gc Icp Ms,5,,hard,Domain-Specific / Other
HPLC GC UV FTIR Analysis,Domain-Specific / Other,Hplc Gc Uv Ftir Analysis,5,,hard,Domain-Specific / Other
HPLC GC UV FTIR CALIBRATION,Domain-Specific / Other,Hplc Gc Uv Ftir Calibration,5,,hard,Domain-Specific / Other
HPLC.,Domain-Specific / Other,Hplc.,5,,hard,Domain-Specific / Other
HR,HR & Recruitment,Hr,5,,hard,HR & Recruitment
HR Administration,HR & Recruitment,Hr Administration,5,,hard,HR & Recruitment
HR and Administration,HR & Recruitment,Hr And Administration,5,,hard,HR & Recruitment
Hr Related Works,HR & Recruitment,Hr Related Works,5,,hard,HR & Recruitment
HRMS,HR & Recruitment,Hrms,5,,hard,HR & Recruitment
HSBP,Domain-Specific / Other,Hsbp,5,,hard,Domain-Specific / Other
hsc,Domain-Specific / Other,Hsc,5,,hard,Domain-Specific / Other
HSE,Domain-Specific / Other,Hse,5,,hard,Domain-Specific / Other
HT,Domain-Specific / Other,Ht,5,,hard,Domain-Specific / Other
HTML,IT & Software,Html,5,,hard,IT & Software
Human resource,Domain-Specific / Other,Human Resource,5,,hard,Domain-Specific / Other
Human Resource Management,Domain-Specific / Other,Human Resource Management,5,,hard,Domain-Specific / Other
Human Resource Management Software,IT & Software,Human Resource Management Software,5,,hard,IT & Software
Human Skills,Domain-Specific / Other,Human Skills,5,,hard,Domain-Specific / Other
Husky GL300,Domain-Specific / Other,Husky Gl300,5,,hard,Domain-Specific / Other
HVAC,Domain-Specific / Other,Hvac,5,,hard,Domain-Specific / Other
Hydrant lines,Domain-Specific / Other,Hydrant Lines,5,,hard,Domain-Specific / Other
hydrogen production,Operations & Production,Hydrogen Production,5,,hard,Operations & Production
Hydrogenation,Domain-Specific / Other,Hydrogenation,5,,hard,Domain-Specific / Other
Hydrogenation. Experience of working in R&D and QC Department.,Design Skills,Hydrogenation. Experience Of Working In R&D And Qc Department.,5,,hard,Design Skills
hygiene,Domain-Specific / Other,Hygiene,5,,hard,Domain-Specific / Other
Hyperion,Domain-Specific / Other,Hyperion,5,,hard,Domain-Specific / Other
Hyperion ERP Systems,IT & Software,Hyperion Erp Systems,5,,hard,IT & Software
Hyperion Planning,Domain-Specific / Other,Hyperion Planning,5,,hard,Domain-Specific / Other
hyperion reporting,Domain-Specific / Other,Hyperion Reporting,5,,hard,Domain-Specific / Other
I Am Expert in Ethoxilation &Amp Manufactering Antioxident,Domain-Specific / Other,I Am Expert In Ethoxilation &Amp Manufactering Antioxident,5,,hard,Domain-Specific / Other
i am good work corogated 5ply 3ply plant my skill is production mantanencs and ppc and qc,Operations & Production,I Am Good Work Corogated 5Ply 3Ply Plant My Skill Is Production Mantanencs And Ppc And Qc,5,,hard,Operations & Production
I have 14 Plus Year experience in Accounts and Account Receivable.,Finance & Accounts,I Have 14 Plus Year Experience In Accounts And Account Receivable.,5,,hard,Finance & Accounts
i have above 3 year experiance.,Domain-Specific / Other,I Have Above 3 Year Experiance.,5,,hard,Domain-Specific / Other
i have knowledge by manpower handing dwm area & kaizen,Domain-Specific / Other,I Have Knowledge By Manpower Handing Dwm Area & Kaizen,5,,hard,Domain-Specific / Other
I take the privilege of offering my extensive skills and experience for this position. I am an expert in various analytical instruments including HPLC,Domain-Specific / Other,I Take The Privilege Of Offering My Extensive Skills And Experience For This Position. I Am An Expert In Various Analytical Instruments Including Hplc,5,,hard,Domain-Specific / Other
I would like to express my upmost interest in applying for the position of Manager Quality control,IT & Software,I Would Like To Express My Upmost Interest In Applying For The Position Of Manager Quality Control,5,,hard,IT & Software
I.D-F.D. fans,Domain-Specific / Other,I.D-F.D. Fans,5,,hard,Domain-Specific / Other
IATA,Domain-Specific / Other,Iata,5,,hard,Domain-Specific / Other
Iatf,Domain-Specific / Other,Iatf,5,,hard,Domain-Specific / Other
Iatf 16949,Domain-Specific / Other,Iatf 16949,5,,hard,Domain-Specific / Other
Icfr Audit,Finance & Accounts,Icfr Audit,5,,hard,Finance & Accounts
ICH,Domain-Specific / Other,Ich,5,,hard,Domain-Specific / Other
ICH Guidelines,Design Skills,Ich Guidelines,5,,hard,Design Skills
ICH-GCP,Domain-Specific / Other,Ich-Gcp,5,,hard,Domain-Specific / Other
icp,Domain-Specific / Other,Icp,5,,hard,Domain-Specific / Other
ICP Reconciliation,Domain-Specific / Other,Icp Reconciliation,5,,hard,Domain-Specific / Other
icpms,Domain-Specific / Other,Icpms,5,,hard,Domain-Specific / Other
icp-ms,Domain-Specific / Other,Icp-Ms,5,,hard,Domain-Specific / Other
ICWA,Domain-Specific / Other,Icwa,5,,hard,Domain-Specific / Other
ICWAI,Domain-Specific / Other,Icwai,5,,hard,Domain-Specific / Other
Idea Generation,Domain-Specific / Other,Idea Generation,5,,hard,Domain-Specific / Other
IDOCS,Domain-Specific / Other,Idocs,5,,hard,Domain-Specific / Other
iec 17025,Domain-Specific / Other,Iec 17025,5,,hard,Domain-Specific / Other
iflow,Domain-Specific / Other,Iflow,5,,hard,Domain-Specific / Other
IFRS,Domain-Specific / Other,Ifrs,5,,hard,Domain-Specific / Other
ifrs (pursuing),Design Skills,Ifrs (Pursuing),5,,hard,Design Skills
IFRS 17,Domain-Specific / Other,Ifrs 17,5,,hard,Domain-Specific / Other
Ifs Erp,Domain-Specific / Other,Ifs Erp,5,,hard,Domain-Specific / Other
Illustrator,Design Skills,Illustrator,5,,hard,Design Skills
imparting continuous on job training for accomplishing greater operational effectiveness,Design Skills,Imparting Continuous On Job Training For Accomplishing Greater Operational Effectiveness,5,,hard,Design Skills
implement,Domain-Specific / Other,Implement,5,,hard,Domain-Specific / Other
implement strategies,Domain-Specific / Other,Implement Strategies,5,,hard,Domain-Specific / Other
Implementation,Domain-Specific / Other,Implementation,5,,hard,Domain-Specific / Other
implementation of good practice at site.,Domain-Specific / Other,Implementation Of Good Practice At Site.,5,,hard,Domain-Specific / Other
Implementing effective techniques,IT & Software,Implementing Effective Techniques,5,,hard,IT & Software
implementing scheduling process to decrease lead time.,Sales & Marketing,Implementing Scheduling Process To Decrease Lead Time.,5,,hard,Sales & Marketing
Implementing Systems,IT & Software,Implementing Systems,5,,hard,IT & Software
Import,Domain-Specific / Other,Import,5,,hard,Domain-Specific / Other
import & export documentation,Domain-Specific / Other,Import & Export Documentation,5,,hard,Domain-Specific / Other
Import & export register,Domain-Specific / Other,Import & Export Register,5,,hard,Domain-Specific / Other
Import and Export,Domain-Specific / Other,Import And Export,5,,hard,Domain-Specific / Other
Import and Export accounting,Finance & Accounts,Import And Export Accounting,5,,hard,Finance & Accounts
Import Export,Domain-Specific / Other,Import Export,5,,hard,Domain-Specific / Other
Import Purchase,Domain-Specific / Other,Import Purchase,5,,hard,Domain-Specific / Other
Import-Export,Domain-Specific / Other,Import-Export,5,,hard,Domain-Specific / Other
Improvement,Domain-Specific / Other,Improvement,5,,hard,Domain-Specific / Other
Improvement Activities,Domain-Specific / Other,Improvement Activities,5,,hard,Domain-Specific / Other
Impurity profile & Environmental Monitoring program as per ISO 14644-1-2015 for sterile & Non-sterile area. Maintaining the QC documents on line which enable the QC readiness for audits anytime. Faced the regulatory audits-USFDA,Finance & Accounts,Impurity Profile & Environmental Monitoring Program As Per Iso 14644-1-2015 For Sterile & Non-Sterile Area. Maintaining The Qc Documents On Line Which Enable The Qc Readiness For Audits Anytime. Faced The Regulatory Audits-Usfda,5,,hard,Finance & Accounts
impurity standards as well as qualification,Domain-Specific / Other,Impurity Standards As Well As Qualification,5,,hard,Domain-Specific / Other
IMS,Domain-Specific / Other,Ims,5,,hard,Domain-Specific / Other
ims audit,Finance & Accounts,Ims Audit,5,,hard,Finance & Accounts
ims auditor,Finance & Accounts,Ims Auditor,5,,hard,Finance & Accounts
In Accounting,Finance & Accounts,In Accounting,5,,hard,Finance & Accounts
INBOUND,Domain-Specific / Other,Inbound,5,,hard,Domain-Specific / Other
Incentives,Domain-Specific / Other,Incentives,5,,hard,Domain-Specific / Other
Incharge Activities,Domain-Specific / Other,Incharge Activities,5,,hard,Domain-Specific / Other
Incident,Domain-Specific / Other,Incident,5,,hard,Domain-Specific / Other
Incident Investigation,Domain-Specific / Other,Incident Investigation,5,,hard,Domain-Specific / Other
incident management,Domain-Specific / Other,Incident Management,5,,hard,Domain-Specific / Other
Incident report and Change control. OOS,Domain-Specific / Other,Incident Report And Change Control. Oos,5,,hard,Domain-Specific / Other
Incidents & deviation handling,Domain-Specific / Other,Incidents & Deviation Handling,5,,hard,Domain-Specific / Other
Inclusive,Domain-Specific / Other,Inclusive,5,,hard,Domain-Specific / Other
Income Auditor,Finance & Accounts,Income Auditor,5,,hard,Finance & Accounts
Income Auditor.SALES BILL,Sales & Marketing,Income Auditor.Sales Bill,5,,hard,Sales & Marketing
income- statement,Domain-Specific / Other,Income- Statement,5,,hard,Domain-Specific / Other
Income tax,Finance & Accounts,Income Tax,5,,hard,Finance & Accounts
Income Tax Assessment,Finance & Accounts,Income Tax Assessment,5,,hard,Finance & Accounts
Income Tax Assessment Proceeding â€“ (Search,Finance & Accounts,Income Tax Assessment Proceeding Â€“ (Search,5,,hard,Finance & Accounts
Income Tax Audit,Finance & Accounts,Income Tax Audit,5,,hard,Finance & Accounts
income tax documentation,Finance & Accounts,Income Tax Documentation,5,,hard,Finance & Accounts
income tax documents,Finance & Accounts,Income Tax Documents,5,,hard,Finance & Accounts
Income Tax Return,Finance & Accounts,Income Tax Return,5,,hard,Finance & Accounts
Income Tax Returns,Finance & Accounts,Income Tax Returns,5,,hard,Finance & Accounts
income tax scrutiny documents,Finance & Accounts,Income Tax Scrutiny Documents,5,,hard,Finance & Accounts
Income Tax Software,IT & Software,Income Tax Software,5,,hard,IT & Software
IncomeTax,Finance & Accounts,Incometax,5,,hard,Finance & Accounts
Incoming Inspection,Domain-Specific / Other,Incoming Inspection,5,,hard,Domain-Specific / Other
incoming quality,Operations & Production,Incoming Quality,5,,hard,Operations & Production
increase oee,Domain-Specific / Other,Increase Oee,5,,hard,Domain-Specific / Other
increase oee of all machines.,Domain-Specific / Other,Increase Oee Of All Machines.,5,,hard,Domain-Specific / Other
increase oee of all machines. increase schedule adherence per day. increase productivity in terms of kg per man – hour. reducing conversion cost by reducing energy cost per kg. implementing scheduling process to decrease lead time. having a knowledge of extrusion of black & color masterbatch of commodity & engineering polymer (abs,Sales & Marketing,Increase Oee Of All Machines. Increase Schedule Adherence Per Day. Increase Productivity In Terms Of Kg Per Man – Hour. Reducing Conversion Cost By Reducing Energy Cost Per Kg. Implementing Scheduling Process To Decrease Lead Time. Having A Knowledge Of Extrusion Of Black & Color Masterbatch Of Commodity & Engineering Polymer (Abs,5,,hard,Sales & Marketing
increase productivity,Domain-Specific / Other,Increase Productivity,5,,hard,Domain-Specific / Other
increase productivity in terms of kg per man – hour.,Domain-Specific / Other,Increase Productivity In Terms Of Kg Per Man – Hour.,5,,hard,Domain-Specific / Other
increase schedule adherence per day.,Domain-Specific / Other,Increase Schedule Adherence Per Day.,5,,hard,Domain-Specific / Other
Ind As,Domain-Specific / Other,Ind As,5,,hard,Domain-Specific / Other
Ind AS accounting and compliances,Finance & Accounts,Ind As Accounting And Compliances,5,,hard,Finance & Accounts
independent,Domain-Specific / Other,Independent,5,,hard,Domain-Specific / Other
Indexing,Domain-Specific / Other,Indexing,5,,hard,Domain-Specific / Other
Indian Accounting,Finance & Accounts,Indian Accounting,5,,hard,Finance & Accounts
indian accounting standards,Finance & Accounts,Indian Accounting Standards,5,,hard,Finance & Accounts
Indian Gaap,Domain-Specific / Other,Indian Gaap,5,,hard,Domain-Specific / Other
Indirect,Domain-Specific / Other,Indirect,5,,hard,Domain-Specific / Other
Indirect Tax,Finance & Accounts,Indirect Tax,5,,hard,Finance & Accounts
indirect tax consultancy,Finance & Accounts,Indirect Tax Consultancy,5,,hard,Finance & Accounts
Indirect Taxation,Finance & Accounts,Indirect Taxation,5,,hard,Finance & Accounts
indirect. tax,Finance & Accounts,Indirect. Tax,5,,hard,Finance & Accounts
IndirectTaxation,Finance & Accounts,Indirecttaxation,5,,hard,Finance & Accounts
Individual Savings Accounts,Domain-Specific / Other,Individual Savings Accounts,5,,hard,Domain-Specific / Other
induction program,Domain-Specific / Other,Induction Program,5,,hard,Domain-Specific / Other
industrial,Domain-Specific / Other,Industrial,5,,hard,Domain-Specific / Other
Industrial automation,Domain-Specific / Other,Industrial Automation,5,,hard,Domain-Specific / Other
Industrial Engineer,Operations & Production,Industrial Engineer,5,,hard,Operations & Production
Industrial Engineering,Operations & Production,Industrial Engineering,5,,hard,Operations & Production
Industrial Engnr,Domain-Specific / Other,Industrial Engnr,5,,hard,Domain-Specific / Other
industrial paint production,Operations & Production,Industrial Paint Production,5,,hard,Operations & Production
Industrial Products,Domain-Specific / Other,Industrial Products,5,,hard,Domain-Specific / Other
industrial relations,Domain-Specific / Other,Industrial Relations,5,,hard,Domain-Specific / Other
Industrial Safety,Domain-Specific / Other,Industrial Safety,5,,hard,Domain-Specific / Other
industrial training,Domain-Specific / Other,Industrial Training,5,,hard,Domain-Specific / Other
Industry Analysis,Domain-Specific / Other,Industry Analysis,5,,hard,Domain-Specific / Other
infor,Domain-Specific / Other,Infor,5,,hard,Domain-Specific / Other
Infor Erp,Domain-Specific / Other,Infor Erp,5,,hard,Domain-Specific / Other
Infor LN,Domain-Specific / Other,Infor Ln,5,,hard,Domain-Specific / Other
Information security,IT & Software,Information Security,5,,hard,IT & Software
information technology,IT & Software,Information Technology,5,,hard,IT & Software
Infrastructure,Domain-Specific / Other,Infrastructure,5,,hard,Domain-Specific / Other
infrastructure (couplers-inspection,Domain-Specific / Other,Infrastructure (Couplers-Inspection,5,,hard,Domain-Specific / Other
Initial Public Offerings,Domain-Specific / Other,Initial Public Offerings,5,,hard,Domain-Specific / Other
initiative,Domain-Specific / Other,Initiative,5,,hard,Domain-Specific / Other
Injectables,Domain-Specific / Other,Injectables,5,,hard,Domain-Specific / Other
Injection,Domain-Specific / Other,Injection,5,,hard,Domain-Specific / Other
Injection Molding,Domain-Specific / Other,Injection Molding,5,,hard,Domain-Specific / Other
injection mould,Domain-Specific / Other,Injection Mould,5,,hard,Domain-Specific / Other
Injection Moulding,Domain-Specific / Other,Injection Moulding,5,,hard,Domain-Specific / Other
injection moulding m,Domain-Specific / Other,Injection Moulding M,5,,hard,Domain-Specific / Other
Injection Moulding Machine,Domain-Specific / Other,Injection Moulding Machine,5,,hard,Domain-Specific / Other
Injection Moulding Operator,Domain-Specific / Other,Injection Moulding Operator,5,,hard,Domain-Specific / Other
inkjet,Domain-Specific / Other,Inkjet,5,,hard,Domain-Specific / Other
innodb,Domain-Specific / Other,Innodb,5,,hard,Domain-Specific / Other
Innovation,Domain-Specific / Other,Innovation,5,,hard,Domain-Specific / Other
Inprocess,Domain-Specific / Other,Inprocess,5,,hard,Domain-Specific / Other
InProcess Inspection,Domain-Specific / Other,Inprocess Inspection,5,,hard,Domain-Specific / Other
Inprocess Quality,Operations & Production,Inprocess Quality,5,,hard,Operations & Production
Insecticides,Domain-Specific / Other,Insecticides,5,,hard,Domain-Specific / Other
Inside Caliper,Domain-Specific / Other,Inside Caliper,5,,hard,Domain-Specific / Other
inside sale,Domain-Specific / Other,Inside Sale,5,,hard,Domain-Specific / Other
Inside Sales,Sales & Marketing,Inside Sales,5,,hard,Sales & Marketing
Inspection,Domain-Specific / Other,Inspection,5,,hard,Domain-Specific / Other
installation,Domain-Specific / Other,Installation,5,,hard,Domain-Specific / Other
Institute,Domain-Specific / Other,Institute,5,,hard,Domain-Specific / Other
instructor,Domain-Specific / Other,Instructor,5,,hard,Domain-Specific / Other
instrument,Domain-Specific / Other,Instrument,5,,hard,Domain-Specific / Other
Instrument Calibration,Domain-Specific / Other,Instrument Calibration,5,,hard,Domain-Specific / Other
Instrument Index,Domain-Specific / Other,Instrument Index,5,,hard,Domain-Specific / Other
Instrument qualification,Domain-Specific / Other,Instrument Qualification,5,,hard,Domain-Specific / Other
Instrument supervisor,Operations & Production,Instrument Supervisor,5,,hard,Operations & Production
instrumental analysis,Domain-Specific / Other,Instrumental Analysis,5,,hard,Domain-Specific / Other
instrumental analysis like gc hplc aas,Domain-Specific / Other,Instrumental Analysis Like Gc Hplc Aas,5,,hard,Domain-Specific / Other
Instrumentation Engineer,Operations & Production,Instrumentation Engineer,5,,hard,Operations & Production
Instrumentation Engineering,Operations & Production,Instrumentation Engineering,5,,hard,Operations & Production
Instrumentation Maintenance,Operations & Production,Instrumentation Maintenance,5,,hard,Operations & Production
instruments calibration,Domain-Specific / Other,Instruments Calibration,5,,hard,Domain-Specific / Other
insurance,Domain-Specific / Other,Insurance,5,,hard,Domain-Specific / Other
Insurance Accounting,Finance & Accounts,Insurance Accounting,5,,hard,Finance & Accounts
Integration,Domain-Specific / Other,Integration,5,,hard,Domain-Specific / Other
Integrations,Domain-Specific / Other,Integrations,5,,hard,Domain-Specific / Other
INTELLEX,Domain-Specific / Other,Intellex,5,,hard,Domain-Specific / Other
Intelligence,Domain-Specific / Other,Intelligence,5,,hard,Domain-Specific / Other
Inter,Domain-Specific / Other,Inter,5,,hard,Domain-Specific / Other
inter audits,Finance & Accounts,Inter Audits,5,,hard,Finance & Accounts
Inter Branch Reconciliation,Domain-Specific / Other,Inter Branch Reconciliation,5,,hard,Domain-Specific / Other
Inter Company Accounting > Intercompany Reconciliations,Finance & Accounts,Inter Company Accounting > Intercompany Reconciliations,5,,hard,Finance & Accounts
inter company fund management,Domain-Specific / Other,Inter Company Fund Management,5,,hard,Domain-Specific / Other
inter company reconciliation,Domain-Specific / Other,Inter Company Reconciliation,5,,hard,Domain-Specific / Other
Inter Company STO Process,Domain-Specific / Other,Inter Company Sto Process,5,,hard,Domain-Specific / Other
Inter Passed,Domain-Specific / Other,Inter Passed,5,,hard,Domain-Specific / Other
inter unit reconcilliation,IT & Software,Inter Unit Reconcilliation,5,,hard,IT & Software
Interaction with Developer for Customizations,IT & Software,Interaction With Developer For Customizations,5,,hard,IT & Software
Intercompany,Domain-Specific / Other,Intercompany,5,,hard,Domain-Specific / Other
Intercompany Accounting,Finance & Accounts,Intercompany Accounting,5,,hard,Finance & Accounts
Intercompany fund transfer,Domain-Specific / Other,Intercompany Fund Transfer,5,,hard,Domain-Specific / Other
Intercompany Reconciliation,Domain-Specific / Other,Intercompany Reconciliation,5,,hard,Domain-Specific / Other
inter-company reconciliation,Domain-Specific / Other,Inter-Company Reconciliation,5,,hard,Domain-Specific / Other
Interest Calculation,Domain-Specific / Other,Interest Calculation,5,,hard,Domain-Specific / Other
Interfaces,Domain-Specific / Other,Interfaces,5,,hard,Domain-Specific / Other
Interior,Domain-Specific / Other,Interior,5,,hard,Domain-Specific / Other
Intermediate,Domain-Specific / Other,Intermediate,5,,hard,Domain-Specific / Other
intermediate bulk and finished products,Domain-Specific / Other,Intermediate Bulk And Finished Products,5,,hard,Domain-Specific / Other
intermediate.,Domain-Specific / Other,Intermediate.,5,,hard,Domain-Specific / Other
Internal,Domain-Specific / Other,Internal,5,,hard,Domain-Specific / Other
Internal & External Audit,Finance & Accounts,Internal & External Audit,5,,hard,Finance & Accounts
Internal Audit,Finance & Accounts,Internal Audit,5,,hard,Finance & Accounts
internal audit and timely submitting of records. ?,IT & Software,Internal Audit And Timely Submitting Of Records. ?,5,,hard,IT & Software
Internal audit reporting,IT & Software,Internal Audit Reporting,5,,hard,IT & Software
Internal Auditing,Finance & Accounts,Internal Auditing,5,,hard,Finance & Accounts
Internal Auditor,Finance & Accounts,Internal Auditor,5,,hard,Finance & Accounts
internal audits,Finance & Accounts,Internal Audits,5,,hard,Finance & Accounts
internal audits handling,Finance & Accounts,Internal Audits Handling,5,,hard,Finance & Accounts
Internal Control,Domain-Specific / Other,Internal Control,5,,hard,Domain-Specific / Other
Internal Control Review,Domain-Specific / Other,Internal Control Review,5,,hard,Domain-Specific / Other
internal controls,Domain-Specific / Other,Internal Controls,5,,hard,Domain-Specific / Other
Internal Financial Control,Domain-Specific / Other,Internal Financial Control,5,,hard,Domain-Specific / Other
internal glass partition,Design Skills,Internal Glass Partition,5,,hard,Design Skills
Internal Orders,Domain-Specific / Other,Internal Orders,5,,hard,Domain-Specific / Other
International Account,Domain-Specific / Other,International Account,5,,hard,Domain-Specific / Other
International Accounting,Finance & Accounts,International Accounting,5,,hard,Finance & Accounts
International Banking,Domain-Specific / Other,International Banking,5,,hard,Domain-Specific / Other
International Financial Reporting,Domain-Specific / Other,International Financial Reporting,5,,hard,Domain-Specific / Other
International Marketing,Sales & Marketing,International Marketing,5,,hard,Sales & Marketing
International Sales,Sales & Marketing,International Sales,5,,hard,Sales & Marketing
international taxation,Finance & Accounts,International Taxation,5,,hard,Finance & Accounts
Internet,Domain-Specific / Other,Internet,5,,hard,Domain-Specific / Other
Internet Applications,IT & Software,Internet Applications,5,,hard,IT & Software
internet awareness,Domain-Specific / Other,Internet Awareness,5,,hard,Domain-Specific / Other
Internet Browsing,Domain-Specific / Other,Internet Browsing,5,,hard,Domain-Specific / Other
internet explorer,Domain-Specific / Other,Internet Explorer,5,,hard,Domain-Specific / Other
Internet Marketing,Sales & Marketing,Internet Marketing,5,,hard,Sales & Marketing
internet surfing,Domain-Specific / Other,Internet Surfing,5,,hard,Domain-Specific / Other
Internet Usage. Accounting Software : SAP,IT & Software,Internet Usage. Accounting Software : Sap,5,,hard,IT & Software
Interpersonal,Domain-Specific / Other,Interpersonal,5,,hard,Domain-Specific / Other
Interpersonal and communication,Soft Skills,Interpersonal And Communication,5,,soft,Soft Skills
Interpersonal skill and communication,Soft Skills,Interpersonal Skill And Communication,5,,soft,Soft Skills
interpersonal skills,Domain-Specific / Other,Interpersonal Skills,5,,hard,Domain-Specific / Other
Inventor,Domain-Specific / Other,Inventor,5,,hard,Domain-Specific / Other
inventories,Domain-Specific / Other,Inventories,5,,hard,Domain-Specific / Other
Inventory,Operations & Production,Inventory,5,,hard,Operations & Production
Inventory Accounting,Finance & Accounts,Inventory Accounting,5,,hard,Finance & Accounts
Inventory Analysis,Operations & Production,Inventory Analysis,5,,hard,Operations & Production
Inventory Analysis-Valuation,Operations & Production,Inventory Analysis-Valuation,5,,hard,Operations & Production
Inventory control,Operations & Production,Inventory Control,5,,hard,Operations & Production
Inventory Management,Operations & Production,Inventory Management,5,,hard,Operations & Production
Inventory Management Accounting Standards,Finance & Accounts,Inventory Management Accounting Standards,5,,hard,Finance & Accounts
Inventory management Scrap management and stock management. ?,Operations & Production,Inventory Management Scrap Management And Stock Management. ?,5,,hard,Operations & Production
Inventory Optimization,Operations & Production,Inventory Optimization,5,,hard,Operations & Production
Inventory Planning,Operations & Production,Inventory Planning,5,,hard,Operations & Production
Inventory Stock,Operations & Production,Inventory Stock,5,,hard,Operations & Production
Inventory Valuation,Operations & Production,Inventory Valuation,5,,hard,Operations & Production
investigation,Domain-Specific / Other,Investigation,5,,hard,Domain-Specific / Other
Investment Accounting,Finance & Accounts,Investment Accounting,5,,hard,Finance & Accounts
Investment Advisor,Operations & Production,Investment Advisor,5,,hard,Operations & Production
Investment Analysis,Domain-Specific / Other,Investment Analysis,5,,hard,Domain-Specific / Other
Investment Banking,Domain-Specific / Other,Investment Banking,5,,hard,Domain-Specific / Other
investment calculation,Domain-Specific / Other,Investment Calculation,5,,hard,Domain-Specific / Other
investment casting,Domain-Specific / Other,Investment Casting,5,,hard,Domain-Specific / Other
investment Finance,Finance & Accounts,Investment Finance,5,,hard,Finance & Accounts
investment management,Domain-Specific / Other,Investment Management,5,,hard,Domain-Specific / Other
Investment Portfolio,Domain-Specific / Other,Investment Portfolio,5,,hard,Domain-Specific / Other
investment strategies,Domain-Specific / Other,Investment Strategies,5,,hard,Domain-Specific / Other
investor accounting,Finance & Accounts,Investor Accounting,5,,hard,Finance & Accounts
investor development,Domain-Specific / Other,Investor Development,5,,hard,Domain-Specific / Other
Investor Relation,Domain-Specific / Other,Investor Relation,5,,hard,Domain-Specific / Other
Investor Reporting,Domain-Specific / Other,Investor Reporting,5,,hard,Domain-Specific / Other
INVOCE,Domain-Specific / Other,Invoce,5,,hard,Domain-Specific / Other
invoice,Finance & Accounts,Invoice,5,,hard,Finance & Accounts
Invoice Generation,Finance & Accounts,Invoice Generation,5,,hard,Finance & Accounts
Invoice Preparation,Finance & Accounts,Invoice Preparation,5,,hard,Finance & Accounts
Invoice Processing,Finance & Accounts,Invoice Processing,5,,hard,Finance & Accounts
Invoice Verification,Finance & Accounts,Invoice Verification,5,,hard,Finance & Accounts
Invoiceing,Finance & Accounts,Invoiceing,5,,hard,Finance & Accounts
Invoices booking,Finance & Accounts,Invoices Booking,5,,hard,Finance & Accounts
Invoicing,Domain-Specific / Other,Invoicing,5,,hard,Domain-Specific / Other
Invoicing > Issuing Invoices,Finance & Accounts,Invoicing > Issuing Invoices,5,,hard,Finance & Accounts
Inward,Domain-Specific / Other,Inward,5,,hard,Domain-Specific / Other
iOS,Domain-Specific / Other,Ios,5,,hard,Domain-Specific / Other
IOT,Domain-Specific / Other,Iot,5,,hard,Domain-Specific / Other
IP,Domain-Specific / Other,Ip,5,,hard,Domain-Specific / Other
ipay,Domain-Specific / Other,Ipay,5,,hard,Domain-Specific / Other
IPC,Domain-Specific / Other,Ipc,5,,hard,Domain-Specific / Other
IPO Team Lead,Sales & Marketing,Ipo Team Lead,5,,soft,Sales & Marketing
IPQA,Domain-Specific / Other,Ipqa,5,,hard,Domain-Specific / Other
IPQC,Domain-Specific / Other,Ipqc,5,,hard,Domain-Specific / Other
IR,Domain-Specific / Other,Ir,5,,hard,Domain-Specific / Other
IR and Mass. Acquainted with HPLC,Domain-Specific / Other,Ir And Mass. Acquainted With Hplc,5,,hard,Domain-Specific / Other
IRIS,Domain-Specific / Other,Iris,5,,hard,Domain-Specific / Other
Irrigation,Domain-Specific / Other,Irrigation,5,,hard,Domain-Specific / Other
Irrigation Engineer,Operations & Production,Irrigation Engineer,5,,hard,Operations & Production
ISO,Operations & Production,Iso,5,,hard,Operations & Production
ISO 22000,Operations & Production,Iso 22000,5,,hard,Operations & Production
iso 9001,Operations & Production,Iso 9001,5,,hard,Operations & Production
iso 9001 standards,Operations & Production,Iso 9001 Standards,5,,hard,Operations & Production
ISO 9001:2015,Operations & Production,Iso 9001:2015,5,,hard,Operations & Production
ISO and GMP compliance,HR & Recruitment,Iso And Gmp Compliance,5,,hard,HR & Recruitment
ISO Documentation,Operations & Production,Iso Documentation,5,,hard,Operations & Production
ISO Implementation,Operations & Production,Iso Implementation,5,,hard,Operations & Production
ISO lead auditor,Sales & Marketing,Iso Lead Auditor,5,,hard,Sales & Marketing
ISO QMS,Operations & Production,Iso Qms,5,,hard,Operations & Production
ISO Systems,IT & Software,Iso Systems,5,,hard,IT & Software
iso ts 16949,Operations & Production,Iso Ts 16949,5,,hard,Operations & Production
ISO9001:2008,Operations & Production,Iso9001:2008,5,,hard,Operations & Production
ISO9001:2008 Production Engineering,Operations & Production,Iso9001:2008 Production Engineering,5,,hard,Operations & Production
Issue Management,Domain-Specific / Other,Issue Management,5,,hard,Domain-Specific / Other
ISTQB,Domain-Specific / Other,Istqb,5,,hard,Domain-Specific / Other
IT,Domain-Specific / Other,It,5,,hard,Domain-Specific / Other
IT asset,IT & Software,It Asset,5,,hard,IT & Software
it asset management,IT & Software,It Asset Management,5,,hard,IT & Software
IT Audit,IT & Software,It Audit,5,,hard,IT & Software
IT Budgeting,IT & Software,It Budgeting,5,,hard,IT & Software
IT Hardware,IT & Software,It Hardware,5,,hard,IT & Software
it management,IT & Software,It Management,5,,hard,IT & Software
IT Recruiter,IT & Software,It Recruiter,5,,hard,IT & Software
IT recruitment,IT & Software,It Recruitment,5,,hard,IT & Software
IT Skills,IT & Software,It Skills,5,,hard,IT & Software
IT Staffing,IT & Software,It Staffing,5,,hard,IT & Software
it strategy,IT & Software,It Strategy,5,,hard,IT & Software
ITR,Domain-Specific / Other,Itr,5,,hard,Domain-Specific / Other
ITR Calculation,Domain-Specific / Other,Itr Calculation,5,,hard,Domain-Specific / Other
ITR Filing,Domain-Specific / Other,Itr Filing,5,,hard,Domain-Specific / Other
Japanese,Domain-Specific / Other,Japanese,5,,hard,Domain-Specific / Other
japanese manufacturing methods,Operations & Production,Japanese Manufacturing Methods,5,,hard,Operations & Production
Java,IT & Software,Java,5,,hard,IT & Software
JavaScript,IT & Software,Javascript,5,,hard,IT & Software
JBOSS,Domain-Specific / Other,Jboss,5,,hard,Domain-Specific / Other
JD Edwards,Domain-Specific / Other,Jd Edwards,5,,hard,Domain-Specific / Other
Jenkins,Domain-Specific / Other,Jenkins,5,,hard,Domain-Specific / Other
Jfrog,Domain-Specific / Other,Jfrog,5,,hard,Domain-Specific / Other
Jgrog,Domain-Specific / Other,Jgrog,5,,hard,Domain-Specific / Other
JH,Domain-Specific / Other,Jh,5,,hard,Domain-Specific / Other
Jigs,Domain-Specific / Other,Jigs,5,,hard,Domain-Specific / Other
JIPM,Domain-Specific / Other,Jipm,5,,hard,Domain-Specific / Other
JIRA Tool,Domain-Specific / Other,Jira Tool,5,,hard,Domain-Specific / Other
JIT,Domain-Specific / Other,Jit,5,,hard,Domain-Specific / Other
Job Safety Analysis,Domain-Specific / Other,Job Safety Analysis,5,,hard,Domain-Specific / Other
Jobs in breweries,Domain-Specific / Other,Jobs In Breweries,5,,hard,Domain-Specific / Other
Joining Formalities,Domain-Specific / Other,Joining Formalities,5,,hard,Domain-Specific / Other
Journal,Domain-Specific / Other,Journal,5,,hard,Domain-Specific / Other
Journal Accounting,Finance & Accounts,Journal Accounting,5,,hard,Finance & Accounts
Journal Bank – Maintaining Cash,Domain-Specific / Other,Journal Bank – Maintaining Cash,5,,hard,Domain-Specific / Other
journal book,Domain-Specific / Other,Journal Book,5,,hard,Domain-Specific / Other
journal entries,Domain-Specific / Other,Journal Entries,5,,hard,Domain-Specific / Other
Journal Voucher,Domain-Specific / Other,Journal Voucher,5,,hard,Domain-Specific / Other
JournalEntries,Domain-Specific / Other,Journalentries,5,,hard,Domain-Specific / Other
Journalism,Domain-Specific / Other,Journalism,5,,hard,Domain-Specific / Other
jQuery,Domain-Specific / Other,Jquery,5,,hard,Domain-Specific / Other
JSA,IT & Software,Jsa,5,,hard,IT & Software
JSP,IT & Software,Jsp,5,,hard,IT & Software
Junior Accountant,Domain-Specific / Other,Junior Accountant,5,,hard,Domain-Specific / Other
Kaizan,Domain-Specific / Other,Kaizan,5,,hard,Domain-Specific / Other
kaizan and lean implementation,Operations & Production,Kaizan And Lean Implementation,5,,hard,Operations & Production
Kaizen,Domain-Specific / Other,Kaizen,5,,hard,Domain-Specific / Other
Kaizen Production Engineering,Operations & Production,Kaizen Production Engineering,5,,hard,Operations & Production
Kaizen Implementation,Domain-Specific / Other,Kaizen Implementation,5,,hard,Domain-Specific / Other
Kaizen Implementation Pharmaceutical Production,Operations & Production,Kaizen Implementation Pharmaceutical Production,5,,hard,Operations & Production
Kanban,Domain-Specific / Other,Kanban,5,,hard,Domain-Specific / Other
Karl Fischer,Domain-Specific / Other,Karl Fischer,5,,hard,Domain-Specific / Other
Karl Fischer Titrator,Domain-Specific / Other,Karl Fischer Titrator,5,,hard,Domain-Specific / Other
Karl Fisher,Domain-Specific / Other,Karl Fisher,5,,hard,Domain-Specific / Other
karl fisher titrator,Domain-Specific / Other,Karl Fisher Titrator,5,,hard,Domain-Specific / Other
Keen Eye for Details,Domain-Specific / Other,Keen Eye For Details,5,,hard,Domain-Specific / Other
keen planner,Domain-Specific / Other,Keen Planner,5,,hard,Domain-Specific / Other
Keep plant presentable and ready for audits.Faced various regulatory audits,Finance & Accounts,Keep Plant Presentable And Ready For Audits.Faced Various Regulatory Audits,5,,hard,Finance & Accounts
Key Account Management,Domain-Specific / Other,Key Account Management,5,,hard,Domain-Specific / Other
Key Accounts,Domain-Specific / Other,Key Accounts,5,,hard,Domain-Specific / Other
key performance indicators,Domain-Specific / Other,Key Performance Indicators,5,,hard,Domain-Specific / Other
Key Result,Domain-Specific / Other,Key Result,5,,hard,Domain-Specific / Other
Key Result Areas,Domain-Specific / Other,Key Result Areas,5,,hard,Domain-Specific / Other
Keyskill Production Officer Jr. Production Officer Production Supervisor Distillation Column Hydrogenation,Operations & Production,Keyskill Production Officer Jr. Production Officer Production Supervisor Distillation Column Hydrogenation,5,,hard,Operations & Production
KeyskillProduction OfficerJr. Production OfficerProduction SupervisorDistillationColumnHydrogenation,Operations & Production,Keyskillproduction Officerjr. Production Officerproduction Supervisordistillationcolumnhydrogenation,5,,hard,Operations & Production
KF,Domain-Specific / Other,Kf,5,,hard,Domain-Specific / Other
KFDA and also ISO 14001 approved Company,IT & Software,Kfda And Also Iso 14001 Approved Company,5,,hard,IT & Software
Kitret Software,IT & Software,Kitret Software,5,,hard,IT & Software
knowlage of accounts,Domain-Specific / Other,Knowlage Of Accounts,5,,hard,Domain-Specific / Other
knowledge,Domain-Specific / Other,Knowledge,5,,hard,Domain-Specific / Other
Knowledge & Operation of Blown Film Extrusion Process,Domain-Specific / Other,Knowledge & Operation Of Blown Film Extrusion Process,5,,hard,Domain-Specific / Other
knowledge about HPLC,Domain-Specific / Other,Knowledge About Hplc,5,,hard,Domain-Specific / Other
Knowledge Management,Domain-Specific / Other,Knowledge Management,5,,hard,Domain-Specific / Other
Knowledge Of GST,Finance & Accounts,Knowledge Of Gst,5,,hard,Finance & Accounts
knowledge of ice plant.,Operations & Production,Knowledge Of Ice Plant.,5,,hard,Operations & Production
knowledge of IND AS,Domain-Specific / Other,Knowledge Of Ind As,5,,hard,Domain-Specific / Other
knowledge of production,Operations & Production,Knowledge Of Production,5,,hard,Operations & Production
knowledge of production plant commissioning,Operations & Production,Knowledge Of Production Plant Commissioning,5,,hard,Operations & Production
KNOWLEDGE OF RETAIL ACCOUNTS,Domain-Specific / Other,Knowledge Of Retail Accounts,5,,hard,Domain-Specific / Other
Knowledge Of SAP,Domain-Specific / Other,Knowledge Of Sap,5,,hard,Domain-Specific / Other
knowlege about sap Executive Production,Operations & Production,Knowlege About Sap Executive Production,5,,hard,Operations & Production
KPI,Domain-Specific / Other,Kpi,5,,hard,Domain-Specific / Other
KPI Analysis,Domain-Specific / Other,Kpi Analysis,5,,hard,Domain-Specific / Other
KPI Monitoring,Domain-Specific / Other,Kpi Monitoring,5,,hard,Domain-Specific / Other
KYC New Business Development,Domain-Specific / Other,Kyc New Business Development,5,,hard,Domain-Specific / Other
L,Domain-Specific / Other,L,5,,hard,Domain-Specific / Other
Lab Assistant,Domain-Specific / Other,Lab Assistant,5,,hard,Domain-Specific / Other
Lab assistant and contract helpers. Preparation and maintenance ISO,Operations & Production,Lab Assistant And Contract Helpers. Preparation And Maintenance Iso,5,,hard,Operations & Production
LAB SOLUTION SOFTWARE GC,IT & Software,Lab Solution Software Gc,5,,hard,IT & Software
Lab Technician,IT & Software,Lab Technician,5,,hard,IT & Software
Lab Testing,Domain-Specific / Other,Lab Testing,5,,hard,Domain-Specific / Other
Labor law,Domain-Specific / Other,Labor Law,5,,hard,Domain-Specific / Other
laboratory,Domain-Specific / Other,Laboratory,5,,hard,Domain-Specific / Other
Labour Management,Domain-Specific / Other,Labour Management,5,,hard,Domain-Specific / Other
labour management in work shop,Domain-Specific / Other,Labour Management In Work Shop,5,,hard,Domain-Specific / Other
lamination,Domain-Specific / Other,Lamination,5,,hard,Domain-Specific / Other
Land Surveyor,Domain-Specific / Other,Land Surveyor,5,,hard,Domain-Specific / Other
Language,Domain-Specific / Other,Language,5,,hard,Domain-Specific / Other
Languages,Domain-Specific / Other,Languages,5,,hard,Domain-Specific / Other
Languages : C,Domain-Specific / Other,Languages : C,5,,hard,Domain-Specific / Other
laser alignment,Domain-Specific / Other,Laser Alignment,5,,hard,Domain-Specific / Other
laser cutting,Domain-Specific / Other,Laser Cutting,5,,hard,Domain-Specific / Other
laser jet printers,Domain-Specific / Other,Laser Jet Printers,5,,hard,Domain-Specific / Other
Laser Marking,Domain-Specific / Other,Laser Marking,5,,hard,Domain-Specific / Other
Laser Welding,Domain-Specific / Other,Laser Welding,5,,hard,Domain-Specific / Other
latex,Domain-Specific / Other,Latex,5,,hard,Domain-Specific / Other
lather prosucts,Domain-Specific / Other,Lather Prosucts,5,,hard,Domain-Specific / Other
launching and business development,Domain-Specific / Other,Launching And Business Development,5,,hard,Domain-Specific / Other
Layout,Domain-Specific / Other,Layout,5,,hard,Domain-Specific / Other
Layout Inspection,Domain-Specific / Other,Layout Inspection,5,,hard,Domain-Specific / Other
lbc chart,Design Skills,Lbc Chart,5,,hard,Design Skills
lc,Domain-Specific / Other,Lc,5,,hard,Domain-Specific / Other
LC & Foreign remittance,Domain-Specific / Other,Lc & Foreign Remittance,5,,hard,Domain-Specific / Other
lc document preparation,Domain-Specific / Other,Lc Document Preparation,5,,hard,Domain-Specific / Other
LC work,Domain-Specific / Other,Lc Work,5,,hard,Domain-Specific / Other
lc-ms,Domain-Specific / Other,Lc-Ms,5,,hard,Domain-Specific / Other
LCMS ICPMS instrumentation,Domain-Specific / Other,Lcms Icpms Instrumentation,5,,hard,Domain-Specific / Other
ldpe coating and lamination,Domain-Specific / Other,Ldpe Coating And Lamination,5,,hard,Domain-Specific / Other
Lead,Sales & Marketing,Lead,5,,hard,Sales & Marketing
Lead and guide internal stack holder,Sales & Marketing,Lead And Guide Internal Stack Holder,5,,hard,Sales & Marketing
Lead and guide internal stack holders,Sales & Marketing,Lead And Guide Internal Stack Holders,5,,hard,Sales & Marketing
Lead Generation,Sales & Marketing,Lead Generation,5,,hard,Sales & Marketing
Lead Operations,Sales & Marketing,Lead Operations,5,,hard,Sales & Marketing
leadership,Sales & Marketing,Leadership,5,,soft,Sales & Marketing
Leadership and team building,Sales & Marketing,Leadership And Team Building,5,,soft,Sales & Marketing
leadership Executive Production,Sales & Marketing,Leadership Executive Production,5,,soft,Sales & Marketing
leadership qualities,Sales & Marketing,Leadership Qualities,5,,soft,Sales & Marketing
Leadership Skills,Sales & Marketing,Leadership Skills,5,,soft,Sales & Marketing
leadership skills Production Supervising,Sales & Marketing,Leadership Skills Production Supervising,5,,soft,Sales & Marketing
leadership technique,IT & Software,Leadership Technique,5,,soft,IT & Software
Leadership& Man Management,Sales & Marketing,Leadership& Man Management,5,,soft,Sales & Marketing
leading & motivating workforce,Sales & Marketing,Leading & Motivating Workforce,5,,hard,Sales & Marketing
Leading a team of Executives Officers Technicians and Operators,IT & Software,Leading A Team Of Executives Officers Technicians And Operators,5,,soft,IT & Software
Lean,Operations & Production,Lean,5,,hard,Operations & Production
Lean implementation,Operations & Production,Lean Implementation,5,,hard,Operations & Production
Lean initiative,Operations & Production,Lean Initiative,5,,hard,Operations & Production
lean management,Operations & Production,Lean Management,5,,hard,Operations & Production
Lean Manufacturing,Operations & Production,Lean Manufacturing,5,,hard,Operations & Production
Lean Manufacturing System,IT & Software,Lean Manufacturing System,5,,hard,IT & Software
Lean Manufacturing Tools,Operations & Production,Lean Manufacturing Tools,5,,hard,Operations & Production
lean process,Operations & Production,Lean Process,5,,hard,Operations & Production
LEAN Production,Operations & Production,Lean Production,5,,hard,Operations & Production
lean six sigma,Operations & Production,Lean Six Sigma,5,,hard,Operations & Production
lean six sigma tools,Operations & Production,Lean Six Sigma Tools,5,,hard,Operations & Production
learn new technologies. team work. decision making.,IT & Software,Learn New Technologies. Team Work. Decision Making.,5,,soft,IT & Software
leave management,Domain-Specific / Other,Leave Management,5,,hard,Domain-Specific / Other
Lecturer,Domain-Specific / Other,Lecturer,5,,hard,Domain-Specific / Other
Led Lighting,Domain-Specific / Other,Led Lighting,5,,hard,Domain-Specific / Other
ledger,Finance & Accounts,Ledger,5,,hard,Finance & Accounts
Ledger Accounting,Finance & Accounts,Ledger Accounting,5,,hard,Finance & Accounts
ledger creation,Finance & Accounts,Ledger Creation,5,,hard,Finance & Accounts
Ledger Posting,Finance & Accounts,Ledger Posting,5,,hard,Finance & Accounts
Ledger Reconciliation,Finance & Accounts,Ledger Reconciliation,5,,hard,Finance & Accounts
Ledger Scrutiny,Finance & Accounts,Ledger Scrutiny,5,,hard,Finance & Accounts
ledgers,Finance & Accounts,Ledgers,5,,hard,Finance & Accounts
ledgerscrutiny,Finance & Accounts,Ledgerscrutiny,5,,hard,Finance & Accounts
legal,Domain-Specific / Other,Legal,5,,hard,Domain-Specific / Other
Legal Advisor,Operations & Production,Legal Advisor,5,,hard,Operations & Production
Legal compliance,HR & Recruitment,Legal Compliance,5,,hard,HR & Recruitment
legal consultant,Domain-Specific / Other,Legal Consultant,5,,hard,Domain-Specific / Other
legal notice,Domain-Specific / Other,Legal Notice,5,,hard,Domain-Specific / Other
leisure,Domain-Specific / Other,Leisure,5,,hard,Domain-Specific / Other
letter of credit,Domain-Specific / Other,Letter Of Credit,5,,hard,Domain-Specific / Other
Level 2 Engineer,Operations & Production,Level 2 Engineer,5,,hard,Operations & Production
Liability,Domain-Specific / Other,Liability,5,,hard,Domain-Specific / Other
liaising,Domain-Specific / Other,Liaising,5,,hard,Domain-Specific / Other
liaison,Operations & Production,Liaison,5,,hard,Operations & Production
liaison and coordination,Operations & Production,Liaison And Coordination,5,,hard,Operations & Production
Liasioning with Auditor,Finance & Accounts,Liasioning With Auditor,5,,hard,Finance & Accounts
Liasioning with Auditor Bank,Finance & Accounts,Liasioning With Auditor Bank,5,,hard,Finance & Accounts
Library,Domain-Specific / Other,Library,5,,hard,Domain-Specific / Other
Life Insurance,Domain-Specific / Other,Life Insurance,5,,hard,Domain-Specific / Other
LIFO,Domain-Specific / Other,Lifo,5,,hard,Domain-Specific / Other
li-ion batteries,Domain-Specific / Other,Li-Ion Batteries,5,,hard,Domain-Specific / Other
Like PAC,Domain-Specific / Other,Like Pac,5,,hard,Domain-Specific / Other
lims,Domain-Specific / Other,Lims,5,,hard,Domain-Specific / Other
LIMS 3.2.1(E) Version,Domain-Specific / Other,Lims 3.2.1(E) Version,5,,hard,Domain-Specific / Other
LIMS System,IT & Software,Lims System,5,,hard,IT & Software
Line Balancing,Domain-Specific / Other,Line Balancing,5,,hard,Domain-Specific / Other
line efficiency,Domain-Specific / Other,Line Efficiency,5,,hard,Domain-Specific / Other
Line Handling,Domain-Specific / Other,Line Handling,5,,hard,Domain-Specific / Other
Line Inspection,Domain-Specific / Other,Line Inspection,5,,hard,Domain-Specific / Other
Line Supervisor,Operations & Production,Line Supervisor,5,,hard,Operations & Production
line up,Domain-Specific / Other,Line Up,5,,hard,Domain-Specific / Other
line wise product mapping base on machine capabilities.,IT & Software,Line Wise Product Mapping Base On Machine Capabilities.,5,,hard,IT & Software
Linson Antony Currently working as Quality control Manager and the job involves leading and supporting the team members in the area of finished product,Sales & Marketing,Linson Antony Currently Working As Quality Control Manager And The Job Involves Leading And Supporting The Team Members In The Area Of Finished Product,5,,soft,Sales & Marketing
Linux,IT & Software,Linux,5,,hard,IT & Software
Liquor,Domain-Specific / Other,Liquor,5,,hard,Domain-Specific / Other
listening ability,Domain-Specific / Other,Listening Ability,5,,hard,Domain-Specific / Other
listening songs,Domain-Specific / Other,Listening Songs,5,,hard,Domain-Specific / Other
Literature Development,Domain-Specific / Other,Literature Development,5,,hard,Domain-Specific / Other
lithium-ion batteries,Domain-Specific / Other,Lithium-Ion Batteries,5,,hard,Domain-Specific / Other
live demos,Domain-Specific / Other,Live Demos,5,,hard,Domain-Specific / Other
LMS,Domain-Specific / Other,Lms,5,,hard,Domain-Specific / Other
LN and DBR+,Domain-Specific / Other,Ln And Dbr+,5,,hard,Domain-Specific / Other
Loading,Domain-Specific / Other,Loading,5,,hard,Domain-Specific / Other
loading finish products,Domain-Specific / Other,Loading Finish Products,5,,hard,Domain-Specific / Other
loading for optimum output. Directing,Domain-Specific / Other,Loading For Optimum Output. Directing,5,,hard,Domain-Specific / Other
loan interest calculation,Domain-Specific / Other,Loan Interest Calculation,5,,hard,Domain-Specific / Other
Loan interest checking. ?,Domain-Specific / Other,Loan Interest Checking. ?,5,,hard,Domain-Specific / Other
Loan Operations,Domain-Specific / Other,Loan Operations,5,,hard,Domain-Specific / Other
loan return,Domain-Specific / Other,Loan Return,5,,hard,Domain-Specific / Other
loans,Domain-Specific / Other,Loans,5,,hard,Domain-Specific / Other
Logging,Domain-Specific / Other,Logging,5,,hard,Domain-Specific / Other
logicnet,Domain-Specific / Other,Logicnet,5,,hard,Domain-Specific / Other
Logis,Domain-Specific / Other,Logis,5,,hard,Domain-Specific / Other
Logistic,Domain-Specific / Other,Logistic,5,,hard,Domain-Specific / Other
LOGISTICS,Operations & Production,Logistics,5,,hard,Operations & Production
logistics and supply chain,Operations & Production,Logistics And Supply Chain,5,,hard,Operations & Production
logistics and supply chain. Heading the Procurement team,Operations & Production,Logistics And Supply Chain. Heading The Procurement Team,5,,soft,Operations & Production
logistics management,Operations & Production,Logistics Management,5,,hard,Operations & Production
Logistics Operations,Operations & Production,Logistics Operations,5,,hard,Operations & Production
Looking Packaging Areas,Domain-Specific / Other,Looking Packaging Areas,5,,hard,Domain-Specific / Other
Looking the production activity,Operations & Production,Looking The Production Activity,5,,hard,Operations & Production
Lookup,Domain-Specific / Other,Lookup,5,,hard,Domain-Specific / Other
Loop Checking,Domain-Specific / Other,Loop Checking,5,,hard,Domain-Specific / Other
loss,Domain-Specific / Other,Loss,5,,hard,Domain-Specific / Other
Loss Analysis,Domain-Specific / Other,Loss Analysis,5,,hard,Domain-Specific / Other
Loss Prevention,Domain-Specific / Other,Loss Prevention,5,,hard,Domain-Specific / Other
lotus notes,Domain-Specific / Other,Lotus Notes,5,,hard,Domain-Specific / Other
Love Challenging jobs,Domain-Specific / Other,Love Challenging Jobs,5,,hard,Domain-Specific / Other
loyalty towards the organization,Domain-Specific / Other,Loyalty Towards The Organization,5,,hard,Domain-Specific / Other
LSMW,Domain-Specific / Other,Lsmw,5,,hard,Domain-Specific / Other
Lubricants,Domain-Specific / Other,Lubricants,5,,hard,Domain-Specific / Other
Lut,Domain-Specific / Other,Lut,5,,hard,Domain-Specific / Other
LWF,Domain-Specific / Other,Lwf,5,,hard,Domain-Specific / Other
m com,Domain-Specific / Other,M Com,5,,hard,Domain-Specific / Other
M S Office,Domain-Specific / Other,M S Office,5,,hard,Domain-Specific / Other
M.S Excel,Domain-Specific / Other,M.S Excel,5,,hard,Domain-Specific / Other
M.S Office,Domain-Specific / Other,M.S Office,5,,hard,Domain-Specific / Other
M.S. OFFICE,Domain-Specific / Other,M.S. Office,5,,hard,Domain-Specific / Other
m.sc. organic chemistry,Domain-Specific / Other,M.Sc. Organic Chemistry,5,,hard,Domain-Specific / Other
mace audits,Finance & Accounts,Mace Audits,5,,hard,Finance & Accounts
machine assembly,Domain-Specific / Other,Machine Assembly,5,,hard,Domain-Specific / Other
machine breakdown maintenance,Operations & Production,Machine Breakdown Maintenance,5,,hard,Operations & Production
Machine Design,Design Skills,Machine Design,5,,hard,Design Skills
Machine Learning,Domain-Specific / Other,Machine Learning,5,,hard,Domain-Specific / Other
machine maintenance,Operations & Production,Machine Maintenance,5,,hard,Operations & Production
machine maintenance.production production incharge and ppc production planning,Operations & Production,Machine Maintenance.Production Production Incharge And Ppc Production Planning,5,,hard,Operations & Production
Machine Operating,Domain-Specific / Other,Machine Operating,5,,hard,Domain-Specific / Other
Machine Planning,Domain-Specific / Other,Machine Planning,5,,hard,Domain-Specific / Other
Machine Scheduling,Domain-Specific / Other,Machine Scheduling,5,,hard,Domain-Specific / Other
Machine Setting,Domain-Specific / Other,Machine Setting,5,,hard,Domain-Specific / Other
machine shop,Domain-Specific / Other,Machine Shop,5,,hard,Domain-Specific / Other
Machine Tools,Domain-Specific / Other,Machine Tools,5,,hard,Domain-Specific / Other
Machine training,Domain-Specific / Other,Machine Training,5,,hard,Domain-Specific / Other
machine troubleshooting,Domain-Specific / Other,Machine Troubleshooting,5,,hard,Domain-Specific / Other
machine working,Domain-Specific / Other,Machine Working,5,,hard,Domain-Specific / Other
machinery,Domain-Specific / Other,Machinery,5,,hard,Domain-Specific / Other
Machinery Production,Operations & Production,Machinery Production,5,,hard,Operations & Production
Macros,Domain-Specific / Other,Macros,5,,hard,Domain-Specific / Other
Magnetic Particle Testing,Design Skills,Magnetic Particle Testing,5,,hard,Design Skills
mail,Domain-Specific / Other,Mail,5,,hard,Domain-Specific / Other
Mainly I do working in Toluene Benzene Nitrobenzene ODCB nitration and Distillation and crystallization plant as a DCS supervisor Maintaining production rate and handle the manpower with safely Daily reporting executive to production manager.,Operations & Production,Mainly I Do Working In Toluene Benzene Nitrobenzene Odcb Nitration And Distillation And Crystallization Plant As A Dcs Supervisor Maintaining Production Rate And Handle The Manpower With Safely Daily Reporting Executive To Production Manager.,5,,hard,Operations & Production
Mainly I do working in Toluene Benzene Nitrobenzene ODCB nitration and Distillation and crystallization plant as a DCS supervisor Maintaining production rate and handle the manpower with safely Daily reporting executive to production manager. Production Supervising,Operations & Production,Mainly I Do Working In Toluene Benzene Nitrobenzene Odcb Nitration And Distillation And Crystallization Plant As A Dcs Supervisor Maintaining Production Rate And Handle The Manpower With Safely Daily Reporting Executive To Production Manager. Production Supervising,5,,hard,Operations & Production
Maintain all accounting till finalisation,Finance & Accounts,Maintain All Accounting Till Finalisation,5,,hard,Finance & Accounts
maintain bom item as per production plan,Operations & Production,Maintain Bom Item As Per Production Plan,5,,hard,Operations & Production
Maintain Book,Domain-Specific / Other,Maintain Book,5,,hard,Domain-Specific / Other
maintain cash & bank book.,Domain-Specific / Other,Maintain Cash & Bank Book.,5,,hard,Domain-Specific / Other
Maintain Day Book,Domain-Specific / Other,Maintain Day Book,5,,hard,Domain-Specific / Other
Maintain documentation as per regulatory requirement. training of persons Production Management,Operations & Production,Maintain Documentation As Per Regulatory Requirement. Training Of Persons Production Management,5,,hard,Operations & Production
Maintain of All Documentary,Domain-Specific / Other,Maintain Of All Documentary,5,,hard,Domain-Specific / Other
Maintainance,Domain-Specific / Other,Maintainance,5,,hard,Domain-Specific / Other
maintaining,Domain-Specific / Other,Maintaining,5,,hard,Domain-Specific / Other
Maintaining & preparing statutory books of accounts,Domain-Specific / Other,Maintaining & Preparing Statutory Books Of Accounts,5,,hard,Domain-Specific / Other
Maintaining Accounts ( In Tally ERP – 9) Cash Book – Posting of of Cash Voucher Accounts. Register - Purchase,Domain-Specific / Other,Maintaining Accounts ( In Tally Erp – 9) Cash Book – Posting Of Of Cash Voucher Accounts. Register - Purchase,5,,hard,Domain-Specific / Other
Maintaining and preparing all the requirement papers for the Subsidy. ?,Design Skills,Maintaining And Preparing All The Requirement Papers For The Subsidy. ?,5,,hard,Design Skills
Maintaining and scrutinizing books of accounts,Domain-Specific / Other,Maintaining And Scrutinizing Books Of Accounts,5,,hard,Domain-Specific / Other
Maintaining Day to day MIS reports,Domain-Specific / Other,Maintaining Day To Day Mis Reports,5,,hard,Domain-Specific / Other
maintaining fixed asset register,Domain-Specific / Other,Maintaining Fixed Asset Register,5,,hard,Domain-Specific / Other
maintaining record of issue,Domain-Specific / Other,Maintaining Record Of Issue,5,,hard,Domain-Specific / Other
maintains,Domain-Specific / Other,Maintains,5,,hard,Domain-Specific / Other
maintenance,Operations & Production,Maintenance,5,,hard,Operations & Production
maintenance & repair,Operations & Production,Maintenance & Repair,5,,hard,Operations & Production
maintenance activities,Operations & Production,Maintenance Activities,5,,hard,Operations & Production
maintenance engineer,Operations & Production,Maintenance Engineer,5,,hard,Operations & Production
Maintenance Engineering,Operations & Production,Maintenance Engineering,5,,hard,Operations & Production
Maintenance Engnr,Operations & Production,Maintenance Engnr,5,,hard,Operations & Production
maintenance express request,Operations & Production,Maintenance Express Request,5,,hard,Operations & Production
maintenance fitter operator,Operations & Production,Maintenance Fitter Operator,5,,hard,Operations & Production
Maintenance Management,Operations & Production,Maintenance Management,5,,hard,Operations & Production
maintenance of accounts,Operations & Production,Maintenance Of Accounts,5,,hard,Operations & Production
Maintenance Operations,Operations & Production,Maintenance Operations,5,,hard,Operations & Production
Maintenance Operations Production Management,Operations & Production,Maintenance Operations Production Management,5,,hard,Operations & Production
maintenance related,Operations & Production,Maintenance Related,5,,hard,Operations & Production
maintenance supervision,Operations & Production,Maintenance Supervision,5,,hard,Operations & Production
Maintenance Supervisor,Operations & Production,Maintenance Supervisor,5,,hard,Operations & Production
maintenance.,Operations & Production,Maintenance.,5,,hard,Operations & Production
maintenance. implementation of good practice at site. manpower management. responsible for effectively managing day to day team | 13 yrs,Operations & Production,Maintenance. Implementation Of Good Practice At Site. Manpower Management. Responsible For Effectively Managing Day To Day Team | 13 Yrs,5,,soft,Operations & Production
Major Accounts,Domain-Specific / Other,Major Accounts,5,,hard,Domain-Specific / Other
Make file,Domain-Specific / Other,Make File,5,,hard,Domain-Specific / Other
make sure to give them positive feedback & acknowkedge work.,Domain-Specific / Other,Make Sure To Give Them Positive Feedback & Acknowkedge Work.,5,,hard,Domain-Specific / Other
Making BRC (Bank realization certificate) . Submission of EP copy (Exchange control cop- triplicate),Certifications,Making Brc (Bank Realization Certificate) . Submission Of Ep Copy (Exchange Control Cop- Triplicate),5,,hard,Certifications
making transfer lists of non moving items. Designing & implementing sales plans and new store concepts to generate increased sales for achievement of revenue targets. Creating initiatives,Sales & Marketing,Making Transfer Lists Of Non Moving Items. Designing & Implementing Sales Plans And New Store Concepts To Generate Increased Sales For Achievement Of Revenue Targets. Creating Initiatives,5,,hard,Sales & Marketing
Man Management,Domain-Specific / Other,Man Management,5,,hard,Domain-Specific / Other
man management time management,Soft Skills,Man Management Time Management,5,,soft,Soft Skills
man power,Domain-Specific / Other,Man Power,5,,hard,Domain-Specific / Other
Man Power Handling,Domain-Specific / Other,Man Power Handling,5,,hard,Domain-Specific / Other
Manage all accounting transaction,Finance & Accounts,Manage All Accounting Transaction,5,,hard,Finance & Accounts
Manage Escalations and issues.,Domain-Specific / Other,Manage Escalations And Issues.,5,,hard,Domain-Specific / Other
Manage manpower plan & production we are working at FIFO Chart,Operations & Production,Manage Manpower Plan & Production We Are Working At Fifo Chart,5,,hard,Operations & Production
Manage Multiproduct Facility Plants,Operations & Production,Manage Multiproduct Facility Plants,5,,hard,Operations & Production
Management,Domain-Specific / Other,Management,5,,hard,Domain-Specific / Other
Management Accounting,Finance & Accounts,Management Accounting,5,,hard,Finance & Accounts
Management accounts,Domain-Specific / Other,Management Accounts,5,,hard,Domain-Specific / Other
Management Audit,Finance & Accounts,Management Audit,5,,hard,Finance & Accounts
Management Consulting,Domain-Specific / Other,Management Consulting,5,,hard,Domain-Specific / Other
Management decision,Domain-Specific / Other,Management Decision,5,,hard,Domain-Specific / Other
Management Executive,Domain-Specific / Other,Management Executive,5,,hard,Domain-Specific / Other
management information system,IT & Software,Management Information System,5,,hard,IT & Software
management information systems (mis),IT & Software,Management Information Systems (Mis),5,,hard,IT & Software
Management of Reference,Domain-Specific / Other,Management Of Reference,5,,hard,Domain-Specific / Other
management planning,Domain-Specific / Other,Management Planning,5,,hard,Domain-Specific / Other
Management Reporting,Domain-Specific / Other,Management Reporting,5,,hard,Domain-Specific / Other
Management skill,Domain-Specific / Other,Management Skill,5,,hard,Domain-Specific / Other
Management Skills,Domain-Specific / Other,Management Skills,5,,hard,Domain-Specific / Other
MANAGEMENT STRATEGIC PLANNING PRODUCTION AND QUALITY CONTROL Production Management,Operations & Production,Management Strategic Planning Production And Quality Control Production Management,5,,hard,Operations & Production
Management strategy,Domain-Specific / Other,Management Strategy,5,,hard,Domain-Specific / Other
Management Systems,IT & Software,Management Systems,5,,hard,IT & Software
Manager,Domain-Specific / Other,Manager,5,,hard,Domain-Specific / Other
Manager - Financial Planning & Analysis,Domain-Specific / Other,Manager - Financial Planning & Analysis,5,,hard,Domain-Specific / Other
Manager Accounts,Domain-Specific / Other,Manager Accounts,5,,hard,Domain-Specific / Other
Manager Accounts & Finance,Finance & Accounts,Manager Accounts & Finance,5,,hard,Finance & Accounts
Manager Finance & Accounts,Finance & Accounts,Manager Finance & Accounts,5,,hard,Finance & Accounts
Manager- Finance & Accounts,Finance & Accounts,Manager- Finance & Accounts,5,,hard,Finance & Accounts
Manager Finance and Accounts,Finance & Accounts,Manager Finance And Accounts,5,,hard,Finance & Accounts
Manager- PP&C,Domain-Specific / Other,Manager- Pp&C,5,,hard,Domain-Specific / Other
MANAGER PRODUCTION,Operations & Production,Manager Production,5,,hard,Operations & Production
MANAGER PRODUCTION 9-12YRS,Operations & Production,Manager Production 9-12Yrs,5,,hard,Operations & Production
Manager- Production and Maintenance,Operations & Production,Manager- Production And Maintenance,5,,hard,Operations & Production
MANAGER PRODUCTION SHEET METAL,Operations & Production,Manager Production Sheet Metal,5,,hard,Operations & Production
MANAGER PRODUCTION-MANFACTURING,Operations & Production,Manager Production-Manfacturing,5,,hard,Operations & Production
Manager QC,Domain-Specific / Other,Manager Qc,5,,hard,Domain-Specific / Other
Manager Taxation,Finance & Accounts,Manager Taxation,5,,hard,Finance & Accounts
managerial finance,Finance & Accounts,Managerial Finance,5,,hard,Finance & Accounts
Managerial Skills,Domain-Specific / Other,Managerial Skills,5,,hard,Domain-Specific / Other
Managing,Domain-Specific / Other,Managing,5,,hard,Domain-Specific / Other
Managing all accounting and financial functions. ?,Finance & Accounts,Managing All Accounting And Financial Functions. ?,5,,hard,Finance & Accounts
managing all the Fixed Assets Detail. ?,Domain-Specific / Other,Managing All The Fixed Assets Detail. ?,5,,hard,Domain-Specific / Other
Managing Capex,Domain-Specific / Other,Managing Capex,5,,hard,Domain-Specific / Other
Managing Cash Book and petty cash. ?,Domain-Specific / Other,Managing Cash Book And Petty Cash. ?,5,,hard,Domain-Specific / Other
managing cost,Domain-Specific / Other,Managing Cost,5,,hard,Domain-Specific / Other
managing the plant operations & conversion cost. ▪,Operations & Production,Managing The Plant Operations & Conversion Cost. ▪,5,,hard,Operations & Production
Managing timely closing with all books,Domain-Specific / Other,Managing Timely Closing With All Books,5,,hard,Domain-Specific / Other
Managment Accountant,Domain-Specific / Other,Managment Accountant,5,,hard,Domain-Specific / Other
manpower,Domain-Specific / Other,Manpower,5,,hard,Domain-Specific / Other
Manpower Budgeting,Finance & Accounts,Manpower Budgeting,5,,hard,Finance & Accounts
Manpower Handling,Domain-Specific / Other,Manpower Handling,5,,hard,Domain-Specific / Other
Manpower Handling Distillation Column,Domain-Specific / Other,Manpower Handling Distillation Column,5,,hard,Domain-Specific / Other
manpower handling etc,Domain-Specific / Other,Manpower Handling Etc,5,,hard,Domain-Specific / Other
manpower handling etc Production Engineering,Operations & Production,Manpower Handling Etc Production Engineering,5,,hard,Operations & Production
manpower handling manpower planing,Domain-Specific / Other,Manpower Handling Manpower Planing,5,,hard,Domain-Specific / Other
Manpower Handling Production Management,Operations & Production,Manpower Handling Production Management,5,,hard,Operations & Production
manpower handling Production Scheduling,Operations & Production,Manpower Handling Production Scheduling,5,,hard,Operations & Production
Manpower handling(3),Domain-Specific / Other,Manpower Handling(3),5,,hard,Domain-Specific / Other
manpower management,Domain-Specific / Other,Manpower Management,5,,hard,Domain-Specific / Other
manpower management.,Domain-Specific / Other,Manpower Management.,5,,hard,Domain-Specific / Other
Manpower planing,Domain-Specific / Other,Manpower Planing,5,,hard,Domain-Specific / Other
Manpower Planning,Domain-Specific / Other,Manpower Planning,5,,hard,Domain-Specific / Other
manpower reduction,Domain-Specific / Other,Manpower Reduction,5,,hard,Domain-Specific / Other
manpower related issue,Domain-Specific / Other,Manpower Related Issue,5,,hard,Domain-Specific / Other
manpower requirement planning,Design Skills,Manpower Requirement Planning,5,,hard,Design Skills
Manpower Training,Domain-Specific / Other,Manpower Training,5,,hard,Domain-Specific / Other
Manpower Utilization,Domain-Specific / Other,Manpower Utilization,5,,hard,Domain-Specific / Other
manpowermanagement,Domain-Specific / Other,Manpowermanagement,5,,hard,Domain-Specific / Other
Manual Accounting,Finance & Accounts,Manual Accounting,5,,hard,Finance & Accounts
Manual Plant handling,Operations & Production,Manual Plant Handling,5,,hard,Operations & Production
Manual Qa,Domain-Specific / Other,Manual Qa,5,,hard,Domain-Specific / Other
manual test,Domain-Specific / Other,Manual Test,5,,hard,Domain-Specific / Other
Manual Testing,Domain-Specific / Other,Manual Testing,5,,hard,Domain-Specific / Other
Manufacturing,Operations & Production,Manufacturing,5,,hard,Operations & Production
Manufacturing Production Management,Operations & Production,Manufacturing Production Management,5,,hard,Operations & Production
Manufacturing Shift Planning,Operations & Production,Manufacturing Shift Planning,5,,hard,Operations & Production
Manufacturing Business,Operations & Production,Manufacturing Business,5,,hard,Operations & Production
Manufacturing engg,Operations & Production,Manufacturing Engg,5,,hard,Operations & Production
Manufacturing Engineering,Operations & Production,Manufacturing Engineering,5,,hard,Operations & Production
Manufacturing Engineering Manager,Operations & Production,Manufacturing Engineering Manager,5,,hard,Operations & Production
Manufacturing Excellence,Operations & Production,Manufacturing Excellence,5,,hard,Operations & Production
manufacturing finance,Finance & Accounts,Manufacturing Finance,5,,hard,Finance & Accounts
Manufacturing Head,Operations & Production,Manufacturing Head,5,,hard,Operations & Production
Manufacturing Management,Operations & Production,Manufacturing Management,5,,hard,Operations & Production
Manufacturing Operation,Operations & Production,Manufacturing Operation,5,,hard,Operations & Production
Manufacturing Operations,Operations & Production,Manufacturing Operations,5,,hard,Operations & Production
manufacturing operations management,Operations & Production,Manufacturing Operations Management,5,,hard,Operations & Production
Manufacturing Operations. Production Planning. Material Management. Coordination with other department. Inventory Control. Good Knowledge in ERP (Oracle,Operations & Production,Manufacturing Operations. Production Planning. Material Management. Coordination With Other Department. Inventory Control. Good Knowledge In Erp (Oracle,5,,hard,Operations & Production
manufacturing practices,Operations & Production,Manufacturing Practices,5,,hard,Operations & Production
Manufacturing Process,Operations & Production,Manufacturing Process,5,,hard,Operations & Production
manufacturing processes,Operations & Production,Manufacturing Processes,5,,hard,Operations & Production
Manufacturing Production Engineering,Operations & Production,Manufacturing Production Engineering,5,,hard,Operations & Production
Manufacturing Production Supervising,Operations & Production,Manufacturing Production Supervising,5,,hard,Operations & Production
Manufacturing Quality,Operations & Production,Manufacturing Quality,5,,hard,Operations & Production
Manufacturing Technology,IT & Software,Manufacturing Technology,5,,hard,IT & Software
manufacturing tools,Operations & Production,Manufacturing Tools,5,,hard,Operations & Production
manufacturing.filling,Operations & Production,Manufacturing.Filling,5,,hard,Operations & Production
Mapping,IT & Software,Mapping,5,,hard,IT & Software
Mapping of temperature & Humidity At Public testing Laboratory : Worked as Sr. Analyst in chemical & instrumental section Undertake analysis of drug product,IT & Software,Mapping Of Temperature & Humidity At Public Testing Laboratory : Worked As Sr. Analyst In Chemical & Instrumental Section Undertake Analysis Of Drug Product,5,,hard,IT & Software
Maps. Reporting Skills - Good in Creation & Presentations of various MIS Reports,Domain-Specific / Other,Maps. Reporting Skills - Good In Creation & Presentations Of Various Mis Reports,5,,hard,Domain-Specific / Other
marathi,Domain-Specific / Other,Marathi,5,,hard,Domain-Specific / Other
Marathi and Gujarati. Experience in key functional areas of : Corporate and Project Accounting,Finance & Accounts,Marathi And Gujarati. Experience In Key Functional Areas Of : Corporate And Project Accounting,5,,hard,Finance & Accounts
Marg ERP,Domain-Specific / Other,Marg Erp,5,,hard,Domain-Specific / Other
marg software,IT & Software,Marg Software,5,,hard,IT & Software
Margin Analysis,Domain-Specific / Other,Margin Analysis,5,,hard,Domain-Specific / Other
Market Analysis,Sales & Marketing,Market Analysis,5,,hard,Sales & Marketing
Market Complaints,Sales & Marketing,Market Complaints,5,,hard,Sales & Marketing
Market Intelligence,Sales & Marketing,Market Intelligence,5,,hard,Sales & Marketing
market requirement,Sales & Marketing,Market Requirement,5,,hard,Sales & Marketing
Market Research,Sales & Marketing,Market Research,5,,hard,Sales & Marketing
Market Risk,Sales & Marketing,Market Risk,5,,hard,Sales & Marketing
marketers,Sales & Marketing,Marketers,5,,hard,Sales & Marketing
Marketing,Sales & Marketing,Marketing,5,,hard,Sales & Marketing
Marketing Analytics,Sales & Marketing,Marketing Analytics,5,,hard,Sales & Marketing
Marketing Management,Sales & Marketing,Marketing Management,5,,hard,Sales & Marketing
marketing strategy,Sales & Marketing,Marketing Strategy,5,,hard,Sales & Marketing
MASS . Chromatographic Techniques HPLC,IT & Software,Mass . Chromatographic Techniques Hplc,5,,hard,IT & Software
Mass Balance,Domain-Specific / Other,Mass Balance,5,,hard,Domain-Specific / Other
Mass Production,Operations & Production,Mass Production,5,,hard,Operations & Production
mass transfer,Domain-Specific / Other,Mass Transfer,5,,hard,Domain-Specific / Other
master batch testing,Domain-Specific / Other,Master Batch Testing,5,,hard,Domain-Specific / Other
Master CAM,Domain-Specific / Other,Master Cam,5,,hard,Domain-Specific / Other
Master Data,IT & Software,Master Data,5,,hard,IT & Software
Master Data Creation Activities,IT & Software,Master Data Creation Activities,5,,hard,IT & Software
Master Data Creation Activity,IT & Software,Master Data Creation Activity,5,,hard,IT & Software
Master Planning,Domain-Specific / Other,Master Planning,5,,hard,Domain-Specific / Other
Master Scheduling,Domain-Specific / Other,Master Scheduling,5,,hard,Domain-Specific / Other
Masterbatch,Domain-Specific / Other,Masterbatch,5,,hard,Domain-Specific / Other
Masters creation in LIMS,Domain-Specific / Other,Masters Creation In Lims,5,,hard,Domain-Specific / Other
material,Domain-Specific / Other,Material,5,,hard,Domain-Specific / Other
Material Balance,Domain-Specific / Other,Material Balance,5,,hard,Domain-Specific / Other
material balance energy balance,Domain-Specific / Other,Material Balance Energy Balance,5,,hard,Domain-Specific / Other
Material Controller,Domain-Specific / Other,Material Controller,5,,hard,Domain-Specific / Other
material department,Design Skills,Material Department,5,,hard,Design Skills
Material engineer,Operations & Production,Material Engineer,5,,hard,Operations & Production
Material handling,Domain-Specific / Other,Material Handling,5,,hard,Domain-Specific / Other
Material Ledger,Finance & Accounts,Material Ledger,5,,hard,Finance & Accounts
Material Management,Domain-Specific / Other,Material Management,5,,hard,Domain-Specific / Other
Material Planning,Domain-Specific / Other,Material Planning,5,,hard,Domain-Specific / Other
material procurement,Operations & Production,Material Procurement,5,,hard,Operations & Production
Material Requirement,Design Skills,Material Requirement,5,,hard,Design Skills
Material Requirement Planning,Design Skills,Material Requirement Planning,5,,hard,Design Skills
Material Sourcing,Domain-Specific / Other,Material Sourcing,5,,hard,Domain-Specific / Other
material transfer handling,Domain-Specific / Other,Material Transfer Handling,5,,hard,Domain-Specific / Other
material utilization,Domain-Specific / Other,Material Utilization,5,,hard,Domain-Specific / Other
materials utilization,Domain-Specific / Other,Materials Utilization,5,,hard,Domain-Specific / Other
MATLAB,Domain-Specific / Other,Matlab,5,,hard,Domain-Specific / Other
matriculation,Domain-Specific / Other,Matriculation,5,,hard,Domain-Specific / Other
Maven,Domain-Specific / Other,Maven,5,,hard,Domain-Specific / Other
Mba,Domain-Specific / Other,Mba,5,,hard,Domain-Specific / Other
Mba Finance,Finance & Accounts,Mba Finance,5,,hard,Finance & Accounts
MBA- Finance with 19 year experience,Finance & Accounts,Mba- Finance With 19 Year Experience,5,,hard,Finance & Accounts
MCC HPLC,Domain-Specific / Other,Mcc Hplc,5,,hard,Domain-Specific / Other
measurement system analysis,IT & Software,Measurement System Analysis,5,,hard,IT & Software
Mechanic,Operations & Production,Mechanic,5,,hard,Operations & Production
Mechanical,Operations & Production,Mechanical,5,,hard,Operations & Production
Mechanical Design,Operations & Production,Mechanical Design,5,,hard,Operations & Production
MECHANICAL ENAGINEER,Operations & Production,Mechanical Enagineer,5,,hard,Operations & Production
Mechanical Engg,Operations & Production,Mechanical Engg,5,,hard,Operations & Production
Mechanical Engineer,Operations & Production,Mechanical Engineer,5,,hard,Operations & Production
Mechanical Engineering,Operations & Production,Mechanical Engineering,5,,hard,Operations & Production
Mechanical Maintenance,Operations & Production,Mechanical Maintenance,5,,hard,Operations & Production
Mechanical Press,Operations & Production,Mechanical Press,5,,hard,Operations & Production
Mechanical Project,Operations & Production,Mechanical Project,5,,hard,Operations & Production
Mechanical Shift Engineer,Operations & Production,Mechanical Shift Engineer,5,,hard,Operations & Production
Mechanical Skills,Operations & Production,Mechanical Skills,5,,hard,Operations & Production
Mechanical Testing,Operations & Production,Mechanical Testing,5,,hard,Operations & Production
Media Marketing,Sales & Marketing,Media Marketing,5,,hard,Sales & Marketing
media relations,Domain-Specific / Other,Media Relations,5,,hard,Domain-Specific / Other
Medical Billing,Healthcare & Clinical,Medical Billing,5,,hard,Healthcare & Clinical
Medical Imaging,Healthcare & Clinical,Medical Imaging,5,,hard,Healthcare & Clinical
Medical officer,Healthcare & Clinical,Medical Officer,5,,hard,Healthcare & Clinical
Medical Writing,Healthcare & Clinical,Medical Writing,5,,hard,Healthcare & Clinical
Medicare,Domain-Specific / Other,Medicare,5,,hard,Domain-Specific / Other
medicine,Domain-Specific / Other,Medicine,5,,hard,Domain-Specific / Other
Meet with team to discuss steategies and decision-making processes,Soft Skills,Meet With Team To Discuss Steategies And Decision-Making Processes,5,,soft,Soft Skills
Meeting Deadlines,Domain-Specific / Other,Meeting Deadlines,5,,hard,Domain-Specific / Other
meeting facilitation,Domain-Specific / Other,Meeting Facilitation,5,,hard,Domain-Specific / Other
Meintance,Domain-Specific / Other,Meintance,5,,hard,Domain-Specific / Other
Melting,Domain-Specific / Other,Melting,5,,hard,Domain-Specific / Other
Melting Point,Domain-Specific / Other,Melting Point,5,,hard,Domain-Specific / Other
melting process,Domain-Specific / Other,Melting Process,5,,hard,Domain-Specific / Other
Men power hendling,Domain-Specific / Other,Men Power Hendling,5,,hard,Domain-Specific / Other
mentoring,Domain-Specific / Other,Mentoring,5,,hard,Domain-Specific / Other
MEP,Domain-Specific / Other,Mep,5,,hard,Domain-Specific / Other
Merchandiser,Domain-Specific / Other,Merchandiser,5,,hard,Domain-Specific / Other
Merchandising,Domain-Specific / Other,Merchandising,5,,hard,Domain-Specific / Other
Merchant Banking,Domain-Specific / Other,Merchant Banking,5,,hard,Domain-Specific / Other
Mergers,Domain-Specific / Other,Mergers,5,,hard,Domain-Specific / Other
Mergers & Acquisitions,Design Skills,Mergers & Acquisitions,5,,hard,Design Skills
MES,Domain-Specific / Other,Mes,5,,hard,Domain-Specific / Other
Metal Balance Sheet,Finance & Accounts,Metal Balance Sheet,5,,hard,Finance & Accounts
METAL FABRICATION,Domain-Specific / Other,Metal Fabrication,5,,hard,Domain-Specific / Other
Metallurgy,Domain-Specific / Other,Metallurgy,5,,hard,Domain-Specific / Other
method development,Domain-Specific / Other,Method Development,5,,hard,Domain-Specific / Other
Method Study,Domain-Specific / Other,Method Study,5,,hard,Domain-Specific / Other
Method Transfer,Domain-Specific / Other,Method Transfer,5,,hard,Domain-Specific / Other
Method Validation,Domain-Specific / Other,Method Validation,5,,hard,Domain-Specific / Other
Method validation etc,Domain-Specific / Other,Method Validation Etc,5,,hard,Domain-Specific / Other
Method Validation GC & HPLC,Domain-Specific / Other,Method Validation Gc & Hplc,5,,hard,Domain-Specific / Other
methods and equipments,Design Skills,Methods And Equipments,5,,hard,Design Skills
MFG,Domain-Specific / Other,Mfg,5,,hard,Domain-Specific / Other
mfi,Domain-Specific / Other,Mfi,5,,hard,Domain-Specific / Other
MFR,Domain-Specific / Other,Mfr,5,,hard,Domain-Specific / Other
MGT 14,Domain-Specific / Other,Mgt 14,5,,hard,Domain-Specific / Other
MHRA,HR & Recruitment,Mhra,5,,hard,HR & Recruitment
Microbiology,Healthcare & Clinical,Microbiology,5,,hard,Healthcare & Clinical
Micrometer,Domain-Specific / Other,Micrometer,5,,hard,Domain-Specific / Other
microsft office,Domain-Specific / Other,Microsft Office,5,,hard,Domain-Specific / Other
Microsoft,Domain-Specific / Other,Microsoft,5,,hard,Domain-Specific / Other
microsoft dynamic 365 f&o,Domain-Specific / Other,Microsoft Dynamic 365 F&O,5,,hard,Domain-Specific / Other
Microsoft Dynamic Nav General Accounting,Finance & Accounts,Microsoft Dynamic Nav General Accounting,5,,hard,Finance & Accounts
Microsoft Dynamics,Domain-Specific / Other,Microsoft Dynamics,5,,hard,Domain-Specific / Other
Microsoft Dynamics 365 F&O Functional Consultant,Domain-Specific / Other,Microsoft Dynamics 365 F&O Functional Consultant,5,,hard,Domain-Specific / Other
microsoft dynamics ax,Domain-Specific / Other,Microsoft Dynamics Ax,5,,hard,Domain-Specific / Other
microsoft dynamics erp,Domain-Specific / Other,Microsoft Dynamics Erp,5,,hard,Domain-Specific / Other
Microsoft Dynamics ERP Finance operation,Finance & Accounts,Microsoft Dynamics Erp Finance Operation,5,,hard,Finance & Accounts
Microsoft Dynamics NAV,Domain-Specific / Other,Microsoft Dynamics Nav,5,,hard,Domain-Specific / Other
Microsoft Dynamics Navision,Domain-Specific / Other,Microsoft Dynamics Navision,5,,hard,Domain-Specific / Other
microsoft excel,Domain-Specific / Other,Microsoft Excel,5,,hard,Domain-Specific / Other
Microsoft Navision,Domain-Specific / Other,Microsoft Navision,5,,hard,Domain-Specific / Other
Microsoft Office,Domain-Specific / Other,Microsoft Office,5,,hard,Domain-Specific / Other
Microsoft Office 365,Domain-Specific / Other,Microsoft Office 365,5,,hard,Domain-Specific / Other
Microsoft Office Access,Domain-Specific / Other,Microsoft Office Access,5,,hard,Domain-Specific / Other
Microsoft Office Applications,IT & Software,Microsoft Office Applications,5,,hard,IT & Software
Microsoft office Excel,Domain-Specific / Other,Microsoft Office Excel,5,,hard,Domain-Specific / Other
Microsoft Office Proficiency,Domain-Specific / Other,Microsoft Office Proficiency,5,,hard,Domain-Specific / Other
microsoft office suite,Design Skills,Microsoft Office Suite,5,,hard,Design Skills
microsoft outlook,Domain-Specific / Other,Microsoft Outlook,5,,hard,Domain-Specific / Other
Microsoft PowerPoint,Domain-Specific / Other,Microsoft Powerpoint,5,,hard,Domain-Specific / Other
microsoft windows,Domain-Specific / Other,Microsoft Windows,5,,hard,Domain-Specific / Other
microsoft word,Domain-Specific / Other,Microsoft Word,5,,hard,Domain-Specific / Other
microsoft word exel outlook,Domain-Specific / Other,Microsoft Word Exel Outlook,5,,hard,Domain-Specific / Other
microsoftdynamics nav,Domain-Specific / Other,Microsoftdynamics Nav,5,,hard,Domain-Specific / Other
mig welding,Domain-Specific / Other,Mig Welding,5,,hard,Domain-Specific / Other
Migration,Domain-Specific / Other,Migration,5,,hard,Domain-Specific / Other
Milling,Domain-Specific / Other,Milling,5,,hard,Domain-Specific / Other
Milling M,Domain-Specific / Other,Milling M,5,,hard,Domain-Specific / Other
Minitab,Domain-Specific / Other,Minitab,5,,hard,Domain-Specific / Other
MIPS,Domain-Specific / Other,Mips,5,,hard,Domain-Specific / Other
Miro,Domain-Specific / Other,Miro,5,,hard,Domain-Specific / Other
Miro in system,IT & Software,Miro In System,5,,hard,IT & Software
MIS,Domain-Specific / Other,Mis,5,,hard,Domain-Specific / Other
mis &amp,Domain-Specific / Other,Mis &Amp,5,,hard,Domain-Specific / Other
MIS (management Information System),IT & Software,Mis (Management Information System),5,,hard,IT & Software
MIS Analyst,Domain-Specific / Other,Mis Analyst,5,,hard,Domain-Specific / Other
mis and related matters,Domain-Specific / Other,Mis And Related Matters,5,,hard,Domain-Specific / Other
mis consolidation,Domain-Specific / Other,Mis Consolidation,5,,hard,Domain-Specific / Other
MIS Coordinator,Domain-Specific / Other,Mis Coordinator,5,,hard,Domain-Specific / Other
MIS Development,Domain-Specific / Other,Mis Development,5,,hard,Domain-Specific / Other
MIS Intercompany Accounting,Finance & Accounts,Mis Intercompany Accounting,5,,hard,Finance & Accounts
MIS Management,Domain-Specific / Other,Mis Management,5,,hard,Domain-Specific / Other
MIS Preparation,Domain-Specific / Other,Mis Preparation,5,,hard,Domain-Specific / Other
MIS Repo ...,Domain-Specific / Other,Mis Repo ...,5,,hard,Domain-Specific / Other
MIS Report,Domain-Specific / Other,Mis Report,5,,hard,Domain-Specific / Other
mis report preparation,Domain-Specific / Other,Mis Report Preparation,5,,hard,Domain-Specific / Other
MIS Reporting,Domain-Specific / Other,Mis Reporting,5,,hard,Domain-Specific / Other
mis reporting & documentation,Domain-Specific / Other,Mis Reporting & Documentation,5,,hard,Domain-Specific / Other
mis reports,Domain-Specific / Other,Mis Reports,5,,hard,Domain-Specific / Other
MIS Reports and Statutory Compliances,HR & Recruitment,Mis Reports And Statutory Compliances,5,,hard,HR & Recruitment
MIS Updation,Domain-Specific / Other,Mis Updation,5,,hard,Domain-Specific / Other
Mixture of product,Domain-Specific / Other,Mixture Of Product,5,,hard,Domain-Specific / Other
MM,Domain-Specific / Other,Mm,5,,hard,Domain-Specific / Other
Mm - Fi,Domain-Specific / Other,Mm - Fi,5,,hard,Domain-Specific / Other
MM Module,Domain-Specific / Other,Mm Module,5,,hard,Domain-Specific / Other
MMBE,Domain-Specific / Other,Mmbe,5,,hard,Domain-Specific / Other
mobile,Domain-Specific / Other,Mobile,5,,hard,Domain-Specific / Other
Mobile application,IT & Software,Mobile Application,5,,hard,IT & Software
mobile phase of HPLC Established and maintained stock levels of laboratory reagents for the analysis of raw materials and finished products Carried out quantitative and qualitative analysis of raw materials,Domain-Specific / Other,Mobile Phase Of Hplc Established And Maintained Stock Levels Of Laboratory Reagents For The Analysis Of Raw Materials And Finished Products Carried Out Quantitative And Qualitative Analysis Of Raw Materials,5,,hard,Domain-Specific / Other
mobile Service,Domain-Specific / Other,Mobile Service,5,,hard,Domain-Specific / Other
mobile testing,Domain-Specific / Other,Mobile Testing,5,,hard,Domain-Specific / Other
Mobility,Domain-Specific / Other,Mobility,5,,hard,Domain-Specific / Other
Moc,Domain-Specific / Other,Moc,5,,hard,Domain-Specific / Other
Modern manufacturing techniques implementation,IT & Software,Modern Manufacturing Techniques Implementation,5,,hard,IT & Software
Modification & Development,Domain-Specific / Other,Modification & Development,5,,hard,Domain-Specific / Other
moisture %,Domain-Specific / Other,Moisture %,5,,hard,Domain-Specific / Other
molding machine operation,Domain-Specific / Other,Molding Machine Operation,5,,hard,Domain-Specific / Other
molecular biology,Healthcare & Clinical,Molecular Biology,5,,hard,Healthcare & Clinical
MongoDB,Domain-Specific / Other,Mongodb,5,,hard,Domain-Specific / Other
monitor and recognise team performance for enhancing operational efficiency. Based on sales requirements plan QC activities,Sales & Marketing,Monitor And Recognise Team Performance For Enhancing Operational Efficiency. Based On Sales Requirements Plan Qc Activities,5,,soft,Sales & Marketing
Monitor stability studies & all QC activity as per various regulatory reequipments. Process Validation SAP familiarity Handled all QC related SAP function viz. specification preparation,Design Skills,Monitor Stability Studies & All Qc Activity As Per Various Regulatory Reequipments. Process Validation Sap Familiarity Handled All Qc Related Sap Function Viz. Specification Preparation,5,,hard,Design Skills
Monitoring,Domain-Specific / Other,Monitoring,5,,hard,Domain-Specific / Other
Monitoring & Supervizing.,Domain-Specific / Other,Monitoring & Supervizing.,5,,hard,Domain-Specific / Other
Monitoring and verification of all online critical activities (weight variation,Domain-Specific / Other,Monitoring And Verification Of All Online Critical Activities (Weight Variation,5,,hard,Domain-Specific / Other
Monitoring cash flow and ensuring that funds are arranged in the most cost effective. Preparation of MIS reports to provide feedback to senior management on financial performance. Auditing : Coordinating for Internal,Finance & Accounts,Monitoring Cash Flow And Ensuring That Funds Are Arranged In The Most Cost Effective. Preparation Of Mis Reports To Provide Feedback To Senior Management On Financial Performance. Auditing : Coordinating For Internal,5,,hard,Finance & Accounts
Monitoring day to day production activities,Operations & Production,Monitoring Day To Day Production Activities,5,,hard,Operations & Production
Monitoring Samples for QC in Various Batches,Domain-Specific / Other,Monitoring Samples For Qc In Various Batches,5,,hard,Domain-Specific / Other
Month End Books Closing,Domain-Specific / Other,Month End Books Closing,5,,hard,Domain-Specific / Other
month end reporting,Domain-Specific / Other,Month End Reporting,5,,hard,Domain-Specific / Other
monthely production planing,Operations & Production,Monthely Production Planing,5,,hard,Operations & Production
month-end closing,Domain-Specific / Other,Month-End Closing,5,,hard,Domain-Specific / Other
Monthly Account Reconciliations,Domain-Specific / Other,Monthly Account Reconciliations,5,,hard,Domain-Specific / Other
monthly accounts,Domain-Specific / Other,Monthly Accounts,5,,hard,Domain-Specific / Other
Monthly business plan,Domain-Specific / Other,Monthly Business Plan,5,,hard,Domain-Specific / Other
monthly close process,Domain-Specific / Other,Monthly Close Process,5,,hard,Domain-Specific / Other
Monthly Closing,Domain-Specific / Other,Monthly Closing,5,,hard,Domain-Specific / Other
Monthly Closing > Month End Reporting,Domain-Specific / Other,Monthly Closing > Month End Reporting,5,,hard,Domain-Specific / Other
Monthly closure,Domain-Specific / Other,Monthly Closure,5,,hard,Domain-Specific / Other
monthly expenses. Filing Monthly Excise Return ER-1 and ER-6 & Annually Return ER-4,Domain-Specific / Other,Monthly Expenses. Filing Monthly Excise Return Er-1 And Er-6 & Annually Return Er-4,5,,hard,Domain-Specific / Other
monthly mis,Domain-Specific / Other,Monthly Mis,5,,hard,Domain-Specific / Other
Monthly production planning,Operations & Production,Monthly Production Planning,5,,hard,Operations & Production
Monthly Report,Domain-Specific / Other,Monthly Report,5,,hard,Domain-Specific / Other
Monthly report preparation To conduct training classes for QC personnel. Induct new joinees to dept. processess & dept. goals Identify training needs of all reportees,Domain-Specific / Other,Monthly Report Preparation To Conduct Training Classes For Qc Personnel. Induct New Joinees To Dept. Processess & Dept. Goals Identify Training Needs Of All Reportees,5,,hard,Domain-Specific / Other
Monthly Reports,Domain-Specific / Other,Monthly Reports,5,,hard,Domain-Specific / Other
Monthly Returns,Domain-Specific / Other,Monthly Returns,5,,hard,Domain-Specific / Other
Mortgage loan,Domain-Specific / Other,Mortgage Loan,5,,hard,Domain-Specific / Other
Mortgage Loans,Domain-Specific / Other,Mortgage Loans,5,,hard,Domain-Specific / Other
Motion Study,Domain-Specific / Other,Motion Study,5,,hard,Domain-Specific / Other
motivating and supervising of Production,Operations & Production,Motivating And Supervising Of Production,5,,hard,Operations & Production
motivating them to improve their contribution levels.,Domain-Specific / Other,Motivating Them To Improve Their Contribution Levels.,5,,hard,Domain-Specific / Other
motive and coach the production team to achieve business objective and develop overall capabilities of the team.,Operations & Production,Motive And Coach The Production Team To Achieve Business Objective And Develop Overall Capabilities Of The Team.,5,,soft,Operations & Production
motive and coach the production team to achieve business objective and develop overall capabilities of the team. scheduled line wise product. review the current output product by product. line wise product mapping base on machine capabilities. providing corrective and preventive actions to defects and deviations. work on skill matrix & training to manpower. co-ordinate other functional department like quality control,IT & Software,Motive And Coach The Production Team To Achieve Business Objective And Develop Overall Capabilities Of The Team. Scheduled Line Wise Product. Review The Current Output Product By Product. Line Wise Product Mapping Base On Machine Capabilities. Providing Corrective And Preventive Actions To Defects And Deviations. Work On Skill Matrix & Training To Manpower. Co-Ordinate Other Functional Department Like Quality Control,5,,soft,IT & Software
moulding,Domain-Specific / Other,Moulding,5,,hard,Domain-Specific / Other
Moulds,Domain-Specific / Other,Moulds,5,,hard,Domain-Specific / Other
MPP plant commisine,Operations & Production,Mpp Plant Commisine,5,,hard,Operations & Production
MR,Domain-Specific / Other,Mr,5,,hard,Domain-Specific / Other
MRP,Domain-Specific / Other,Mrp,5,,hard,Domain-Specific / Other
Ms - Excel,Domain-Specific / Other,Ms - Excel,5,,hard,Domain-Specific / Other
Ms - Office,Domain-Specific / Other,Ms - Office,5,,hard,Domain-Specific / Other
MS Access,Domain-Specific / Other,Ms Access,5,,hard,Domain-Specific / Other
MS -CIT,Domain-Specific / Other,Ms -Cit,5,,hard,Domain-Specific / Other
ms excal,Domain-Specific / Other,Ms Excal,5,,hard,Domain-Specific / Other
ms excel,Domain-Specific / Other,Ms Excel,5,,hard,Domain-Specific / Other
Ms- Excel,Domain-Specific / Other,Ms- Excel,5,,hard,Domain-Specific / Other
ms excel & word,Domain-Specific / Other,Ms Excel & Word,5,,hard,Domain-Specific / Other
MS EXCEL CUTOMISED ACCOUNTING PACKAGES,Finance & Accounts,Ms Excel Cutomised Accounting Packages,5,,hard,Finance & Accounts
MS Office,Domain-Specific / Other,Ms Office,5,,hard,Domain-Specific / Other
Ms- Office,Domain-Specific / Other,Ms- Office,5,,hard,Domain-Specific / Other
MS office (Word,Domain-Specific / Other,Ms Office (Word,5,,hard,Domain-Specific / Other
ms office 2016,Domain-Specific / Other,Ms Office 2016,5,,hard,Domain-Specific / Other
MS Office Applications,IT & Software,Ms Office Applications,5,,hard,IT & Software
ms office package,Domain-Specific / Other,Ms Office Package,5,,hard,Domain-Specific / Other
MS Office PowerPoint,Domain-Specific / Other,Ms Office Powerpoint,5,,hard,Domain-Specific / Other
MS Office Word,Domain-Specific / Other,Ms Office Word,5,,hard,Domain-Specific / Other
MS Office Worked with industries engaged in : Infrastructure development- road,Domain-Specific / Other,Ms Office Worked With Industries Engaged In : Infrastructure Development- Road,5,,hard,Domain-Specific / Other
MS Outlook,Domain-Specific / Other,Ms Outlook,5,,hard,Domain-Specific / Other
MS Paint,Domain-Specific / Other,Ms Paint,5,,hard,Domain-Specific / Other
MS Power Point,Domain-Specific / Other,Ms Power Point,5,,hard,Domain-Specific / Other
MS PowerPoint,Domain-Specific / Other,Ms Powerpoint,5,,hard,Domain-Specific / Other
MS Project,Domain-Specific / Other,Ms Project,5,,hard,Domain-Specific / Other
MS SQL,IT & Software,Ms Sql,5,,hard,IT & Software
ms windo,Domain-Specific / Other,Ms Windo,5,,hard,Domain-Specific / Other
Ms Window,Domain-Specific / Other,Ms Window,5,,hard,Domain-Specific / Other
MS Word,Domain-Specific / Other,Ms Word,5,,hard,Domain-Specific / Other
MS Word MS Excel MS power point,Domain-Specific / Other,Ms Word Ms Excel Ms Power Point,5,,hard,Domain-Specific / Other
ms word ms excel power point,Domain-Specific / Other,Ms Word Ms Excel Power Point,5,,hard,Domain-Specific / Other
MS World,Domain-Specific / Other,Ms World,5,,hard,Domain-Specific / Other
MSA,Domain-Specific / Other,Msa,5,,hard,Domain-Specific / Other
MS-Access).Expertise in Accounting package TALLY (Computerized accounts-,Finance & Accounts,Ms-Access).Expertise In Accounting Package Tally (Computerized Accounts-,5,,hard,Finance & Accounts
MSC,Domain-Specific / Other,Msc,5,,hard,Domain-Specific / Other
Msc.org chemistry intrested in quality cont,Operations & Production,Msc.Org Chemistry Intrested In Quality Cont,5,,hard,Operations & Production
Mscit,Domain-Specific / Other,Mscit,5,,hard,Domain-Specific / Other
ms-cit,Domain-Specific / Other,Ms-Cit,5,,hard,Domain-Specific / Other
MS-DOS,Domain-Specific / Other,Ms-Dos,5,,hard,Domain-Specific / Other
ms-excel,Domain-Specific / Other,Ms-Excel,5,,hard,Domain-Specific / Other
MS-Office,Domain-Specific / Other,Ms-Office,5,,hard,Domain-Specific / Other
MS-Office 2013 Account Software,IT & Software,Ms-Office 2013 Account Software,5,,hard,IT & Software
MSP,Domain-Specific / Other,Msp,5,,hard,Domain-Specific / Other
MS-Powerpoint Accounting Packages,Finance & Accounts,Ms-Powerpoint Accounting Packages,5,,hard,Finance & Accounts
MS-Windows Application Packages,IT & Software,Ms-Windows Application Packages,5,,hard,IT & Software
ms-word,Domain-Specific / Other,Ms-Word,5,,hard,Domain-Specific / Other
MTBF,Domain-Specific / Other,Mtbf,5,,hard,Domain-Specific / Other
MTTR,Domain-Specific / Other,Mttr,5,,hard,Domain-Specific / Other
multi-currency transactions,Domain-Specific / Other,Multi-Currency Transactions,5,,hard,Domain-Specific / Other
MULTIMEDIA Cost Accounting,Finance & Accounts,Multimedia Cost Accounting,5,,hard,Finance & Accounts
multitasking,Domain-Specific / Other,Multitasking,5,,hard,Domain-Specific / Other
Multitasking & Committed,Domain-Specific / Other,Multitasking & Committed,5,,hard,Domain-Specific / Other
Multi-vitamin & Multi-mineral formulation.,Domain-Specific / Other,Multi-Vitamin & Multi-Mineral Formulation.,5,,hard,Domain-Specific / Other
murata texuraising machine,Domain-Specific / Other,Murata Texuraising Machine,5,,hard,Domain-Specific / Other
music,Domain-Specific / Other,Music,5,,hard,Domain-Specific / Other
Mutual Fund,Domain-Specific / Other,Mutual Fund,5,,hard,Domain-Specific / Other
Mutual Fund Accounting,Finance & Accounts,Mutual Fund Accounting,5,,hard,Finance & Accounts
Mutual funds,Domain-Specific / Other,Mutual Funds,5,,hard,Domain-Specific / Other
MVAT Audit,Finance & Accounts,Mvat Audit,5,,hard,Finance & Accounts
MVAT Audit Daily Accounting,IT & Software,Mvat Audit Daily Accounting,5,,hard,IT & Software
MVC,Domain-Specific / Other,Mvc,5,,hard,Domain-Specific / Other
MVVM,Domain-Specific / Other,Mvvm,5,,hard,Domain-Specific / Other
MY UNIVERSITY,Domain-Specific / Other,My University,5,,hard,Domain-Specific / Other
MySQL,IT & Software,Mysql,5,,hard,IT & Software
MySQL Database Administration,IT & Software,Mysql Database Administration,5,,hard,IT & Software
nabl,Domain-Specific / Other,Nabl,5,,hard,Domain-Specific / Other
NAV Calculation,Domain-Specific / Other,Nav Calculation,5,,hard,Domain-Specific / Other
Navigation,Domain-Specific / Other,Navigation,5,,hard,Domain-Specific / Other
Navision,Domain-Specific / Other,Navision,5,,hard,Domain-Specific / Other
NBFC,Domain-Specific / Other,Nbfc,5,,hard,Domain-Specific / Other
NEBOSH IGC,Domain-Specific / Other,Nebosh Igc,5,,hard,Domain-Specific / Other
Negotiation,Domain-Specific / Other,Negotiation,5,,hard,Domain-Specific / Other
negotiation prices,Domain-Specific / Other,Negotiation Prices,5,,hard,Domain-Specific / Other
Negotiation skills,Domain-Specific / Other,Negotiation Skills,5,,hard,Domain-Specific / Other
negotiations,Domain-Specific / Other,Negotiations,5,,hard,Domain-Specific / Other
net suite erp system,IT & Software,Net Suite Erp System,5,,hard,IT & Software
Netsuite,Design Skills,Netsuite,5,,hard,Design Skills
Network engineer,IT & Software,Network Engineer,5,,hard,IT & Software
Network Operation,IT & Software,Network Operation,5,,hard,IT & Software
Network Support,IT & Software,Network Support,5,,hard,IT & Software
networking,IT & Software,Networking,5,,hard,IT & Software
neurologist,Domain-Specific / Other,Neurologist,5,,hard,Domain-Specific / Other
Never giving up attitude,Domain-Specific / Other,Never Giving Up Attitude,5,,hard,Domain-Specific / Other
New Aayre Road,Domain-Specific / Other,New Aayre Road,5,,hard,Domain-Specific / Other
New Business Development,Domain-Specific / Other,New Business Development,5,,hard,Domain-Specific / Other
New Concepts and Viability check,Domain-Specific / Other,New Concepts And Viability Check,5,,hard,Domain-Specific / Other
new job development,Domain-Specific / Other,New Job Development,5,,hard,Domain-Specific / Other
new method,Domain-Specific / Other,New Method,5,,hard,Domain-Specific / Other
new product development,Domain-Specific / Other,New Product Development,5,,hard,Domain-Specific / Other
New product initiative,Domain-Specific / Other,New Product Initiative,5,,hard,Domain-Specific / Other
New Product Launch,Domain-Specific / Other,New Product Launch,5,,hard,Domain-Specific / Other
new technology implementations in processes and facility. Meeting delivery targets as per the marketing requirements. PLANT OPERATIONS : Overseeing productions related tasks : including planning,IT & Software,New Technology Implementations In Processes And Facility. Meeting Delivery Targets As Per The Marketing Requirements. Plant Operations : Overseeing Productions Related Tasks : Including Planning,5,,hard,IT & Software
New Vendor Development,Operations & Production,New Vendor Development,5,,hard,Operations & Production
Nexus,Domain-Specific / Other,Nexus,5,,hard,Domain-Specific / Other
NGO,Domain-Specific / Other,Ngo,5,,hard,Domain-Specific / Other
nickel metal and their salts,Domain-Specific / Other,Nickel Metal And Their Salts,5,,hard,Domain-Specific / Other
NIR : Foss UV Spectrophotometer. Shimadzu-1700 Karl Fischer : Veego Merohm Mettler-Toledo Polari meter : Rudolph Potentiometric Titrator : Mettler Toledo TLC,Domain-Specific / Other,Nir : Foss Uv Spectrophotometer. Shimadzu-1700 Karl Fischer : Veego Merohm Mettler-Toledo Polari Meter : Rudolph Potentiometric Titrator : Mettler Toledo Tlc,5,,hard,Domain-Specific / Other
Nitration,Domain-Specific / Other,Nitration,5,,hard,Domain-Specific / Other
No CA RAJESH BHANDARI Knowledge of MS OFFICE (Word,Domain-Specific / Other,No Ca Rajesh Bhandari Knowledge Of Ms Office (Word,5,,hard,Domain-Specific / Other
No HIREN N. GOR CHARTERED ACCOUNTANT Flat no.1102,Design Skills,No Hiren N. Gor Chartered Accountant Flat No.1102,5,,hard,Design Skills
no pressure,Domain-Specific / Other,No Pressure,5,,hard,Domain-Specific / Other
Node.js,IT & Software,Node.Js,5,,hard,IT & Software
non ferrous,Domain-Specific / Other,Non Ferrous,5,,hard,Domain-Specific / Other
Non Profit making organisations and ensuring compliance of AAS (Accepted Audited Standards),IT & Software,Non Profit Making Organisations And Ensuring Compliance Of Aas (Accepted Audited Standards),5,,hard,IT & Software
Non Voice,Domain-Specific / Other,Non Voice,5,,hard,Domain-Specific / Other
Non-Destructive Testing,Domain-Specific / Other,Non-Destructive Testing,5,,hard,Domain-Specific / Other
Non-Technical,IT & Software,Non-Technical,5,,hard,IT & Software
Not Mentioned,Domain-Specific / Other,Not Mentioned,5,,hard,Domain-Specific / Other
Notepad,Domain-Specific / Other,Notepad,5,,hard,Domain-Specific / Other
NPD,Domain-Specific / Other,Npd,5,,hard,Domain-Specific / Other
NPD and process development,Domain-Specific / Other,Npd And Process Development,5,,hard,Domain-Specific / Other
npd engineer,Operations & Production,Npd Engineer,5,,hard,Operations & Production
numerical skills,Domain-Specific / Other,Numerical Skills,5,,hard,Domain-Specific / Other
nutrients manufacturers,Operations & Production,Nutrients Manufacturers,5,,hard,Operations & Production
nutrition,Domain-Specific / Other,Nutrition,5,,hard,Domain-Specific / Other
NX 10,Domain-Specific / Other,Nx 10,5,,hard,Domain-Specific / Other
nylon 6 & nylon 66,Domain-Specific / Other,Nylon 6 & Nylon 66,5,,hard,Domain-Specific / Other
o2c,Domain-Specific / Other,O2C,5,,hard,Domain-Specific / Other
O2C Billing,Domain-Specific / Other,O2C Billing,5,,hard,Domain-Specific / Other
O2C Process Microsoft Excel Skills - Effective Data Analysis using Pivot Table,IT & Software,O2C Process Microsoft Excel Skills - Effective Data Analysis Using Pivot Table,5,,hard,IT & Software
obedient,Domain-Specific / Other,Obedient,5,,hard,Domain-Specific / Other
Oc chemist,Domain-Specific / Other,Oc Chemist,5,,hard,Domain-Specific / Other
OceanPro & OceanVat,Domain-Specific / Other,Oceanpro & Oceanvat,5,,hard,Domain-Specific / Other
OEE,Domain-Specific / Other,Oee,5,,hard,Domain-Specific / Other
OEE Calculation,Domain-Specific / Other,Oee Calculation,5,,hard,Domain-Specific / Other
OEE Improvement,Domain-Specific / Other,Oee Improvement,5,,hard,Domain-Specific / Other
OEM,Domain-Specific / Other,Oem,5,,hard,Domain-Specific / Other
OEM paint production,Operations & Production,Oem Paint Production,5,,hard,Operations & Production
oem sales,Sales & Marketing,Oem Sales,5,,hard,Sales & Marketing
Office Administrat,Domain-Specific / Other,Office Administrat,5,,hard,Domain-Specific / Other
office administration,Domain-Specific / Other,Office Administration,5,,hard,Domain-Specific / Other
Office Assistance,Domain-Specific / Other,Office Assistance,5,,hard,Domain-Specific / Other
Office Assistant,Domain-Specific / Other,Office Assistant,5,,hard,Domain-Specific / Other
Office Automation,Domain-Specific / Other,Office Automation,5,,hard,Domain-Specific / Other
office management,Domain-Specific / Other,Office Management,5,,hard,Domain-Specific / Other
Office Package,Domain-Specific / Other,Office Package,5,,hard,Domain-Specific / Other
Office Word,Domain-Specific / Other,Office Word,5,,hard,Domain-Specific / Other
Officer Accountant,Domain-Specific / Other,Officer Accountant,5,,hard,Domain-Specific / Other
OHSAS 18001,Domain-Specific / Other,Ohsas 18001,5,,hard,Domain-Specific / Other
oil & cosmetics with emphasis on HPLC,Domain-Specific / Other,Oil & Cosmetics With Emphasis On Hplc,5,,hard,Domain-Specific / Other
Oil Testing,Domain-Specific / Other,Oil Testing,5,,hard,Domain-Specific / Other
ointment,Domain-Specific / Other,Ointment,5,,hard,Domain-Specific / Other
OLAP,Domain-Specific / Other,Olap,5,,hard,Domain-Specific / Other
OMP+,Domain-Specific / Other,Omp+,5,,hard,Domain-Specific / Other
on a day to day basis as per GMP and ISO requirements Prepared trend data of analysis with graphical presentation. Operational knowledge of SAP familiar with transactions like QA32,IT & Software,On A Day To Day Basis As Per Gmp And Iso Requirements Prepared Trend Data Of Analysis With Graphical Presentation. Operational Knowledge Of Sap Familiar With Transactions Like Qa32,5,,hard,IT & Software
on board vendor as per document.,Operations & Production,On Board Vendor As Per Document.,5,,hard,Operations & Production
On job training,Domain-Specific / Other,On Job Training,5,,hard,Domain-Specific / Other
onboarding,HR & Recruitment,Onboarding,5,,hard,HR & Recruitment
Online Banking,Domain-Specific / Other,Online Banking,5,,hard,Domain-Specific / Other
Online Documentation.,Domain-Specific / Other,Online Documentation.,5,,hard,Domain-Specific / Other
Online Inspection,Domain-Specific / Other,Online Inspection,5,,hard,Domain-Specific / Other
Online Payment,Domain-Specific / Other,Online Payment,5,,hard,Domain-Specific / Other
Online Sales,Sales & Marketing,Online Sales,5,,hard,Sales & Marketing
Online Tax Payment,Finance & Accounts,Online Tax Payment,5,,hard,Finance & Accounts
online tax payments,Finance & Accounts,Online Tax Payments,5,,hard,Finance & Accounts
online tax returns filings,Finance & Accounts,Online Tax Returns Filings,5,,hard,Finance & Accounts
OOPS,Domain-Specific / Other,Oops,5,,hard,Domain-Specific / Other
OOS,Domain-Specific / Other,Oos,5,,hard,Domain-Specific / Other
OOS & OOT Handling,Domain-Specific / Other,Oos & Oot Handling,5,,hard,Domain-Specific / Other
OOS OOT INVESTIGATION,Domain-Specific / Other,Oos Oot Investigation,5,,hard,Domain-Specific / Other
OOT,Domain-Specific / Other,Oot,5,,hard,Domain-Specific / Other
OOT investigation : Responsible for Review and act upon OOS,Domain-Specific / Other,Oot Investigation : Responsible For Review And Act Upon Oos,5,,hard,Domain-Specific / Other
open item clearing,Domain-Specific / Other,Open Item Clearing,5,,hard,Domain-Specific / Other
open lab software GC And HPLC,IT & Software,Open Lab Software Gc And Hplc,5,,hard,IT & Software
Operating,Domain-Specific / Other,Operating,5,,hard,Domain-Specific / Other
Operating Engineer Trainee,Operations & Production,Operating Engineer Trainee,5,,hard,Operations & Production
operating systems,IT & Software,Operating Systems,5,,hard,IT & Software
Operation,Domain-Specific / Other,Operation,5,,hard,Domain-Specific / Other
Operation management,Domain-Specific / Other,Operation Management,5,,hard,Domain-Specific / Other
operation of dryer,Domain-Specific / Other,Operation Of Dryer,5,,hard,Domain-Specific / Other
operational,Domain-Specific / Other,Operational,5,,hard,Domain-Specific / Other
Operational Efficiency,Domain-Specific / Other,Operational Efficiency,5,,hard,Domain-Specific / Other
operational excellence,Domain-Specific / Other,Operational Excellence,5,,hard,Domain-Specific / Other
Operational Expenditure,Domain-Specific / Other,Operational Expenditure,5,,hard,Domain-Specific / Other
Operational Head,Domain-Specific / Other,Operational Head,5,,hard,Domain-Specific / Other
Operational knowledge of project management ?,Domain-Specific / Other,Operational Knowledge Of Project Management ?,5,,hard,Domain-Specific / Other
Operational Support,Domain-Specific / Other,Operational Support,5,,hard,Domain-Specific / Other
Operations,Domain-Specific / Other,Operations,5,,hard,Domain-Specific / Other
Operations Api Production,IT & Software,Operations Api Production,5,,hard,IT & Software
Operations Leadership,Sales & Marketing,Operations Leadership,5,,soft,Sales & Marketing
Operations Management,Domain-Specific / Other,Operations Management,5,,hard,Domain-Specific / Other
operations of production equipment,Operations & Production,Operations Of Production Equipment,5,,hard,Operations & Production
Operations Planning,Domain-Specific / Other,Operations Planning,5,,hard,Domain-Specific / Other
Operations Team Handling,Soft Skills,Operations Team Handling,5,,soft,Soft Skills
operator,Domain-Specific / Other,Operator,5,,hard,Domain-Specific / Other
operator efficiency,Domain-Specific / Other,Operator Efficiency,5,,hard,Domain-Specific / Other
Opex,Domain-Specific / Other,Opex,5,,hard,Domain-Specific / Other
oprp,Domain-Specific / Other,Oprp,5,,hard,Domain-Specific / Other
optimization,Domain-Specific / Other,Optimization,5,,hard,Domain-Specific / Other
optimum utilisation of raw materials,Domain-Specific / Other,Optimum Utilisation Of Raw Materials,5,,hard,Domain-Specific / Other
OQ,Domain-Specific / Other,Oq,5,,hard,Domain-Specific / Other
Oracle,Domain-Specific / Other,Oracle,5,,hard,Domain-Specific / Other
oracle 10g,Domain-Specific / Other,Oracle 10G,5,,hard,Domain-Specific / Other
Oracle 11I,Domain-Specific / Other,Oracle 11I,5,,hard,Domain-Specific / Other
Oracle 9,Domain-Specific / Other,Oracle 9,5,,hard,Domain-Specific / Other
oracle accounting system,IT & Software,Oracle Accounting System,5,,hard,IT & Software
Oracle Apps,IT & Software,Oracle Apps,5,,hard,IT & Software
Oracle Cloud,IT & Software,Oracle Cloud,5,,hard,IT & Software
Oracle ERP,Domain-Specific / Other,Oracle Erp,5,,hard,Domain-Specific / Other
oracle financials 11i,Domain-Specific / Other,Oracle Financials 11I,5,,hard,Domain-Specific / Other
Oracle General Ledger,Finance & Accounts,Oracle General Ledger,5,,hard,Finance & Accounts
Oracle Operating System : Linux,IT & Software,Oracle Operating System : Linux,5,,hard,IT & Software
oral solids,Domain-Specific / Other,Oral Solids,5,,hard,Domain-Specific / Other
order management,Domain-Specific / Other,Order Management,5,,hard,Domain-Specific / Other
order processing,Domain-Specific / Other,Order Processing,5,,hard,Domain-Specific / Other
order to cash,Domain-Specific / Other,Order To Cash,5,,hard,Domain-Specific / Other
Order to Cash-(O2C),Domain-Specific / Other,Order To Cash-(O2C),5,,hard,Domain-Specific / Other
Order-to-Cash,Domain-Specific / Other,Order-To-Cash,5,,hard,Domain-Specific / Other
orga-data logical window,IT & Software,Orga-Data Logical Window,5,,hard,IT & Software
Organic Chemistry,Domain-Specific / Other,Organic Chemistry,5,,hard,Domain-Specific / Other
Organic Farming,Domain-Specific / Other,Organic Farming,5,,hard,Domain-Specific / Other
organic reange of products .Educating stake holders,Domain-Specific / Other,Organic Reange Of Products .Educating Stake Holders,5,,hard,Domain-Specific / Other
organization,Domain-Specific / Other,Organization,5,,hard,Domain-Specific / Other
organizational,Domain-Specific / Other,Organizational,5,,hard,Domain-Specific / Other
Organizational Management,Domain-Specific / Other,Organizational Management,5,,hard,Domain-Specific / Other
organizational skills,Domain-Specific / Other,Organizational Skills,5,,hard,Domain-Specific / Other
organize analysis of starting materials and coordinate production functions and through team motivation achieve production and quality targets,HR & Recruitment,Organize Analysis Of Starting Materials And Coordinate Production Functions And Through Team Motivation Achieve Production And Quality Targets,5,,soft,HR & Recruitment
Organizing,Domain-Specific / Other,Organizing,5,,hard,Domain-Specific / Other
oriented,Domain-Specific / Other,Oriented,5,,hard,Domain-Specific / Other
Orthopedic,Domain-Specific / Other,Orthopedic,5,,hard,Domain-Specific / Other
OSD,Domain-Specific / Other,Osd,5,,hard,Domain-Specific / Other
Other,Domain-Specific / Other,Other,5,,hard,Domain-Specific / Other
Other ERP Software,IT & Software,Other Erp Software,5,,hard,IT & Software
Other Finance & Accounts,Finance & Accounts,Other Finance & Accounts,5,,hard,Finance & Accounts
other govt related matter legal,Domain-Specific / Other,Other Govt Related Matter Legal,5,,hard,Domain-Specific / Other
other managment related details & forex related works,Domain-Specific / Other,Other Managment Related Details & Forex Related Works,5,,hard,Domain-Specific / Other
Outbound,Domain-Specific / Other,Outbound,5,,hard,Domain-Specific / Other
Outlook,Domain-Specific / Other,Outlook,5,,hard,Domain-Specific / Other
Outlook & Windows Live Messenger,Domain-Specific / Other,Outlook & Windows Live Messenger,5,,hard,Domain-Specific / Other
Outlook Configuration,Domain-Specific / Other,Outlook Configuration,5,,hard,Domain-Specific / Other
outlook express,Domain-Specific / Other,Outlook Express,5,,hard,Domain-Specific / Other
Outlook),Domain-Specific / Other,Outlook),5,,hard,Domain-Specific / Other
output,Domain-Specific / Other,Output,5,,hard,Domain-Specific / Other
oven,Domain-Specific / Other,Oven,5,,hard,Domain-Specific / Other
Overseeing stores ledger and manning reconciliations. ?,Finance & Accounts,Overseeing Stores Ledger And Manning Reconciliations. ?,5,,hard,Finance & Accounts
ownership,Domain-Specific / Other,Ownership,5,,hard,Domain-Specific / Other
p and l. operations,Domain-Specific / Other,P And L. Operations,5,,hard,Domain-Specific / Other
P Tax,Finance & Accounts,P Tax,5,,hard,Finance & Accounts
P&ID,Domain-Specific / Other,P&Id,5,,hard,Domain-Specific / Other
P&l,Domain-Specific / Other,P&L,5,,hard,Domain-Specific / Other
P&L Account,Domain-Specific / Other,P&L Account,5,,hard,Domain-Specific / Other
P&L Accounts,Domain-Specific / Other,P&L Accounts,5,,hard,Domain-Specific / Other
p&l analysis,Domain-Specific / Other,P&L Analysis,5,,hard,Domain-Specific / Other
p&l management,Domain-Specific / Other,P&L Management,5,,hard,Domain-Specific / Other
P&L Mgmt,Domain-Specific / Other,P&L Mgmt,5,,hard,Domain-Specific / Other
P2P,Domain-Specific / Other,P2P,5,,hard,Domain-Specific / Other
P2P Cycle,Domain-Specific / Other,P2P Cycle,5,,hard,Domain-Specific / Other
Packaging,Domain-Specific / Other,Packaging,5,,hard,Domain-Specific / Other
packaging & mktg. of produce,Domain-Specific / Other,Packaging & Mktg. Of Produce,5,,hard,Domain-Specific / Other
Packaging analysis,Domain-Specific / Other,Packaging Analysis,5,,hard,Domain-Specific / Other
Packaging Development,Domain-Specific / Other,Packaging Development,5,,hard,Domain-Specific / Other
Packaging Machines,Domain-Specific / Other,Packaging Machines,5,,hard,Domain-Specific / Other
Packaging Materials samples also Method Transfer activities. Calibration of instrument,Domain-Specific / Other,Packaging Materials Samples Also Method Transfer Activities. Calibration Of Instrument,5,,hard,Domain-Specific / Other
Packaging Operations,Domain-Specific / Other,Packaging Operations,5,,hard,Domain-Specific / Other
packer,Domain-Specific / Other,Packer,5,,hard,Domain-Specific / Other
Packing material,Domain-Specific / Other,Packing Material,5,,hard,Domain-Specific / Other
packing material & finished product. Training to Casual manpower on hygiene,Domain-Specific / Other,Packing Material & Finished Product. Training To Casual Manpower On Hygiene,5,,hard,Domain-Specific / Other
packing section.,Domain-Specific / Other,Packing Section.,5,,hard,Domain-Specific / Other
Packing Supervisor,Operations & Production,Packing Supervisor,5,,hard,Operations & Production
PageMaker,Domain-Specific / Other,Pagemaker,5,,hard,Domain-Specific / Other
Paid Assistant,Domain-Specific / Other,Paid Assistant,5,,hard,Domain-Specific / Other
Paint,Domain-Specific / Other,Paint,5,,hard,Domain-Specific / Other
paint application,IT & Software,Paint Application,5,,hard,IT & Software
paint production,Operations & Production,Paint Production,5,,hard,Operations & Production
Paint Shop,Domain-Specific / Other,Paint Shop,5,,hard,Domain-Specific / Other
Paint Shop Production,Operations & Production,Paint Shop Production,5,,hard,Operations & Production
Parenteral,Domain-Specific / Other,Parenteral,5,,hard,Domain-Specific / Other
pareto charts,Design Skills,Pareto Charts,5,,hard,Design Skills
part 11 compliance,HR & Recruitment,Part 11 Compliance,5,,hard,HR & Recruitment
part 11 compliance QC Management,HR & Recruitment,Part 11 Compliance Qc Management,5,,hard,HR & Recruitment
Part Modeling,Design Skills,Part Modeling,5,,hard,Design Skills
Partnership,Design Skills,Partnership,5,,hard,Design Skills
Party Reconciliation,Design Skills,Party Reconciliation,5,,hard,Design Skills
Pas-X,Domain-Specific / Other,Pas-X,5,,hard,Domain-Specific / Other
Pattern Making,Domain-Specific / Other,Pattern Making,5,,hard,Domain-Specific / Other
Pay Roll Processing,Domain-Specific / Other,Pay Roll Processing,5,,hard,Domain-Specific / Other
payable,Finance & Accounts,Payable,5,,hard,Finance & Accounts
Payable Management,Finance & Accounts,Payable Management,5,,hard,Finance & Accounts
Payables,Finance & Accounts,Payables,5,,hard,Finance & Accounts
payables management,Finance & Accounts,Payables Management,5,,hard,Finance & Accounts
paye tax,Finance & Accounts,Paye Tax,5,,hard,Finance & Accounts
paymemt booking etc accounts payable & receiveable,Finance & Accounts,Paymemt Booking Etc Accounts Payable & Receiveable,5,,hard,Finance & Accounts
payment,Domain-Specific / Other,Payment,5,,hard,Domain-Specific / Other
payment & receipt transactions,Domain-Specific / Other,Payment & Receipt Transactions,5,,hard,Domain-Specific / Other
Payment Followup,Domain-Specific / Other,Payment Followup,5,,hard,Domain-Specific / Other
payment of gst,Finance & Accounts,Payment Of Gst,5,,hard,Finance & Accounts
Payment Posting,Domain-Specific / Other,Payment Posting,5,,hard,Domain-Specific / Other
Payment Processing,Domain-Specific / Other,Payment Processing,5,,hard,Domain-Specific / Other
payment terms,Domain-Specific / Other,Payment Terms,5,,hard,Domain-Specific / Other
payment voucher,Domain-Specific / Other,Payment Voucher,5,,hard,Domain-Specific / Other
PAYMENTS,Domain-Specific / Other,Payments,5,,hard,Domain-Specific / Other
Payments processing,Domain-Specific / Other,Payments Processing,5,,hard,Domain-Specific / Other
Payroll,Finance & Accounts,Payroll,5,,hard,Finance & Accounts
Payroll Accountant,Finance & Accounts,Payroll Accountant,5,,hard,Finance & Accounts
payroll accounting,Finance & Accounts,Payroll Accounting,5,,hard,Finance & Accounts
Payroll Accounting & Statutory Deductions,Finance & Accounts,Payroll Accounting & Statutory Deductions,5,,hard,Finance & Accounts
Payroll Analyst,Finance & Accounts,Payroll Analyst,5,,hard,Finance & Accounts
payroll -compliances,Finance & Accounts,Payroll -Compliances,5,,hard,Finance & Accounts
Payroll Management,Finance & Accounts,Payroll Management,5,,hard,Finance & Accounts
Payroll Mgmt,Finance & Accounts,Payroll Mgmt,5,,hard,Finance & Accounts
payroll operations,Finance & Accounts,Payroll Operations,5,,hard,Finance & Accounts
Payroll Preparation,Finance & Accounts,Payroll Preparation,5,,hard,Finance & Accounts
Payroll Processing,Finance & Accounts,Payroll Processing,5,,hard,Finance & Accounts
payroll software,IT & Software,Payroll Software,5,,hard,IT & Software
payroll tax,Finance & Accounts,Payroll Tax,5,,hard,Finance & Accounts
payroll taxes,Finance & Accounts,Payroll Taxes,5,,hard,Finance & Accounts
pbt,Domain-Specific / Other,Pbt,5,,hard,Domain-Specific / Other
pc,Domain-Specific / Other,Pc,5,,hard,Domain-Specific / Other
pc soft,Domain-Specific / Other,Pc Soft,5,,hard,Domain-Specific / Other
PCOCR,Domain-Specific / Other,Pcocr,5,,hard,Domain-Specific / Other
PD Lab,Domain-Specific / Other,Pd Lab,5,,hard,Domain-Specific / Other
PDCA,Domain-Specific / Other,Pdca,5,,hard,Domain-Specific / Other
PDP,Domain-Specific / Other,Pdp,5,,hard,Domain-Specific / Other
PDS,Domain-Specific / Other,Pds,5,,hard,Domain-Specific / Other
Peoducrion management Quality management system,IT & Software,Peoducrion Management Quality Management System,5,,hard,IT & Software
People and staff management,Domain-Specific / Other,People And Staff Management,5,,hard,Domain-Specific / Other
people management,Domain-Specific / Other,People Management,5,,hard,Domain-Specific / Other
People Management Skills,Domain-Specific / Other,People Management Skills,5,,hard,Domain-Specific / Other
Peoplesoft,Domain-Specific / Other,Peoplesoft,5,,hard,Domain-Specific / Other
Performance Analyst,Domain-Specific / Other,Performance Analyst,5,,hard,Domain-Specific / Other
Performance Appraisal,IT & Software,Performance Appraisal,5,,hard,IT & Software
performance improvement,Domain-Specific / Other,Performance Improvement,5,,hard,Domain-Specific / Other
Performance Management,Domain-Specific / Other,Performance Management,5,,hard,Domain-Specific / Other
Performance monitoring,Domain-Specific / Other,Performance Monitoring,5,,hard,Domain-Specific / Other
performance test,Domain-Specific / Other,Performance Test,5,,hard,Domain-Specific / Other
Performance Tuning,Domain-Specific / Other,Performance Tuning,5,,hard,Domain-Specific / Other
perfumery etc new Product Development Manufacturing Management,Operations & Production,Perfumery Etc New Product Development Manufacturing Management,5,,hard,Operations & Production
Periodic Calibration,Domain-Specific / Other,Periodic Calibration,5,,hard,Domain-Specific / Other
Periodical training on SOP,Domain-Specific / Other,Periodical Training On Sop,5,,hard,Domain-Specific / Other
Persistent,Domain-Specific / Other,Persistent,5,,hard,Domain-Specific / Other
personal,Domain-Specific / Other,Personal,5,,hard,Domain-Specific / Other
Personal assistant,Domain-Specific / Other,Personal Assistant,5,,hard,Domain-Specific / Other
Personal Balance sheet and P & L prepare. Preparation of (MSOD) monthly stock statement for Bank submission of CC a,Finance & Accounts,Personal Balance Sheet And P & L Prepare. Preparation Of (Msod) Monthly Stock Statement For Bank Submission Of Cc A,5,,hard,Finance & Accounts
personal income tax returns,Finance & Accounts,Personal Income Tax Returns,5,,hard,Finance & Accounts
Personal Loan,Domain-Specific / Other,Personal Loan,5,,hard,Domain-Specific / Other
Personal Taxation,Finance & Accounts,Personal Taxation,5,,hard,Finance & Accounts
personnel and production processes. PEOPLE MANAGEMENT : Coordinating with the HR Department in conducting negotiations with labour unions for resolving issues,HR & Recruitment,Personnel And Production Processes. People Management : Coordinating With The Hr Department In Conducting Negotiations With Labour Unions For Resolving Issues,5,,hard,HR & Recruitment
Pesticide interimidate Production Management,Operations & Production,Pesticide Interimidate Production Management,5,,hard,Operations & Production
Pesticides,Domain-Specific / Other,Pesticides,5,,hard,Domain-Specific / Other
pet,Domain-Specific / Other,Pet,5,,hard,Domain-Specific / Other
PetroChemical,Domain-Specific / Other,Petrochemical,5,,hard,Domain-Specific / Other
petrochemical Production,Operations & Production,Petrochemical Production,5,,hard,Operations & Production
Petroleum,Domain-Specific / Other,Petroleum,5,,hard,Domain-Specific / Other
petty cash,Domain-Specific / Other,Petty Cash,5,,hard,Domain-Specific / Other
petty cash book,Domain-Specific / Other,Petty Cash Book,5,,hard,Domain-Specific / Other
Petty Cash Management,Domain-Specific / Other,Petty Cash Management,5,,hard,Domain-Specific / Other
PF,Domain-Specific / Other,Pf,5,,hard,Domain-Specific / Other
pf and esic,Domain-Specific / Other,Pf And Esic,5,,hard,Domain-Specific / Other
PFD,Domain-Specific / Other,Pfd,5,,hard,Domain-Specific / Other
PFD and PID of Equipment&apos,Design Skills,Pfd And Pid Of Equipment&Apos,5,,hard,Design Skills
PFMEA,Domain-Specific / Other,Pfmea,5,,hard,Domain-Specific / Other
PFMEA Kaizen Implementation,Domain-Specific / Other,Pfmea Kaizen Implementation,5,,hard,Domain-Specific / Other
PFR,Domain-Specific / Other,Pfr,5,,hard,Domain-Specific / Other
PGDM IN PROCESS ENGINEERING Production Management,Operations & Production,Pgdm In Process Engineering Production Management,5,,hard,Operations & Production
pH Meter,Domain-Specific / Other,Ph Meter,5,,hard,Domain-Specific / Other
pH Metry.,Domain-Specific / Other,Ph Metry.,5,,hard,Domain-Specific / Other
PHA,Domain-Specific / Other,Pha,5,,hard,Domain-Specific / Other
Pharma,Healthcare & Clinical,Pharma,5,,hard,Healthcare & Clinical
Pharma Informatics-Associate,Healthcare & Clinical,Pharma Informatics-Associate,5,,hard,Healthcare & Clinical
Pharma Marketing,Sales & Marketing,Pharma Marketing,5,,hard,Sales & Marketing
Pharma Production,Operations & Production,Pharma Production,5,,hard,Operations & Production
pharma production chemist,Operations & Production,Pharma Production Chemist,5,,hard,Operations & Production
Pharma Production Chemist (softgel),Operations & Production,Pharma Production Chemist (Softgel),5,,hard,Operations & Production
Pharma production Executive,Operations & Production,Pharma Production Executive,5,,hard,Operations & Production
pharma production in tablet manufactering Pharmaceutical Production,Operations & Production,Pharma Production In Tablet Manufactering Pharmaceutical Production,5,,hard,Operations & Production
Pharma Production Operations,Operations & Production,Pharma Production Operations,5,,hard,Operations & Production
Pharma Production Production Planning Control,Operations & Production,Pharma Production Production Planning Control,5,,hard,Operations & Production
Pharma Quality Control,Operations & Production,Pharma Quality Control,5,,hard,Operations & Production
Pharma Selling,Healthcare & Clinical,Pharma Selling,5,,hard,Healthcare & Clinical
pharmaceutical,Healthcare & Clinical,Pharmaceutical,5,,hard,Healthcare & Clinical
Pharmaceutical industry,Healthcare & Clinical,Pharmaceutical Industry,5,,hard,Healthcare & Clinical
Pharmaceutical Manufacturing,Operations & Production,Pharmaceutical Manufacturing,5,,hard,Operations & Production
Pharmaceutical Packaging,Healthcare & Clinical,Pharmaceutical Packaging,5,,hard,Healthcare & Clinical
Pharmaceutical product,Healthcare & Clinical,Pharmaceutical Product,5,,hard,Healthcare & Clinical
Pharmaceutical Production,Operations & Production,Pharmaceutical Production,5,,hard,Operations & Production
Pharmaceutical Quality Assurance,Operations & Production,Pharmaceutical Quality Assurance,5,,hard,Operations & Production
Pharmaceutical Quality Control,Operations & Production,Pharmaceutical Quality Control,5,,hard,Operations & Production
Pharmaceutical tablet Manufacturing Process meets quality aspects,Operations & Production,Pharmaceutical Tablet Manufacturing Process Meets Quality Aspects,5,,hard,Operations & Production
PHARMACEUTICALS,Healthcare & Clinical,Pharmaceuticals,5,,hard,Healthcare & Clinical
pharmaceutics,Healthcare & Clinical,Pharmaceutics,5,,hard,Healthcare & Clinical
Pharmacist,Healthcare & Clinical,Pharmacist,5,,hard,Healthcare & Clinical
Pharmacloud,IT & Software,Pharmacloud,5,,hard,IT & Software
Pharmacology,Healthcare & Clinical,Pharmacology,5,,hard,Healthcare & Clinical
Pharmacovigilance,Healthcare & Clinical,Pharmacovigilance,5,,hard,Healthcare & Clinical
Pharmacy,Healthcare & Clinical,Pharmacy,5,,hard,Healthcare & Clinical
PharmaProduction Chemist,Operations & Production,Pharmaproduction Chemist,5,,hard,Operations & Production
pharmasuite,Healthcare & Clinical,Pharmasuite,5,,hard,Healthcare & Clinical
PHOSPHATING,Domain-Specific / Other,Phosphating,5,,hard,Domain-Specific / Other
Photography,Domain-Specific / Other,Photography,5,,hard,Domain-Specific / Other
Photoshop,Design Skills,Photoshop,5,,hard,Design Skills
PHP,Domain-Specific / Other,Php,5,,hard,Domain-Specific / Other
Physical Inventory,Operations & Production,Physical Inventory,5,,hard,Operations & Production
Physical Stock,Domain-Specific / Other,Physical Stock,5,,hard,Domain-Specific / Other
Physical Verification,Domain-Specific / Other,Physical Verification,5,,hard,Domain-Specific / Other
physical verification of stock,Domain-Specific / Other,Physical Verification Of Stock,5,,hard,Domain-Specific / Other
Physico-Chemical analysis of treated,Domain-Specific / Other,Physico-Chemical Analysis Of Treated,5,,hard,Domain-Specific / Other
Physics,Domain-Specific / Other,Physics,5,,hard,Domain-Specific / Other
physiology,Domain-Specific / Other,Physiology,5,,hard,Domain-Specific / Other
pigments and paints,Domain-Specific / Other,Pigments And Paints,5,,hard,Domain-Specific / Other
Pilot Plant,Operations & Production,Pilot Plant,5,,hard,Operations & Production
Piping,Domain-Specific / Other,Piping,5,,hard,Domain-Specific / Other
Pivot Table,Domain-Specific / Other,Pivot Table,5,,hard,Domain-Specific / Other
pl achieving the target given by the respective dept. To minimize the loss time in plant. Taking corrective action during breakdown,Operations & Production,Pl Achieving The Target Given By The Respective Dept. To Minimize The Loss Time In Plant. Taking Corrective Action During Breakdown,5,,hard,Operations & Production
Placement Coordinator,Domain-Specific / Other,Placement Coordinator,5,,hard,Domain-Specific / Other
plan,Domain-Specific / Other,Plan,5,,hard,Domain-Specific / Other
Plan the production program on the basis of Indent,Operations & Production,Plan The Production Program On The Basis Of Indent,5,,hard,Operations & Production
plan the production program on the basis of indent follow-up list and ensure the planning is executed & on time delivery. maintain the quality of the material produced by the our team and our machine.which are maintain by maintenance department. Production Engineering,Operations & Production,Plan The Production Program On The Basis Of Indent Follow-Up List And Ensure The Planning Is Executed & On Time Delivery. Maintain The Quality Of The Material Produced By The Our Team And Our Machine.Which Are Maintain By Maintenance Department. Production Engineering,5,,soft,Operations & Production
planing & control,Domain-Specific / Other,Planing & Control,5,,hard,Domain-Specific / Other
Planned,Domain-Specific / Other,Planned,5,,hard,Domain-Specific / Other
Planning,Domain-Specific / Other,Planning,5,,hard,Domain-Specific / Other
planning & controlling,Domain-Specific / Other,Planning & Controlling,5,,hard,Domain-Specific / Other
Planning & Management Identifying potential markets,Sales & Marketing,Planning & Management Identifying Potential Markets,5,,hard,Sales & Marketing
Planning And Analysis,Domain-Specific / Other,Planning And Analysis,5,,hard,Domain-Specific / Other
Planning and Monitoring of GLP Activities. Documentation Compliance Review of specification STPs,HR & Recruitment,Planning And Monitoring Of Glp Activities. Documentation Compliance Review Of Specification Stps,5,,hard,HR & Recruitment
planning coordinator,Domain-Specific / Other,Planning Coordinator,5,,hard,Domain-Specific / Other
Planning Engineering,Operations & Production,Planning Engineering,5,,hard,Operations & Production
planning of merchandising and execution of these marketing events for increasing sales drive. Production Management,Sales & Marketing,Planning Of Merchandising And Execution Of These Marketing Events For Increasing Sales Drive. Production Management,5,,hard,Sales & Marketing
Planning production programs for different production sections with proper machine balancing alongside maintaining priorities and projected delivery schedule,Operations & Production,Planning Production Programs For Different Production Sections With Proper Machine Balancing Alongside Maintaining Priorities And Projected Delivery Schedule,5,,hard,Operations & Production
Planning Skills,Domain-Specific / Other,Planning Skills,5,,hard,Domain-Specific / Other
plant,Operations & Production,Plant,5,,hard,Operations & Production
Plant Accounting,Finance & Accounts,Plant Accounting,5,,hard,Finance & Accounts
plant accounts head,Operations & Production,Plant Accounts Head,5,,hard,Operations & Production
plant activity,Operations & Production,Plant Activity,5,,hard,Operations & Production
Plant Administration,Operations & Production,Plant Administration,5,,hard,Operations & Production
plant chemist,Operations & Production,Plant Chemist,5,,hard,Operations & Production
Plant Commissioning,Operations & Production,Plant Commissioning,5,,hard,Operations & Production
plant direction. Arranging Tolling and Job work activities for the brands at different locations with all Legal,Sales & Marketing,Plant Direction. Arranging Tolling And Job Work Activities For The Brands At Different Locations With All Legal,5,,hard,Sales & Marketing
plant hand,Operations & Production,Plant Hand,5,,hard,Operations & Production
Plant head,Operations & Production,Plant Head,5,,hard,Operations & Production
plant incharge,Operations & Production,Plant Incharge,5,,hard,Operations & Production
plant layout,Operations & Production,Plant Layout,5,,hard,Operations & Production
plant maintenance,Operations & Production,Plant Maintenance,5,,hard,Operations & Production
Plant Management,Operations & Production,Plant Management,5,,hard,Operations & Production
plant manager,Operations & Production,Plant Manager,5,,hard,Operations & Production
plant manager Production Management,Operations & Production,Plant Manager Production Management,5,,hard,Operations & Production
Plant Operation,Operations & Production,Plant Operation,5,,hard,Operations & Production
Plant operation management,Operations & Production,Plant Operation Management,5,,hard,Operations & Production
Plant Operations,Operations & Production,Plant Operations,5,,hard,Operations & Production
Plant Production,Operations & Production,Plant Production,5,,hard,Operations & Production
Plant Quality,Operations & Production,Plant Quality,5,,hard,Operations & Production
Plant shut-down planning,Operations & Production,Plant Shut-Down Planning,5,,hard,Operations & Production
plant supervision,Operations & Production,Plant Supervision,5,,hard,Operations & Production
plant trubleshootin,Operations & Production,Plant Trubleshootin,5,,hard,Operations & Production
PlantManagement,Operations & Production,Plantmanagement,5,,hard,Operations & Production
plastering,Domain-Specific / Other,Plastering,5,,hard,Domain-Specific / Other
plastic,Domain-Specific / Other,Plastic,5,,hard,Domain-Specific / Other
Plastic Engineering,Operations & Production,Plastic Engineering,5,,hard,Operations & Production
Plastic Extrusion,Domain-Specific / Other,Plastic Extrusion,5,,hard,Domain-Specific / Other
Plastic Injection Molding,Domain-Specific / Other,Plastic Injection Molding,5,,hard,Domain-Specific / Other
Plastic Injection Molding in Production.,Operations & Production,Plastic Injection Molding In Production.,5,,hard,Operations & Production
Plastic Molding,Domain-Specific / Other,Plastic Molding,5,,hard,Domain-Specific / Other
plastic textile,Domain-Specific / Other,Plastic Textile,5,,hard,Domain-Specific / Other
Plastics Technology,IT & Software,Plastics Technology,5,,hard,IT & Software
plating,Domain-Specific / Other,Plating,5,,hard,Domain-Specific / Other
playing cricket,Domain-Specific / Other,Playing Cricket,5,,hard,Domain-Specific / Other
PLC,Domain-Specific / Other,Plc,5,,hard,Domain-Specific / Other
PLC - SCADA Programming,Domain-Specific / Other,Plc - Scada Programming,5,,hard,Domain-Specific / Other
plc based machines,Domain-Specific / Other,Plc Based Machines,5,,hard,Domain-Specific / Other
PLC Executive Production,Operations & Production,Plc Executive Production,5,,hard,Operations & Production
PLC Operation,Domain-Specific / Other,Plc Operation,5,,hard,Domain-Specific / Other
PLC Panel,Domain-Specific / Other,Plc Panel,5,,hard,Domain-Specific / Other
PLCs,Domain-Specific / Other,Plcs,5,,hard,Domain-Specific / Other
PLM,Domain-Specific / Other,Plm,5,,hard,Domain-Specific / Other
ploymer products,Domain-Specific / Other,Ploymer Products,5,,hard,Domain-Specific / Other
PM,Domain-Specific / Other,Pm,5,,hard,Domain-Specific / Other
PMDA,Domain-Specific / Other,Pmda,5,,hard,Domain-Specific / Other
PMP,Certifications,Pmp,5,,hard,Certifications
PMs,Domain-Specific / Other,Pms,5,,hard,Domain-Specific / Other
Pnl Management,Domain-Specific / Other,Pnl Management,5,,hard,Domain-Specific / Other
PO,Domain-Specific / Other,Po,5,,hard,Domain-Specific / Other
Point,Domain-Specific / Other,Point,5,,hard,Domain-Specific / Other
Poka,Domain-Specific / Other,Poka,5,,hard,Domain-Specific / Other
Poka Yoke,Domain-Specific / Other,Poka Yoke,5,,hard,Domain-Specific / Other
Polari meter Operational knowledge of calibration of GC,Domain-Specific / Other,Polari Meter Operational Knowledge Of Calibration Of Gc,5,,hard,Domain-Specific / Other
Polari meter Strong ability to problem solve and trouble shoot in HPLC including splitted peaks,Domain-Specific / Other,Polari Meter Strong Ability To Problem Solve And Trouble Shoot In Hplc Including Splitted Peaks,5,,hard,Domain-Specific / Other
Polarimeter,Domain-Specific / Other,Polarimeter,5,,hard,Domain-Specific / Other
Polarimeter and proficient in Chromatographic and Spectrometric. I possess excellent statistical and computing skills with a creative ability in planning and executing assignments in a multi-disciplinary environment As a dynamic professional,HR & Recruitment,Polarimeter And Proficient In Chromatographic And Spectrometric. I Possess Excellent Statistical And Computing Skills With A Creative Ability In Planning And Executing Assignments In A Multi-Disciplinary Environment As A Dynamic Professional,5,,hard,HR & Recruitment
Polarimetry,Domain-Specific / Other,Polarimetry,5,,hard,Domain-Specific / Other
policies & procedures to facilitate internal financial and process controls. Implementing systems,IT & Software,Policies & Procedures To Facilitate Internal Financial And Process Controls. Implementing Systems,5,,hard,IT & Software
polite,Domain-Specific / Other,Polite,5,,hard,Domain-Specific / Other
Poly,Domain-Specific / Other,Poly,5,,hard,Domain-Specific / Other
Polyester,Domain-Specific / Other,Polyester,5,,hard,Domain-Specific / Other
Polymer,Domain-Specific / Other,Polymer,5,,hard,Domain-Specific / Other
Polymer Compounding,Domain-Specific / Other,Polymer Compounding,5,,hard,Domain-Specific / Other
Polymerization,Domain-Specific / Other,Polymerization,5,,hard,Domain-Specific / Other
Polypropylene,Domain-Specific / Other,Polypropylene,5,,hard,Domain-Specific / Other
port Operation,Domain-Specific / Other,Port Operation,5,,hard,Domain-Specific / Other
Portfolio,Domain-Specific / Other,Portfolio,5,,hard,Domain-Specific / Other
Portfolio Management,Domain-Specific / Other,Portfolio Management,5,,hard,Domain-Specific / Other
Positive approach towords problems.,IT & Software,Positive Approach Towords Problems.,5,,hard,IT & Software
positive attitude,Domain-Specific / Other,Positive Attitude,5,,hard,Domain-Specific / Other
Post Implementation,Domain-Specific / Other,Post Implementation,5,,hard,Domain-Specific / Other
Post Production,Operations & Production,Post Production,5,,hard,Operations & Production
Postman API,IT & Software,Postman Api,5,,hard,IT & Software
Potential,Domain-Specific / Other,Potential,5,,hard,Domain-Specific / Other
Potentiometry,Domain-Specific / Other,Potentiometry,5,,hard,Domain-Specific / Other
powder coating,Domain-Specific / Other,Powder Coating,5,,hard,Domain-Specific / Other
power,Domain-Specific / Other,Power,5,,hard,Domain-Specific / Other
Power BI,Domain-Specific / Other,Power Bi,5,,hard,Domain-Specific / Other
Power BI Dashboards,Domain-Specific / Other,Power Bi Dashboards,5,,hard,Domain-Specific / Other
power distribution,Domain-Specific / Other,Power Distribution,5,,hard,Domain-Specific / Other
Power Management,Domain-Specific / Other,Power Management,5,,hard,Domain-Specific / Other
Power Plant,Operations & Production,Power Plant,5,,hard,Operations & Production
Power Point,Domain-Specific / Other,Power Point,5,,hard,Domain-Specific / Other
POWER POINT & INTERNET. Highly Self - Motivated & Goal Seeker Hard working Punctual and Diligent for Shouldering Responsibilities Good Communication Skill,Soft Skills,Power Point & Internet. Highly Self - Motivated & Goal Seeker Hard Working Punctual And Diligent For Shouldering Responsibilities Good Communication Skill,5,,soft,Soft Skills
Power Point Internet operations A dedicated and highly motivated team player and team facilitator. Quick learner,Design Skills,Power Point Internet Operations A Dedicated And Highly Motivated Team Player And Team Facilitator. Quick Learner,5,,soft,Design Skills
Power Point Presentation,Domain-Specific / Other,Power Point Presentation,5,,hard,Domain-Specific / Other
Power Point) Adapting easily with different people from different cultures. In-depth knowledge of accounting,Finance & Accounts,Power Point) Adapting Easily With Different People From Different Cultures. In-Depth Knowledge Of Accounting,5,,hard,Finance & Accounts
power press experience,Domain-Specific / Other,Power Press Experience,5,,hard,Domain-Specific / Other
Power Query,Domain-Specific / Other,Power Query,5,,hard,Domain-Specific / Other
Powerpc,Domain-Specific / Other,Powerpc,5,,hard,Domain-Specific / Other
PowerPoint,Domain-Specific / Other,Powerpoint,5,,hard,Domain-Specific / Other
powerpoint & outlook,Domain-Specific / Other,Powerpoint & Outlook,5,,hard,Domain-Specific / Other
POY,Domain-Specific / Other,Poy,5,,hard,Domain-Specific / Other
PP,Domain-Specific / Other,Pp,5,,hard,Domain-Specific / Other
PP Compounding,Domain-Specific / Other,Pp Compounding,5,,hard,Domain-Specific / Other
PP Module,Domain-Specific / Other,Pp Module,5,,hard,Domain-Specific / Other
PP Reactors. . Spin Flash Dryer,IT & Software,Pp Reactors. . Spin Flash Dryer,5,,hard,IT & Software
PPAP,Domain-Specific / Other,Ppap,5,,hard,Domain-Specific / Other
PPAP Documentation,Domain-Specific / Other,Ppap Documentation,5,,hard,Domain-Specific / Other
PPC,Domain-Specific / Other,Ppc,5,,hard,Domain-Specific / Other
PPC and Marketing departments. Ensure the Lab safety as per ISO and ISRS requirement,Sales & Marketing,Ppc And Marketing Departments. Ensure The Lab Safety As Per Iso And Isrs Requirement,5,,hard,Sales & Marketing
ppc engineer,Operations & Production,Ppc Engineer,5,,hard,Operations & Production
PPC Management,Domain-Specific / Other,Ppc Management,5,,hard,Domain-Specific / Other
ppc manager,Domain-Specific / Other,Ppc Manager,5,,hard,Domain-Specific / Other
PPC Production planning Engineer,Operations & Production,Ppc Production Planning Engineer,5,,hard,Operations & Production
PPE,Domain-Specific / Other,Ppe,5,,hard,Domain-Specific / Other
PPIC,Domain-Specific / Other,Ppic,5,,hard,Domain-Specific / Other
PPM,Domain-Specific / Other,Ppm,5,,hard,Domain-Specific / Other
PPM Monitoring,Domain-Specific / Other,Ppm Monitoring,5,,hard,Domain-Specific / Other
PPT,Domain-Specific / Other,Ppt,5,,hard,Domain-Specific / Other
PPT.,Domain-Specific / Other,Ppt.,5,,hard,Domain-Specific / Other
PQ. Present Job details : Entirely accountable for stability Dept.,Domain-Specific / Other,Pq. Present Job Details : Entirely Accountable For Stability Dept.,5,,hard,Domain-Specific / Other
Pr,Domain-Specific / Other,Pr,5,,hard,Domain-Specific / Other
practicing quality standards with key emphasis on improving quality and giving suggestions to implement new safety techniques with past experience. Searching and dealing with new suppliers. Making purchase orders for new equipme,IT & Software,Practicing Quality Standards With Key Emphasis On Improving Quality And Giving Suggestions To Implement New Safety Techniques With Past Experience. Searching And Dealing With New Suppliers. Making Purchase Orders For New Equipme,5,,hard,IT & Software
Pradhanya. Sincere,Domain-Specific / Other,Pradhanya. Sincere,5,,hard,Domain-Specific / Other
Pre Dispatch Inspection,Domain-Specific / Other,Pre Dispatch Inspection,5,,hard,Domain-Specific / Other
Predictive Maintenance,Operations & Production,Predictive Maintenance,5,,hard,Operations & Production
Predictive Modeling,Domain-Specific / Other,Predictive Modeling,5,,hard,Domain-Specific / Other
Premium,Domain-Specific / Other,Premium,5,,hard,Domain-Specific / Other
Preparation,Domain-Specific / Other,Preparation,5,,hard,Domain-Specific / Other
Preparation & filing of Various Returns,Domain-Specific / Other,Preparation & Filing Of Various Returns,5,,hard,Domain-Specific / Other
Preparation & review of financial models and projects,Domain-Specific / Other,Preparation & Review Of Financial Models And Projects,5,,hard,Domain-Specific / Other
Preparation & Review of QMS documents,Domain-Specific / Other,Preparation & Review Of Qms Documents,5,,hard,Domain-Specific / Other
Preparation and Review of MIS Reports,Domain-Specific / Other,Preparation And Review Of Mis Reports,5,,hard,Domain-Specific / Other
preparation of ageing list.,Domain-Specific / Other,Preparation Of Ageing List.,5,,hard,Domain-Specific / Other
preparation of balance sheet,Finance & Accounts,Preparation Of Balance Sheet,5,,hard,Finance & Accounts
Preparation of BPR and Cleaning documents,Operations & Production,Preparation Of Bpr And Cleaning Documents,5,,hard,Operations & Production
Preparation of budget & forecasting,Finance & Accounts,Preparation Of Budget & Forecasting,5,,hard,Finance & Accounts
Preparation Of Budgets,Finance & Accounts,Preparation Of Budgets,5,,hard,Finance & Accounts
preparation of cash flow,Domain-Specific / Other,Preparation Of Cash Flow,5,,hard,Domain-Specific / Other
Preparation Of CMA Data,IT & Software,Preparation Of Cma Data,5,,hard,IT & Software
preparation of collection statements,Domain-Specific / Other,Preparation Of Collection Statements,5,,hard,Domain-Specific / Other
Preparation of Documents,Domain-Specific / Other,Preparation Of Documents,5,,hard,Domain-Specific / Other
Preparation of Financial Statements. Directors Income Tax Return (ITR),Finance & Accounts,Preparation Of Financial Statements. Directors Income Tax Return (Itr),5,,hard,Finance & Accounts
Preparation of Production planning,Operations & Production,Preparation Of Production Planning,5,,hard,Operations & Production
preparation of report and mis reports.system outputs,IT & Software,Preparation Of Report And Mis Reports.System Outputs,5,,hard,IT & Software
Preparing Bill of entry Set & Remittance Documents,Domain-Specific / Other,Preparing Bill Of Entry Set & Remittance Documents,5,,hard,Domain-Specific / Other
Preparing Financial Statements,Domain-Specific / Other,Preparing Financial Statements,5,,hard,Domain-Specific / Other
Preparing Invoices,Finance & Accounts,Preparing Invoices,5,,hard,Finance & Accounts
preparing ipo papers,Domain-Specific / Other,Preparing Ipo Papers,5,,hard,Domain-Specific / Other
Preparing Monthly Budgets & coordinate with all departments on plant level. ?,Finance & Accounts,Preparing Monthly Budgets & Coordinate With All Departments On Plant Level. ?,5,,hard,Finance & Accounts
preparing monthly mis,Domain-Specific / Other,Preparing Monthly Mis,5,,hard,Domain-Specific / Other
Prepartion of cost sheet,Design Skills,Prepartion Of Cost Sheet,5,,hard,Design Skills
prepayment amortization and executiion,Domain-Specific / Other,Prepayment Amortization And Executiion,5,,hard,Domain-Specific / Other
Presentable,Domain-Specific / Other,Presentable,5,,hard,Domain-Specific / Other
presentation,Domain-Specific / Other,Presentation,5,,hard,Domain-Specific / Other
Presentation Skills,Domain-Specific / Other,Presentation Skills,5,,hard,Domain-Specific / Other
Presently handling the responsibility of whole COPPER METAL Production plant,Operations & Production,Presently Handling The Responsibility Of Whole Copper Metal Production Plant,5,,hard,Operations & Production
Press,Domain-Specific / Other,Press,5,,hard,Domain-Specific / Other
Press Machines,Domain-Specific / Other,Press Machines,5,,hard,Domain-Specific / Other
Press Release,Domain-Specific / Other,Press Release,5,,hard,Domain-Specific / Other
Press Shop,Domain-Specific / Other,Press Shop,5,,hard,Domain-Specific / Other
Press Tools,Domain-Specific / Other,Press Tools,5,,hard,Domain-Specific / Other
Pressing,Domain-Specific / Other,Pressing,5,,hard,Domain-Specific / Other
Pressure Handling,Domain-Specific / Other,Pressure Handling,5,,hard,Domain-Specific / Other
pressure vessels,Domain-Specific / Other,Pressure Vessels,5,,hard,Domain-Specific / Other
Preventive Action,Domain-Specific / Other,Preventive Action,5,,hard,Domain-Specific / Other
preventive maintenance,Operations & Production,Preventive Maintenance,5,,hard,Operations & Production
price and scheme guidelines. Planning and execution BTL activities in coordination with marketing,Sales & Marketing,Price And Scheme Guidelines. Planning And Execution Btl Activities In Coordination With Marketing,5,,hard,Sales & Marketing
price circulars,Domain-Specific / Other,Price Circulars,5,,hard,Domain-Specific / Other
price finalization,Domain-Specific / Other,Price Finalization,5,,hard,Domain-Specific / Other
Price Negotiation,Domain-Specific / Other,Price Negotiation,5,,hard,Domain-Specific / Other
price structure,Domain-Specific / Other,Price Structure,5,,hard,Domain-Specific / Other
Pricing,Domain-Specific / Other,Pricing,5,,hard,Domain-Specific / Other
primary and secondary reference standard,Domain-Specific / Other,Primary And Secondary Reference Standard,5,,hard,Domain-Specific / Other
printers,Domain-Specific / Other,Printers,5,,hard,Domain-Specific / Other
printing,Domain-Specific / Other,Printing,5,,hard,Domain-Specific / Other
Printing & packaging,Domain-Specific / Other,Printing & Packaging,5,,hard,Domain-Specific / Other
Printing And Packaging,Domain-Specific / Other,Printing And Packaging,5,,hard,Domain-Specific / Other
Printing Press,Domain-Specific / Other,Printing Press,5,,hard,Domain-Specific / Other
Prioritization,Domain-Specific / Other,Prioritization,5,,hard,Domain-Specific / Other
Prioritizing,Domain-Specific / Other,Prioritizing,5,,hard,Domain-Specific / Other
private equity,Design Skills,Private Equity,5,,hard,Design Skills
Proactive,Domain-Specific / Other,Proactive,5,,hard,Domain-Specific / Other
Problem Analysis,Domain-Specific / Other,Problem Analysis,5,,hard,Domain-Specific / Other
Problem Solving,Soft Skills,Problem Solving,5,,soft,Soft Skills
Problem Solving Skills,Soft Skills,Problem Solving Skills,5,,soft,Soft Skills
procedures,Domain-Specific / Other,Procedures,5,,hard,Domain-Specific / Other
procedures & manuals for preparation & maintenance of statutory books of accounts & financial statements,Operations & Production,Procedures & Manuals For Preparation & Maintenance Of Statutory Books Of Accounts & Financial Statements,5,,hard,Operations & Production
process,Domain-Specific / Other,Process,5,,hard,Domain-Specific / Other
Process & Development,Domain-Specific / Other,Process & Development,5,,hard,Domain-Specific / Other
process & sop implementation,Domain-Specific / Other,Process & Sop Implementation,5,,hard,Domain-Specific / Other
Process analysis,Domain-Specific / Other,Process Analysis,5,,hard,Domain-Specific / Other
Process And All Production Activities.,Operations & Production,Process And All Production Activities.,5,,hard,Operations & Production
Process and cGMP improvements,Domain-Specific / Other,Process And Cgmp Improvements,5,,hard,Domain-Specific / Other
Process and Production Control,Operations & Production,Process And Production Control,5,,hard,Operations & Production
PROCESS and production engineer.,Operations & Production,Process And Production Engineer.,5,,hard,Operations & Production
Process Associate,Domain-Specific / Other,Process Associate,5,,hard,Domain-Specific / Other
Process Audit,Finance & Accounts,Process Audit,5,,hard,Finance & Accounts
Process automation,Domain-Specific / Other,Process Automation,5,,hard,Domain-Specific / Other
Process Capability,Domain-Specific / Other,Process Capability,5,,hard,Domain-Specific / Other
Process Compliance,HR & Recruitment,Process Compliance,5,,hard,HR & Recruitment
Process Control,Domain-Specific / Other,Process Control,5,,hard,Domain-Specific / Other
Process Costing,Domain-Specific / Other,Process Costing,5,,hard,Domain-Specific / Other
process design,Design Skills,Process Design,5,,hard,Design Skills
Process Designing,Design Skills,Process Designing,5,,hard,Design Skills
Process developement,Domain-Specific / Other,Process Developement,5,,hard,Domain-Specific / Other
Process Development,Domain-Specific / Other,Process Development,5,,hard,Domain-Specific / Other
process development. Application Development,IT & Software,Process Development. Application Development,5,,hard,IT & Software
Process Documentation,Domain-Specific / Other,Process Documentation,5,,hard,Domain-Specific / Other
Process Efficiency,Domain-Specific / Other,Process Efficiency,5,,hard,Domain-Specific / Other
Process Engineer,Operations & Production,Process Engineer,5,,hard,Operations & Production
process engineer Production Management,Operations & Production,Process Engineer Production Management,5,,hard,Operations & Production
Process Engineering,Operations & Production,Process Engineering,5,,hard,Operations & Production
Process Engineering Daily Production Planning,Operations & Production,Process Engineering Daily Production Planning,5,,hard,Operations & Production
Process Engnr-Plant Design,Operations & Production,Process Engnr-Plant Design,5,,hard,Operations & Production
Process Enhancement,Domain-Specific / Other,Process Enhancement,5,,hard,Domain-Specific / Other
Process Excellence,Domain-Specific / Other,Process Excellence,5,,hard,Domain-Specific / Other
Process Flow,Domain-Specific / Other,Process Flow,5,,hard,Domain-Specific / Other
process Follow,Domain-Specific / Other,Process Follow,5,,hard,Domain-Specific / Other
Process Handling,Domain-Specific / Other,Process Handling,5,,hard,Domain-Specific / Other
Process Implementation,Domain-Specific / Other,Process Implementation,5,,hard,Domain-Specific / Other
Process improvement,Domain-Specific / Other,Process Improvement,5,,hard,Domain-Specific / Other
Process Improvement Initiatives,Domain-Specific / Other,Process Improvement Initiatives,5,,hard,Domain-Specific / Other
Process Improvements and Team ManagementPossesses skills in managing overall production operations & ensuring accomplishment of pre-set production targets. Production Management,Operations & Production,Process Improvements And Team Managementpossesses Skills In Managing Overall Production Operations & Ensuring Accomplishment Of Pre-Set Production Targets. Production Management,5,,soft,Operations & Production
Process Industry,Domain-Specific / Other,Process Industry,5,,hard,Domain-Specific / Other
Process Inspection,Domain-Specific / Other,Process Inspection,5,,hard,Domain-Specific / Other
Process Layout,Domain-Specific / Other,Process Layout,5,,hard,Domain-Specific / Other
Process Management,Domain-Specific / Other,Process Management,5,,hard,Domain-Specific / Other
Process Mapping,IT & Software,Process Mapping,5,,hard,IT & Software
process monitoring,Domain-Specific / Other,Process Monitoring,5,,hard,Domain-Specific / Other
Process Operations,Domain-Specific / Other,Process Operations,5,,hard,Domain-Specific / Other
Process Optimization,Domain-Specific / Other,Process Optimization,5,,hard,Domain-Specific / Other
Process Planning,Domain-Specific / Other,Process Planning,5,,hard,Domain-Specific / Other
Process Quality,Operations & Production,Process Quality,5,,hard,Operations & Production
Process Safety,Domain-Specific / Other,Process Safety,5,,hard,Domain-Specific / Other
Process Safety Management,Domain-Specific / Other,Process Safety Management,5,,hard,Domain-Specific / Other
Process Set up. Power BI - Expert in Data Analytics,IT & Software,Process Set Up. Power Bi - Expert In Data Analytics,5,,hard,IT & Software
Process Setting,Domain-Specific / Other,Process Setting,5,,hard,Domain-Specific / Other
process setup,Domain-Specific / Other,Process Setup,5,,hard,Domain-Specific / Other
Process Standardization,Domain-Specific / Other,Process Standardization,5,,hard,Domain-Specific / Other
Process Technician,IT & Software,Process Technician,5,,hard,IT & Software
Process Trainer,Domain-Specific / Other,Process Trainer,5,,hard,Domain-Specific / Other
PROCESS TRAINING,Domain-Specific / Other,Process Training,5,,hard,Domain-Specific / Other
process transitioning,Domain-Specific / Other,Process Transitioning,5,,hard,Domain-Specific / Other
Process Validation,Domain-Specific / Other,Process Validation,5,,hard,Domain-Specific / Other
process validation & product validation,Domain-Specific / Other,Process Validation & Product Validation,5,,hard,Domain-Specific / Other
processes audit and doc audit. 15. Update control plan 16. And achieve the kaizen &poka yoke and TPM activities 17. Asses and analyze current production process 18. Develop and draft and improved production process 18. Maximize productivity and machinery and workers 19. Dealy production planning according to customer requirements and dealy meeting production target 20. Preparing and implementing plans,IT & Software,Processes Audit And Doc Audit. 15. Update Control Plan 16. And Achieve The Kaizen &Poka Yoke And Tpm Activities 17. Asses And Analyze Current Production Process 18. Develop And Draft And Improved Production Process 18. Maximize Productivity And Machinery And Workers 19. Dealy Production Planning According To Customer Requirements And Dealy Meeting Production Target 20. Preparing And Implementing Plans,5,,hard,IT & Software
Processes improvements,Domain-Specific / Other,Processes Improvements,5,,hard,Domain-Specific / Other
processing,Domain-Specific / Other,Processing,5,,hard,Domain-Specific / Other
Processing payments of International Vendor,Operations & Production,Processing Payments Of International Vendor,5,,hard,Operations & Production
procure to pay,Domain-Specific / Other,Procure To Pay,5,,hard,Domain-Specific / Other
Procure to Pay-(P2P),Domain-Specific / Other,Procure To Pay-(P2P),5,,hard,Domain-Specific / Other
procurement,Operations & Production,Procurement,5,,hard,Operations & Production
procurement of import & domestic item for lithium-ion battery,Operations & Production,Procurement Of Import & Domestic Item For Lithium-Ion Battery,5,,hard,Operations & Production
Procurement Planning,Operations & Production,Procurement Planning,5,,hard,Operations & Production
prod. superviser,Domain-Specific / Other,Prod. Superviser,5,,hard,Domain-Specific / Other
Product Analysis,Domain-Specific / Other,Product Analysis,5,,hard,Domain-Specific / Other
Product Conceptualization,Domain-Specific / Other,Product Conceptualization,5,,hard,Domain-Specific / Other
Product Control,Domain-Specific / Other,Product Control,5,,hard,Domain-Specific / Other
Product costing,Domain-Specific / Other,Product Costing,5,,hard,Domain-Specific / Other
Product Design,Design Skills,Product Design,5,,hard,Design Skills
Product development,Domain-Specific / Other,Product Development,5,,hard,Domain-Specific / Other
Product Development Engineer,Operations & Production,Product Development Engineer,5,,hard,Operations & Production
Product Development Exec.,Domain-Specific / Other,Product Development Exec.,5,,hard,Domain-Specific / Other
Product Development Executive,Domain-Specific / Other,Product Development Executive,5,,hard,Domain-Specific / Other
product introduction,Domain-Specific / Other,Product Introduction,5,,hard,Domain-Specific / Other
Product Inventory,Operations & Production,Product Inventory,5,,hard,Operations & Production
Product Launch,Domain-Specific / Other,Product Launch,5,,hard,Domain-Specific / Other
Product Line,Domain-Specific / Other,Product Line,5,,hard,Domain-Specific / Other
Product Management,Domain-Specific / Other,Product Management,5,,hard,Domain-Specific / Other
Product Manager - Other,Domain-Specific / Other,Product Manager - Other,5,,hard,Domain-Specific / Other
product mapping,IT & Software,Product Mapping,5,,hard,IT & Software
product portfolio,Domain-Specific / Other,Product Portfolio,5,,hard,Domain-Specific / Other
Product Promotion,Domain-Specific / Other,Product Promotion,5,,hard,Domain-Specific / Other
Product Quality,Operations & Production,Product Quality,5,,hard,Operations & Production
Product Testing,Domain-Specific / Other,Product Testing,5,,hard,Domain-Specific / Other
Product Training,Domain-Specific / Other,Product Training,5,,hard,Domain-Specific / Other
Productio management,Domain-Specific / Other,Productio Management,5,,hard,Domain-Specific / Other
Production,Operations & Production,Production,5,,hard,Operations & Production
Production & Maintanence,Operations & Production,Production & Maintanence,5,,hard,Operations & Production
Production & Manufacturing - Other,Operations & Production,Production & Manufacturing - Other,5,,hard,Operations & Production
Production & operation Managment,Operations & Production,Production & Operation Managment,5,,hard,Operations & Production
Production & Planning,Operations & Production,Production & Planning,5,,hard,Operations & Production
Production & Quality Engineer,Operations & Production,Production & Quality Engineer,5,,hard,Operations & Production
Production acitivity,Operations & Production,Production Acitivity,5,,hard,Operations & Production
production activities,Operations & Production,Production Activities,5,,hard,Operations & Production
production activity control,Operations & Production,Production Activity Control,5,,hard,Operations & Production
Production and die main,Operations & Production,Production And Die Main,5,,hard,Operations & Production
Production And Maintenance,Operations & Production,Production And Maintenance,5,,hard,Operations & Production
production and Packaging Operations,Operations & Production,Production And Packaging Operations,5,,hard,Operations & Production
production and procurement,Operations & Production,Production And Procurement,5,,hard,Operations & Production
production and safety maintenance department,Operations & Production,Production And Safety Maintenance Department,5,,hard,Operations & Production
Production as per cycle time,Operations & Production,Production As Per Cycle Time,5,,hard,Operations & Production
production Assembly,Operations & Production,Production Assembly,5,,hard,Operations & Production
Production Associate,Operations & Production,Production Associate,5,,hard,Operations & Production
Production budget,Finance & Accounts,Production Budget,5,,hard,Finance & Accounts
Production budgeting,Finance & Accounts,Production Budgeting,5,,hard,Finance & Accounts
Production chemist,Operations & Production,Production Chemist,5,,hard,Operations & Production
Production Control,Operations & Production,Production Control,5,,hard,Operations & Production
Production controlling,Operations & Production,Production Controlling,5,,hard,Operations & Production
Production Coordination,Operations & Production,Production Coordination,5,,hard,Operations & Production
Production Coordinator,Operations & Production,Production Coordinator,5,,hard,Operations & Production
production co-ordinator (coupler manf),Operations & Production,Production Co-Ordinator (Coupler Manf),5,,hard,Operations & Production
production department,Operations & Production,Production Department,5,,hard,Operations & Production
Production Documentation,Operations & Production,Production Documentation,5,,hard,Operations & Production
production documentation and cGMP,Operations & Production,Production Documentation And Cgmp,5,,hard,Operations & Production
production engg,Operations & Production,Production Engg,5,,hard,Operations & Production
Production Engg (electro mechanical switches & censors) Production Engineering,Operations & Production,Production Engg (Electro Mechanical Switches & Censors) Production Engineering,5,,hard,Operations & Production
Production Engineer,Operations & Production,Production Engineer,5,,hard,Operations & Production
Production Engineer (Planning),Operations & Production,Production Engineer (Planning),5,,hard,Operations & Production
Production Engineering,Operations & Production,Production Engineering,5,,hard,Operations & Production
Production Engineering Production Management,Operations & Production,Production Engineering Production Management,5,,hard,Operations & Production
production engineering 6.67,Operations & Production,Production Engineering 6.67,5,,hard,Operations & Production
Production Engineering Assembly Planning,Operations & Production,Production Engineering Assembly Planning,5,,hard,Operations & Production
Production Engineering Chemical Production,Operations & Production,Production Engineering Chemical Production,5,,hard,Operations & Production
Production Engineering Executive Production,Operations & Production,Production Engineering Executive Production,5,,hard,Operations & Production
Production Engineering Production Supervising,Operations & Production,Production Engineering Production Supervising,5,,hard,Operations & Production
Production Enhancement,Operations & Production,Production Enhancement,5,,hard,Operations & Production
production equipment,Operations & Production,Production Equipment,5,,hard,Operations & Production
production executi Executive Production,Operations & Production,Production Executi Executive Production,5,,hard,Operations & Production
Production Execution,Operations & Production,Production Execution,5,,hard,Operations & Production
Production executive,Operations & Production,Production Executive,5,,hard,Operations & Production
production executive in chemical and pharmaceutical industry,Operations & Production,Production Executive In Chemical And Pharmaceutical Industry,5,,hard,Operations & Production
Production Executive Production,Operations & Production,Production Executive Production,5,,hard,Operations & Production
Production Forecasting,Operations & Production,Production Forecasting,5,,hard,Operations & Production
Production Handling,Operations & Production,Production Handling,5,,hard,Operations & Production
Production Head,Operations & Production,Production Head,5,,hard,Operations & Production
Production Head.,Operations & Production,Production Head.,5,,hard,Operations & Production
Production Improvement,Operations & Production,Production Improvement,5,,hard,Operations & Production
production incharge,Operations & Production,Production Incharge,5,,hard,Operations & Production
Production Line,Operations & Production,Production Line,5,,hard,Operations & Production
production line maintenance,Operations & Production,Production Line Maintenance,5,,hard,Operations & Production
Production Line Management,Operations & Production,Production Line Management,5,,hard,Operations & Production
Production Management,Operations & Production,Production Management,5,,hard,Operations & Production
production management analyst,Operations & Production,Production Management Analyst,5,,hard,Operations & Production
Production management of agro,Operations & Production,Production Management Of Agro,5,,hard,Operations & Production
Production management PEB,Operations & Production,Production Management Peb,5,,hard,Operations & Production
Production Manager,Operations & Production,Production Manager,5,,hard,Operations & Production
production manager having good knowledge in conductor and cable production process,Operations & Production,Production Manager Having Good Knowledge In Conductor And Cable Production Process,5,,hard,Operations & Production
PRODUCTION MANAGER POWER PLANT,Operations & Production,Production Manager Power Plant,5,,hard,Operations & Production
Production Manager Production Management,Operations & Production,Production Manager Production Management,5,,hard,Operations & Production
production managers,Operations & Production,Production Managers,5,,hard,Operations & Production
Production Manager-Supervisor,Operations & Production,Production Manager-Supervisor,5,,hard,Operations & Production
Production Manufacturing,Operations & Production,Production Manufacturing,5,,hard,Operations & Production
Production Mgr,Operations & Production,Production Mgr,5,,hard,Operations & Production
production MIS report with all justification. Proficient in Microsoft word,Operations & Production,Production Mis Report With All Justification. Proficient In Microsoft Word,5,,hard,Operations & Production
Production Monitoring,Operations & Production,Production Monitoring,5,,hard,Operations & Production
Production Officer,Operations & Production,Production Officer,5,,hard,Operations & Production
production officer Production Department,Operations & Production,Production Officer Production Department,5,,hard,Operations & Production
Production Operation,Operations & Production,Production Operation,5,,hard,Operations & Production
Production Operations,Operations & Production,Production Operations,5,,hard,Operations & Production
Production OPERATOR,Operations & Production,Production Operator,5,,hard,Operations & Production
Production Optimisation,Operations & Production,Production Optimisation,5,,hard,Operations & Production
Production Packing,Operations & Production,Production Packing,5,,hard,Operations & Production
Production Pharmaceutical Production,Operations & Production,Production Pharmaceutical Production,5,,hard,Operations & Production
Production Planing,Operations & Production,Production Planing,5,,hard,Operations & Production
Production Planner,Operations & Production,Production Planner,5,,hard,Operations & Production
Production Planning,Operations & Production,Production Planning,5,,hard,Operations & Production
Production Planning Production Scheduling,Operations & Production,Production Planning Production Scheduling,5,,hard,Operations & Production
Production Planning Quality Control,Operations & Production,Production Planning Quality Control,5,,hard,Operations & Production
production planning & control,Operations & Production,Production Planning & Control,5,,hard,Operations & Production
Production Planning & Inventory Control,Operations & Production,Production Planning & Inventory Control,5,,hard,Operations & Production
production planning & man power handling,Operations & Production,Production Planning & Man Power Handling,5,,hard,Operations & Production
production planning & management,Operations & Production,Production Planning & Management,5,,hard,Operations & Production
Production Planning & MIS SR. Officer,Operations & Production,Production Planning & Mis Sr. Officer,5,,hard,Operations & Production
Production planning . production gap analysis . Ensureing Houskeeping and Safety .Updating System (Orion )Entry,IT & Software,Production Planning . Production Gap Analysis . Ensureing Houskeeping And Safety .Updating System (Orion )Entry,5,,hard,IT & Software
Production Planning and control,Operations & Production,Production Planning And Control,5,,hard,Operations & Production
Production planning and ensure the smooth execution by coordination with cross functional team.,Operations & Production,Production Planning And Ensure The Smooth Execution By Coordination With Cross Functional Team.,5,,soft,Operations & Production
production planning and execution.,Operations & Production,Production Planning And Execution.,5,,hard,Operations & Production
production planning and scheduling,Operations & Production,Production Planning And Scheduling,5,,hard,Operations & Production
Production Planning Control,Operations & Production,Production Planning Control,5,,hard,Operations & Production
Production Planning Control Engineer,Operations & Production,Production Planning Control Engineer,5,,hard,Operations & Production
production planning control engineer Production Engineering,Operations & Production,Production Planning Control Engineer Production Engineering,5,,hard,Operations & Production
Production Planning Control Executive Production,Operations & Production,Production Planning Control Executive Production,5,,hard,Operations & Production
Production Planning Control Production Scheduling,Operations & Production,Production Planning Control Production Scheduling,5,,hard,Operations & Production
Production Planning Control Production Supervising,Operations & Production,Production Planning Control Production Supervising,5,,hard,Operations & Production
Production Planning Control Shift Planning,Operations & Production,Production Planning Control Shift Planning,5,,hard,Operations & Production
production planning engg,Operations & Production,Production Planning Engg,5,,hard,Operations & Production
production planning manager,Operations & Production,Production Planning Manager,5,,hard,Operations & Production
Production Planning of washing,Operations & Production,Production Planning Of Washing,5,,hard,Operations & Production
Production Planning Production Management,Operations & Production,Production Planning Production Management,5,,hard,Operations & Production
production planning resource utilization,Operations & Production,Production Planning Resource Utilization,5,,hard,Operations & Production
Production Planning Shift Planning,Operations & Production,Production Planning Shift Planning,5,,hard,Operations & Production
production planning with quality,Operations & Production,Production Planning With Quality,5,,hard,Operations & Production
Production planning(2),Operations & Production,Production Planning(2),5,,hard,Operations & Production
Production Process,Operations & Production,Production Process,5,,hard,Operations & Production
production process development,Operations & Production,Production Process Development,5,,hard,Operations & Production
Production Processes,Operations & Production,Production Processes,5,,hard,Operations & Production
production production engineer production executive production manufacturing assistant manager production fmcg production Production Management,Operations & Production,Production Production Engineer Production Executive Production Manufacturing Assistant Manager Production Fmcg Production Production Management,5,,hard,Operations & Production
Production Production Management,Operations & Production,Production Production Management,5,,hard,Operations & Production
Production Production Scheduling,Operations & Production,Production Production Scheduling,5,,hard,Operations & Production
Production QMS,Operations & Production,Production Qms,5,,hard,Operations & Production
production review and execution,Operations & Production,Production Review And Execution,5,,hard,Operations & Production
Production SAP,Operations & Production,Production Sap,5,,hard,Operations & Production
production schedules,Operations & Production,Production Schedules,5,,hard,Operations & Production
Production Scheduling,Operations & Production,Production Scheduling,5,,hard,Operations & Production
Production Scheduling Manpower Utilization,Operations & Production,Production Scheduling Manpower Utilization,5,,hard,Operations & Production
Production senior engineer,Operations & Production,Production Senior Engineer,5,,hard,Operations & Production
production shift incharge,Operations & Production,Production Shift Incharge,5,,hard,Operations & Production
production shop floor planning and execution,Operations & Production,Production Shop Floor Planning And Execution,5,,hard,Operations & Production
production superviser,Operations & Production,Production Superviser,5,,hard,Operations & Production
Production Supervising,Operations & Production,Production Supervising,5,,hard,Operations & Production
Production Supervising Pharmaceutical Production,Operations & Production,Production Supervising Pharmaceutical Production,5,,hard,Operations & Production
Production Supervising Shift Planning,Operations & Production,Production Supervising Shift Planning,5,,hard,Operations & Production
Production supervision,Operations & Production,Production Supervision,5,,hard,Operations & Production
Production Supervisor,Operations & Production,Production Supervisor,5,,hard,Operations & Production
Production Supervisor Production Engineering,Operations & Production,Production Supervisor Production Engineering,5,,hard,Operations & Production
Production Support,Operations & Production,Production Support,5,,hard,Operations & Production
production systems,IT & Software,Production Systems,5,,hard,IT & Software
production tablet,Operations & Production,Production Tablet,5,,hard,Operations & Production
production tablets & capsules,Operations & Production,Production Tablets & Capsules,5,,hard,Operations & Production
Production Target,Operations & Production,Production Target,5,,hard,Operations & Production
production targets,Operations & Production,Production Targets,5,,hard,Operations & Production
Production Team Leader,Sales & Marketing,Production Team Leader,5,,soft,Sales & Marketing
production techniques,IT & Software,Production Techniques,5,,hard,IT & Software
Production Technology,IT & Software,Production Technology,5,,hard,IT & Software
Production tool,Operations & Production,Production Tool,5,,hard,Operations & Production
Production Trainee,Operations & Production,Production Trainee,5,,hard,Operations & Production
Production with safety,Operations & Production,Production With Safety,5,,hard,Operations & Production
production with total safety (4),Operations & Production,Production With Total Safety (4),5,,hard,Operations & Production
productionhandling,Operations & Production,Productionhandling,5,,hard,Operations & Production
Productisupervision and control of industrial production processes. material planner,Operations & Production,Productisupervision And Control Of Industrial Production Processes. Material Planner,5,,hard,Operations & Production
productivity,Domain-Specific / Other,Productivity,5,,hard,Domain-Specific / Other
productivity enhancement,Domain-Specific / Other,Productivity Enhancement,5,,hard,Domain-Specific / Other
productivity enhancement and operational cost reduction. Enhance total plant performance and achieve significant improvements in throughput,HR & Recruitment,Productivity Enhancement And Operational Cost Reduction. Enhance Total Plant Performance And Achieve Significant Improvements In Throughput,5,,hard,HR & Recruitment
Productivity Improvement,Domain-Specific / Other,Productivity Improvement,5,,hard,Domain-Specific / Other
Productivity Improvement Initiatives : Based on market demand,Sales & Marketing,Productivity Improvement Initiatives : Based On Market Demand,5,,hard,Sales & Marketing
Pro-E,Domain-Specific / Other,Pro-E,5,,hard,Domain-Specific / Other
profession tax,Finance & Accounts,Profession Tax,5,,hard,Finance & Accounts
professional services,Domain-Specific / Other,Professional Services,5,,hard,Domain-Specific / Other
Professional Tax,Finance & Accounts,Professional Tax,5,,hard,Finance & Accounts
Professional Tax assessment,Finance & Accounts,Professional Tax Assessment,5,,hard,Finance & Accounts
Professional Tax returns,Finance & Accounts,Professional Tax Returns,5,,hard,Finance & Accounts
Professor,Domain-Specific / Other,Professor,5,,hard,Domain-Specific / Other
Proficient at Detailing and Planning,Domain-Specific / Other,Proficient At Detailing And Planning,5,,hard,Domain-Specific / Other
Proficient in managing activities like production,Operations & Production,Proficient In Managing Activities Like Production,5,,hard,Operations & Production
Proficient in taking decision and working independently ?,Domain-Specific / Other,Proficient In Taking Decision And Working Independently ?,5,,hard,Domain-Specific / Other
Profiler tool,Domain-Specific / Other,Profiler Tool,5,,hard,Domain-Specific / Other
Profit,Domain-Specific / Other,Profit,5,,hard,Domain-Specific / Other
Profit & Lass A,IT & Software,Profit & Lass A,5,,hard,IT & Software
profit & loss,IT & Software,Profit & Loss,5,,hard,IT & Software
profit & loss account,IT & Software,Profit & Loss Account,5,,hard,IT & Software
Profit & Loss Accounts,IT & Software,Profit & Loss Accounts,5,,hard,IT & Software
Profit & Loss statement,IT & Software,Profit & Loss Statement,5,,hard,IT & Software
PROFIT AND LOSS,IT & Software,Profit And Loss,5,,hard,IT & Software
Profit and Loss Account,IT & Software,Profit And Loss Account,5,,hard,IT & Software
Profit and loss accountability,IT & Software,Profit And Loss Accountability,5,,hard,IT & Software
Profit and Loss Accounts,IT & Software,Profit And Loss Accounts,5,,hard,IT & Software
Profit Centre Accounting,IT & Software,Profit Centre Accounting,5,,hard,IT & Software
Profit Centre Operations,IT & Software,Profit Centre Operations,5,,hard,IT & Software
Profit Centres,IT & Software,Profit Centres,5,,hard,IT & Software
Profitability,Domain-Specific / Other,Profitability,5,,hard,Domain-Specific / Other
profitability analysis,Domain-Specific / Other,Profitability Analysis,5,,hard,Domain-Specific / Other
Profitability Management,Domain-Specific / Other,Profitability Management,5,,hard,Domain-Specific / Other
Profitability Report,Domain-Specific / Other,Profitability Report,5,,hard,Domain-Specific / Other
Profit-Loss statement,Domain-Specific / Other,Profit-Loss Statement,5,,hard,Domain-Specific / Other
PROGEN,Domain-Specific / Other,Progen,5,,hard,Domain-Specific / Other
Program management,Domain-Specific / Other,Program Management,5,,hard,Domain-Specific / Other
Programing,Domain-Specific / Other,Programing,5,,hard,Domain-Specific / Other
programmer,Domain-Specific / Other,Programmer,5,,hard,Domain-Specific / Other
Programming,Domain-Specific / Other,Programming,5,,hard,Domain-Specific / Other
progress,Domain-Specific / Other,Progress,5,,hard,Domain-Specific / Other
Project,Domain-Specific / Other,Project,5,,hard,Domain-Specific / Other
project accounting,Finance & Accounts,Project Accounting,5,,hard,Finance & Accounts
Project Control,Domain-Specific / Other,Project Control,5,,hard,Domain-Specific / Other
Project Coordination,Domain-Specific / Other,Project Coordination,5,,hard,Domain-Specific / Other
Project Coordinator,Domain-Specific / Other,Project Coordinator,5,,hard,Domain-Specific / Other
Project Costing,Domain-Specific / Other,Project Costing,5,,hard,Domain-Specific / Other
Project Delivery,Domain-Specific / Other,Project Delivery,5,,hard,Domain-Specific / Other
Project Engineer,Operations & Production,Project Engineer,5,,hard,Operations & Production
project engineer mechanical,Operations & Production,Project Engineer Mechanical,5,,hard,Operations & Production
project engineering,Operations & Production,Project Engineering,5,,hard,Operations & Production
Project Evaluation,Domain-Specific / Other,Project Evaluation,5,,hard,Domain-Specific / Other
Project Execution,Domain-Specific / Other,Project Execution,5,,hard,Domain-Specific / Other
Project Finance,Finance & Accounts,Project Finance,5,,hard,Finance & Accounts
Project Handling,Domain-Specific / Other,Project Handling,5,,hard,Domain-Specific / Other
project implementation,Domain-Specific / Other,Project Implementation,5,,hard,Domain-Specific / Other
Project Management,Domain-Specific / Other,Project Management,5,,hard,Domain-Specific / Other
project manager,Domain-Specific / Other,Project Manager,5,,hard,Domain-Specific / Other
Project Manager - Manufacturing,Operations & Production,Project Manager - Manufacturing,5,,hard,Operations & Production
Project Manager - Production,Operations & Production,Project Manager - Production,5,,hard,Operations & Production
Project Mgr-Production,Operations & Production,Project Mgr-Production,5,,hard,Operations & Production
Project Monitoring,Domain-Specific / Other,Project Monitoring,5,,hard,Domain-Specific / Other
Project Operations,Domain-Specific / Other,Project Operations,5,,hard,Domain-Specific / Other
Project Planing,Domain-Specific / Other,Project Planing,5,,hard,Domain-Specific / Other
Project Planning,Domain-Specific / Other,Project Planning,5,,hard,Domain-Specific / Other
project procurement,Operations & Production,Project Procurement,5,,hard,Operations & Production
Project Scheduling,Domain-Specific / Other,Project Scheduling,5,,hard,Domain-Specific / Other
ProjectFinance,Finance & Accounts,Projectfinance,5,,hard,Finance & Accounts
projection welding,Domain-Specific / Other,Projection Welding,5,,hard,Domain-Specific / Other
projections,Domain-Specific / Other,Projections,5,,hard,Domain-Specific / Other
Projects coordination,Domain-Specific / Other,Projects Coordination,5,,hard,Domain-Specific / Other
prompt,Domain-Specific / Other,Prompt,5,,hard,Domain-Specific / Other
proof reading,Domain-Specific / Other,Proof Reading,5,,hard,Domain-Specific / Other
proper planning,Domain-Specific / Other,Proper Planning,5,,hard,Domain-Specific / Other
proper planning of production,Operations & Production,Proper Planning Of Production,5,,hard,Operations & Production
property tax,Finance & Accounts,Property Tax,5,,hard,Finance & Accounts
Proposal Preparation,Domain-Specific / Other,Proposal Preparation,5,,hard,Domain-Specific / Other
protocols,Domain-Specific / Other,Protocols,5,,hard,Domain-Specific / Other
Proven Ability,Domain-Specific / Other,Proven Ability,5,,hard,Domain-Specific / Other
Proven Track Record,Domain-Specific / Other,Proven Track Record,5,,hard,Domain-Specific / Other
provide skill training Procurement,Operations & Production,Provide Skill Training Procurement,5,,hard,Operations & Production
Provident Fund,Domain-Specific / Other,Provident Fund,5,,hard,Domain-Specific / Other
providing corrective and preventive actions to defects and deviations.,Domain-Specific / Other,Providing Corrective And Preventive Actions To Defects And Deviations.,5,,hard,Domain-Specific / Other
providing documents to ca,Domain-Specific / Other,Providing Documents To Ca,5,,hard,Domain-Specific / Other
Providing Training,Domain-Specific / Other,Providing Training,5,,hard,Domain-Specific / Other
Provision,Domain-Specific / Other,Provision,5,,hard,Domain-Specific / Other
provision analysis,Domain-Specific / Other,Provision Analysis,5,,hard,Domain-Specific / Other
Provision Entries,Domain-Specific / Other,Provision Entries,5,,hard,Domain-Specific / Other
PSA,Domain-Specific / Other,Psa,5,,hard,Domain-Specific / Other
PSM,Domain-Specific / Other,Psm,5,,hard,Domain-Specific / Other
Psychology,Domain-Specific / Other,Psychology,5,,hard,Domain-Specific / Other
pt,Domain-Specific / Other,Pt,5,,hard,Domain-Specific / Other
pu foaming,Domain-Specific / Other,Pu Foaming,5,,hard,Domain-Specific / Other
public accountancy,Domain-Specific / Other,Public Accountancy,5,,hard,Domain-Specific / Other
Public Ltd.,Domain-Specific / Other,Public Ltd.,5,,hard,Domain-Specific / Other
public relation,Domain-Specific / Other,Public Relation,5,,hard,Domain-Specific / Other
public relations,Domain-Specific / Other,Public Relations,5,,hard,Domain-Specific / Other
Pulverizer,Domain-Specific / Other,Pulverizer,5,,hard,Domain-Specific / Other
pump,Domain-Specific / Other,Pump,5,,hard,Domain-Specific / Other
Pumps,Domain-Specific / Other,Pumps,5,,hard,Domain-Specific / Other
punctual,Domain-Specific / Other,Punctual,5,,hard,Domain-Specific / Other
Purchase,Domain-Specific / Other,Purchase,5,,hard,Domain-Specific / Other
Purchase & stock Tally,Domain-Specific / Other,Purchase & Stock Tally,5,,hard,Domain-Specific / Other
Purchase Accountant,Domain-Specific / Other,Purchase Accountant,5,,hard,Domain-Specific / Other
Purchase Accounting,Finance & Accounts,Purchase Accounting,5,,hard,Finance & Accounts
purchase and sales invoices,Sales & Marketing,Purchase And Sales Invoices,5,,hard,Sales & Marketing
Purchase Assistant,Domain-Specific / Other,Purchase Assistant,5,,hard,Domain-Specific / Other
Purchase Book,Domain-Specific / Other,Purchase Book,5,,hard,Domain-Specific / Other
Purchase E ...,Domain-Specific / Other,Purchase E ...,5,,hard,Domain-Specific / Other
Purchase Engineer,Operations & Production,Purchase Engineer,5,,hard,Operations & Production
Purchase Entry,Domain-Specific / Other,Purchase Entry,5,,hard,Domain-Specific / Other
Purchase Ledger,Finance & Accounts,Purchase Ledger,5,,hard,Finance & Accounts
Purchase Management,Domain-Specific / Other,Purchase Management,5,,hard,Domain-Specific / Other
Purchase Order,Domain-Specific / Other,Purchase Order,5,,hard,Domain-Specific / Other
Purchase Planning,Domain-Specific / Other,Purchase Planning,5,,hard,Domain-Specific / Other
Purchase Production Engineering,Operations & Production,Purchase Production Engineering,5,,hard,Operations & Production
Purchase Register,Domain-Specific / Other,Purchase Register,5,,hard,Domain-Specific / Other
purchase related documentation,Domain-Specific / Other,Purchase Related Documentation,5,,hard,Domain-Specific / Other
Purchase Requisition,Design Skills,Purchase Requisition,5,,hard,Design Skills
purchase transactions,Domain-Specific / Other,Purchase Transactions,5,,hard,Domain-Specific / Other
Purchase Vendor Development,Operations & Production,Purchase Vendor Development,5,,hard,Operations & Production
purchase vs. sales sheet,Sales & Marketing,Purchase Vs. Sales Sheet,5,,hard,Sales & Marketing
purchase.sales accounting,Sales & Marketing,Purchase.Sales Accounting,5,,hard,Sales & Marketing
Purchasing,Domain-Specific / Other,Purchasing,5,,hard,Domain-Specific / Other
purified,Domain-Specific / Other,Purified,5,,hard,Domain-Specific / Other
PVC,Domain-Specific / Other,Pvc,5,,hard,Domain-Specific / Other
pvc )& also having knowledge of abs compounding.▪,Domain-Specific / Other,Pvc )& Also Having Knowledge Of Abs Compounding.▪,5,,hard,Domain-Specific / Other
pvc )& also having knowledge of abs compounding.▪ coordinating internal activities to ensure on-time & in full delivery performance to customer. ▪ based on production order put the raw material request. ▪ to plan and achieve the production volumes with approved quality as per scheduled sales target. ▪ to ensure all production shift activities are complied with to achieve daily targeted production in time. ▪ to achieve production target by suitable planning,IT & Software,Pvc )& Also Having Knowledge Of Abs Compounding.▪ Coordinating Internal Activities To Ensure On-Time & In Full Delivery Performance To Customer. ▪ Based On Production Order Put The Raw Material Request. ▪ To Plan And Achieve The Production Volumes With Approved Quality As Per Scheduled Sales Target. ▪ To Ensure All Production Shift Activities Are Complied With To Achieve Daily Targeted Production In Time. ▪ To Achieve Production Target By Suitable Planning,5,,hard,IT & Software
Pvc Extrusion,Domain-Specific / Other,Pvc Extrusion,5,,hard,Domain-Specific / Other
PVC Pressure suits. Trainings conducted to chemists,Design Skills,Pvc Pressure Suits. Trainings Conducted To Chemists,5,,hard,Design Skills
PVCS,Domain-Specific / Other,Pvcs,5,,hard,Domain-Specific / Other
Python,IT & Software,Python,5,,hard,IT & Software
Q,Domain-Specific / Other,Q,5,,hard,Domain-Specific / Other
Q plant,Operations & Production,Q Plant,5,,hard,Operations & Production
q.a,Domain-Specific / Other,Q.A,5,,hard,Domain-Specific / Other
q.c (sheet metal),Domain-Specific / Other,Q.C (Sheet Metal),5,,hard,Domain-Specific / Other
Q2C & O2C,Domain-Specific / Other,Q2C & O2C,5,,hard,Domain-Specific / Other
QA,Domain-Specific / Other,Qa,5,,hard,Domain-Specific / Other
QA Ability to operate and interpret experimental data of all major analytical instrument&apos,IT & Software,Qa Ability To Operate And Interpret Experimental Data Of All Major Analytical Instrument&Apos,5,,hard,IT & Software
QA and QC department,Design Skills,Qa And Qc Department,5,,hard,Design Skills
QA QC,Domain-Specific / Other,Qa Qc,5,,hard,Domain-Specific / Other
QA QC Engineer,Operations & Production,Qa Qc Engineer,5,,hard,Operations & Production
Qa Qc Engineer Civil,Operations & Production,Qa Qc Engineer Civil,5,,hard,Operations & Production
QA QC Manager,Domain-Specific / Other,Qa Qc Manager,5,,hard,Domain-Specific / Other
QA testing,Domain-Specific / Other,Qa Testing,5,,hard,Domain-Specific / Other
Qa&QC in civil . quality engineer civil. material testing in civil . quality manager,Operations & Production,Qa&Qc In Civil . Quality Engineer Civil. Material Testing In Civil . Quality Manager,5,,hard,Operations & Production
qaqc,Domain-Specific / Other,Qaqc,5,,hard,Domain-Specific / Other
qbo oracle),Domain-Specific / Other,Qbo Oracle),5,,hard,Domain-Specific / Other
QC,Domain-Specific / Other,Qc,5,,hard,Domain-Specific / Other
QC & TESTING,Domain-Specific / Other,Qc & Testing,5,,hard,Domain-Specific / Other
QC and QA department,Design Skills,Qc And Qa Department,5,,hard,Design Skills
qc chemist,Domain-Specific / Other,Qc Chemist,5,,hard,Domain-Specific / Other
QC Circle,Domain-Specific / Other,Qc Circle,5,,hard,Domain-Specific / Other
QC Date Of Birth & Age,Domain-Specific / Other,Qc Date Of Birth & Age,5,,hard,Domain-Specific / Other
QC Dept,Domain-Specific / Other,Qc Dept,5,,hard,Domain-Specific / Other
QC Engineer,Operations & Production,Qc Engineer,5,,hard,Operations & Production
QC Engineering,Operations & Production,Qc Engineering,5,,hard,Operations & Production
QC Exec.,Domain-Specific / Other,Qc Exec.,5,,hard,Domain-Specific / Other
QC inspection,Domain-Specific / Other,Qc Inspection,5,,hard,Domain-Specific / Other
QC Inspector,Domain-Specific / Other,Qc Inspector,5,,hard,Domain-Specific / Other
QC Management,Domain-Specific / Other,Qc Management,5,,hard,Domain-Specific / Other
QC manager,Domain-Specific / Other,Qc Manager,5,,hard,Domain-Specific / Other
qc painting inspector,Domain-Specific / Other,Qc Painting Inspector,5,,hard,Domain-Specific / Other
QC planning,Domain-Specific / Other,Qc Planning,5,,hard,Domain-Specific / Other
QC QA,Domain-Specific / Other,Qc Qa,5,,hard,Domain-Specific / Other
QC Tools,Domain-Specific / Other,Qc Tools,5,,hard,Domain-Specific / Other
QCC,Domain-Specific / Other,Qcc,5,,hard,Domain-Specific / Other
Qc-E&I Inspector,Domain-Specific / Other,Qc-E&I Inspector,5,,hard,Domain-Specific / Other
QMS,Domain-Specific / Other,Qms,5,,hard,Domain-Specific / Other
QMS and IMS control,Domain-Specific / Other,Qms And Ims Control,5,,hard,Domain-Specific / Other
QMS documentation,Domain-Specific / Other,Qms Documentation,5,,hard,Domain-Specific / Other
qms implementation,Domain-Specific / Other,Qms Implementation,5,,hard,Domain-Specific / Other
QPR4,Domain-Specific / Other,Qpr4,5,,hard,Domain-Specific / Other
QRQC,Domain-Specific / Other,Qrqc,5,,hard,Domain-Specific / Other
Qualification,Domain-Specific / Other,Qualification,5,,hard,Domain-Specific / Other
Qualitative,Domain-Specific / Other,Qualitative,5,,hard,Domain-Specific / Other
Quality,Operations & Production,Quality,5,,hard,Operations & Production
Quality Production Operations,Operations & Production,Quality Production Operations,5,,hard,Operations & Production
quality monitoring,Operations & Production,Quality Monitoring,5,,hard,Operations & Production
quality adherence,Operations & Production,Quality Adherence,5,,hard,Operations & Production
Quality Analysis,Operations & Production,Quality Analysis,5,,hard,Operations & Production
Quality analyst,Operations & Production,Quality Analyst,5,,hard,Operations & Production
Quality Assurance,Operations & Production,Quality Assurance,5,,hard,Operations & Production
Quality Assurance Analytical assurance of QC data and data integrity. Work allocation,IT & Software,Quality Assurance Analytical Assurance Of Qc Data And Data Integrity. Work Allocation,5,,hard,IT & Software
Quality Assurance Engineering,Operations & Production,Quality Assurance Engineering,5,,hard,Operations & Production
quality assurance systems,IT & Software,Quality Assurance Systems,5,,hard,IT & Software
quality assurance.,Operations & Production,Quality Assurance.,5,,hard,Operations & Production
quality at reduced cost. Production System Development : Achieve annual productivity goals by formulating and implementing policies,IT & Software,Quality At Reduced Cost. Production System Development : Achieve Annual Productivity Goals By Formulating And Implementing Policies,5,,hard,IT & Software
Quality Audit,Finance & Accounts,Quality Audit,5,,hard,Finance & Accounts
Quality Check,Operations & Production,Quality Check,5,,hard,Operations & Production
Quality Circle,Operations & Production,Quality Circle,5,,hard,Operations & Production
quality compliance,HR & Recruitment,Quality Compliance,5,,hard,HR & Recruitment
quality control,Operations & Production,Quality Control,5,,hard,Operations & Production
quality control & assurance teams to surpass organisational goals. Delegate responsibilities,Operations & Production,Quality Control & Assurance Teams To Surpass Organisational Goals. Delegate Responsibilities,5,,soft,Operations & Production
Quality Control Analysis,Operations & Production,Quality Control Analysis,5,,hard,Operations & Production
Quality Control Management,Operations & Production,Quality Control Management,5,,hard,Operations & Production
quality control. Knowledge of SAP HANA. Introduced and conducted various safety measures in the department and encouraged employees to make behavioral based safety line walk observations. Introduced and streamlined digitalization of production data in SAP. Schedule planning & manpower according with priority as well. Meet the deadlines of individual production tasks during shift. Check stock levels and report deficiencies in products or raw materials. Ensure proper basic quality checks such as testing of product or packaging before shipping. Inventory & stock management & Ensure proper DISPATCH. Ability to compile effective and concise visual reports (Mis Report,IT & Software,Quality Control. Knowledge Of Sap Hana. Introduced And Conducted Various Safety Measures In The Department And Encouraged Employees To Make Behavioral Based Safety Line Walk Observations. Introduced And Streamlined Digitalization Of Production Data In Sap. Schedule Planning & Manpower According With Priority As Well. Meet The Deadlines Of Individual Production Tasks During Shift. Check Stock Levels And Report Deficiencies In Products Or Raw Materials. Ensure Proper Basic Quality Checks Such As Testing Of Product Or Packaging Before Shipping. Inventory & Stock Management & Ensure Proper Dispatch. Ability To Compile Effective And Concise Visual Reports (Mis Report,5,,hard,IT & Software
Quality engineer,Operations & Production,Quality Engineer,5,,hard,Operations & Production
Quality Engineering,Operations & Production,Quality Engineering,5,,hard,Operations & Production
Quality Head,Operations & Production,Quality Head,5,,hard,Operations & Production
Quality Implementation,Operations & Production,Quality Implementation,5,,hard,Operations & Production
Quality Improvement,Operations & Production,Quality Improvement,5,,hard,Operations & Production
Quality inspactor,Operations & Production,Quality Inspactor,5,,hard,Operations & Production
Quality Inspection,Operations & Production,Quality Inspection,5,,hard,Operations & Production
Quality Inspector,Operations & Production,Quality Inspector,5,,hard,Operations & Production
quality maintain,Operations & Production,Quality Maintain,5,,hard,Operations & Production
Quality Management,Operations & Production,Quality Management,5,,hard,Operations & Production
QUALITY MANEGEMENT SYSTEM,IT & Software,Quality Manegement System,5,,hard,IT & Software
Quality Procedures,Operations & Production,Quality Procedures,5,,hard,Operations & Production
Quality Simplification,Operations & Production,Quality Simplification,5,,hard,Operations & Production
Quality Standards,Operations & Production,Quality Standards,5,,hard,Operations & Production
Quality System Management,IT & Software,Quality System Management,5,,hard,IT & Software
Quality Systems,IT & Software,Quality Systems,5,,hard,IT & Software
quality tools,Operations & Production,Quality Tools,5,,hard,Operations & Production
quantitative analysis,Domain-Specific / Other,Quantitative Analysis,5,,hard,Domain-Specific / Other
Quantitative Research,Domain-Specific / Other,Quantitative Research,5,,hard,Domain-Specific / Other
quarterly,Design Skills,Quarterly,5,,hard,Design Skills
queries,Domain-Specific / Other,Queries,5,,hard,Domain-Specific / Other
Query Management,Domain-Specific / Other,Query Management,5,,hard,Domain-Specific / Other
Query Resolution,Domain-Specific / Other,Query Resolution,5,,hard,Domain-Specific / Other
Query Resolving.,Domain-Specific / Other,Query Resolving.,5,,hard,Domain-Specific / Other
Quick Book,Design Skills,Quick Book,5,,hard,Design Skills
Quick Books,Design Skills,Quick Books,5,,hard,Design Skills
Quick Books & Tally ERP.,Design Skills,Quick Books & Tally Erp.,5,,hard,Design Skills
quick decision making,Design Skills,Quick Decision Making,5,,hard,Design Skills
quick learner,Design Skills,Quick Learner,5,,hard,Design Skills
quickbooks,Design Skills,Quickbooks,5,,hard,Design Skills
quickbooks accounting software,IT & Software,Quickbooks Accounting Software,5,,hard,IT & Software
Quote to Cash-(Q2C),Domain-Specific / Other,Quote To Cash-(Q2C),5,,hard,Domain-Specific / Other
R & D,Domain-Specific / Other,R & D,5,,hard,Domain-Specific / Other
R&D,Domain-Specific / Other,R&D,5,,hard,Domain-Specific / Other
R&d dept,Domain-Specific / Other,R&D Dept,5,,hard,Domain-Specific / Other
R&d dept Quality CenterResearch,Operations & Production,R&D Dept Quality Centerresearch,5,,hard,Operations & Production
r&d. production chemist,Operations & Production,R&D. Production Chemist,5,,hard,Operations & Production
R&D.production departments etc.,Operations & Production,R&D.Production Departments Etc.,5,,hard,Operations & Production
R2R,Domain-Specific / Other,R2R,5,,hard,Domain-Specific / Other
R2R Process,Domain-Specific / Other,R2R Process,5,,hard,Domain-Specific / Other
Radial Stock,Domain-Specific / Other,Radial Stock,5,,hard,Domain-Specific / Other
Radial Tyre Building,Design Skills,Radial Tyre Building,5,,hard,Design Skills
Radiology,Domain-Specific / Other,Radiology,5,,hard,Domain-Specific / Other
Ramco,Domain-Specific / Other,Ramco,5,,hard,Domain-Specific / Other
rate,Domain-Specific / Other,Rate,5,,hard,Domain-Specific / Other
Ratio Analysis,Domain-Specific / Other,Ratio Analysis,5,,hard,Domain-Specific / Other
Raw Material,Domain-Specific / Other,Raw Material,5,,hard,Domain-Specific / Other
Raw material planning in API Pharma manufacturing to complete the production as per schedule and meet the targets as per cGMP and safety guidelines,IT & Software,Raw Material Planning In Api Pharma Manufacturing To Complete The Production As Per Schedule And Meet The Targets As Per Cgmp And Safety Guidelines,5,,hard,IT & Software
Raw Material Procurement,Operations & Production,Raw Material Procurement,5,,hard,Operations & Production
Raw Materials,Domain-Specific / Other,Raw Materials,5,,hard,Domain-Specific / Other
RC,Domain-Specific / Other,Rc,5,,hard,Domain-Specific / Other
RCA,Domain-Specific / Other,Rca,5,,hard,Domain-Specific / Other
rca(root cause analysis),Domain-Specific / Other,Rca(Root Cause Analysis),5,,hard,Domain-Specific / Other
RCC,Domain-Specific / Other,Rcc,5,,hard,Domain-Specific / Other
RDBMS,Domain-Specific / Other,Rdbms,5,,hard,Domain-Specific / Other
Re processing & recovery,Domain-Specific / Other,Re Processing & Recovery,5,,hard,Domain-Specific / Other
reaction,IT & Software,Reaction,5,,hard,IT & Software
reaction handling,IT & Software,Reaction Handling,5,,hard,IT & Software
Reactors,IT & Software,Reactors,5,,hard,IT & Software
reactors etc. ? Take daily stock. ? I have in-depth knowledge across equipment such as Scrubber column,IT & Software,Reactors Etc. ? Take Daily Stock. ? I Have In-Depth Knowledge Across Equipment Such As Scrubber Column,5,,hard,IT & Software
reading,Domain-Specific / Other,Reading,5,,hard,Domain-Specific / Other
ready to with flexible schedule,Domain-Specific / Other,Ready To With Flexible Schedule,5,,hard,Domain-Specific / Other
ready to work in safety filed,Domain-Specific / Other,Ready To Work In Safety Filed,5,,hard,Domain-Specific / Other
reagents,Domain-Specific / Other,Reagents,5,,hard,Domain-Specific / Other
REAL ESTATE,Domain-Specific / Other,Real Estate,5,,hard,Domain-Specific / Other
real Estate QA QC,Domain-Specific / Other,Real Estate Qa Qc,5,,hard,Domain-Specific / Other
rec,Domain-Specific / Other,Rec,5,,hard,Domain-Specific / Other
receivable,Finance & Accounts,Receivable,5,,hard,Finance & Accounts
Receivable Management,Finance & Accounts,Receivable Management,5,,hard,Finance & Accounts
receivables,Finance & Accounts,Receivables,5,,hard,Finance & Accounts
received of C,Domain-Specific / Other,Received Of C,5,,hard,Domain-Specific / Other
Reception,Domain-Specific / Other,Reception,5,,hard,Domain-Specific / Other
receptionist,Domain-Specific / Other,Receptionist,5,,hard,Domain-Specific / Other
Reciprocating,Domain-Specific / Other,Reciprocating,5,,hard,Domain-Specific / Other
Reconciliation,Domain-Specific / Other,Reconciliation,5,,hard,Domain-Specific / Other
Reconciliation and Taxation & Audit Experience in supervising Indian Tax & Saudi Tax Preparing (Vat Report) Proficient at designing and implementing accounting systems & procedures as per regulatory and legal requirements including Taxation,IT & Software,Reconciliation And Taxation & Audit Experience In Supervising Indian Tax & Saudi Tax Preparing (Vat Report) Proficient At Designing And Implementing Accounting Systems & Procedures As Per Regulatory And Legal Requirements Including Taxation,5,,hard,IT & Software
Reconciliation in SAP (FICO) Module. * Debtors Aging Review & Linking in SAP (FICO) Module. * Creditors Aging Review & Linking in SAP (FICO) Module (ALL Local Purchases Accounting & timely Payment to vendor on due date - Linking of Vendor account & Old balance write back) * Credit Card Reconciliation. * Creation of Menu in SOU Software widely used in GCC for Restaurant business. * Daily Interface Sales Upload & Posting Verification in SAP (FICO) Module. * Daily Verification of Bank Deposited & Remittance in SAP (FICO) Module. * Record of Complementary Coupons. * Daily & Monthly Inventory Process in SAP (FICO) Module. * Accounting of Fixed Assets & Advertisement Bills (Complete Assets purchase process from PO,IT & Software,Reconciliation In Sap (Fico) Module. * Debtors Aging Review & Linking In Sap (Fico) Module. * Creditors Aging Review & Linking In Sap (Fico) Module (All Local Purchases Accounting & Timely Payment To Vendor On Due Date - Linking Of Vendor Account & Old Balance Write Back) * Credit Card Reconciliation. * Creation Of Menu In Sou Software Widely Used In Gcc For Restaurant Business. * Daily Interface Sales Upload & Posting Verification In Sap (Fico) Module. * Daily Verification Of Bank Deposited & Remittance In Sap (Fico) Module. * Record Of Complementary Coupons. * Daily & Monthly Inventory Process In Sap (Fico) Module. * Accounting Of Fixed Assets & Advertisement Bills (Complete Assets Purchase Process From Po,5,,hard,IT & Software
reconciliation of accounts,Domain-Specific / Other,Reconciliation Of Accounts,5,,hard,Domain-Specific / Other
Reconciliation Of Financial Statements,Domain-Specific / Other,Reconciliation Of Financial Statements,5,,hard,Domain-Specific / Other
Reconciliation of related party accounts,Design Skills,Reconciliation Of Related Party Accounts,5,,hard,Design Skills
Reconciliations,Domain-Specific / Other,Reconciliations,5,,hard,Domain-Specific / Other
record for fixed assets etc. & Complete accounting of Advertisement bills along with Marketing reconciliation) * ALL Local Purchases Accounting & timely Payment to vendor on due date (Linking of Vendor account & Old balance write back),Sales & Marketing,Record For Fixed Assets Etc. & Complete Accounting Of Advertisement Bills Along With Marketing Reconciliation) * All Local Purchases Accounting & Timely Payment To Vendor On Due Date (Linking Of Vendor Account & Old Balance Write Back),5,,hard,Sales & Marketing
record keeping,Domain-Specific / Other,Record Keeping,5,,hard,Domain-Specific / Other
Record To Report,Domain-Specific / Other,Record To Report,5,,hard,Domain-Specific / Other
Record to Report-(R2R) & Accounting Software’s-Epicor,IT & Software,Record To Report-(R2R) & Accounting Software’S-Epicor,5,,hard,IT & Software
recording to reporting (r2r),Domain-Specific / Other,Recording To Reporting (R2R),5,,hard,Domain-Specific / Other
records review,Domain-Specific / Other,Records Review,5,,hard,Domain-Specific / Other
Recovery,Domain-Specific / Other,Recovery,5,,hard,Domain-Specific / Other
Recovery Operations,Domain-Specific / Other,Recovery Operations,5,,hard,Domain-Specific / Other
Recruiter,HR & Recruitment,Recruiter,5,,hard,HR & Recruitment
Recruitment,HR & Recruitment,Recruitment,5,,hard,HR & Recruitment
Recruitment for QC,HR & Recruitment,Recruitment For Qc,5,,hard,HR & Recruitment
red bin analysis,Domain-Specific / Other,Red Bin Analysis,5,,hard,Domain-Specific / Other
redesign existing processes,Design Skills,Redesign Existing Processes,5,,hard,Design Skills
reducing conversion cost by reducing energy cost per kg.,Domain-Specific / Other,Reducing Conversion Cost By Reducing Energy Cost Per Kg.,5,,hard,Domain-Specific / Other
Reduction,Domain-Specific / Other,Reduction,5,,hard,Domain-Specific / Other
Referencing,Domain-Specific / Other,Referencing,5,,hard,Domain-Specific / Other
Refinery,Domain-Specific / Other,Refinery,5,,hard,Domain-Specific / Other
Regional Accounts,Domain-Specific / Other,Regional Accounts,5,,hard,Domain-Specific / Other
Regional Sales,Sales & Marketing,Regional Sales,5,,hard,Sales & Marketing
Regression Analysis,Domain-Specific / Other,Regression Analysis,5,,hard,Domain-Specific / Other
Regression Testing,Domain-Specific / Other,Regression Testing,5,,hard,Domain-Specific / Other
Regulatory,Domain-Specific / Other,Regulatory,5,,hard,Domain-Specific / Other
regulatory and other requirements for Finished Products,Design Skills,Regulatory And Other Requirements For Finished Products,5,,hard,Design Skills
Regulatory and Personnel & Admin. Other documentary works involve review of the change control,Domain-Specific / Other,Regulatory And Personnel & Admin. Other Documentary Works Involve Review Of The Change Control,5,,hard,Domain-Specific / Other
Regulatory Audits,Finance & Accounts,Regulatory Audits,5,,hard,Finance & Accounts
Regulatory Compliance,HR & Recruitment,Regulatory Compliance,5,,hard,HR & Recruitment
Regulatory Compliance Management Accounting,Finance & Accounts,Regulatory Compliance Management Accounting,5,,hard,Finance & Accounts
Regulatory Reporting,Domain-Specific / Other,Regulatory Reporting,5,,hard,Domain-Specific / Other
rejection,Domain-Specific / Other,Rejection,5,,hard,Domain-Specific / Other
Rejection Analysis,Domain-Specific / Other,Rejection Analysis,5,,hard,Domain-Specific / Other
Rejection Control,Domain-Specific / Other,Rejection Control,5,,hard,Domain-Specific / Other
REJECTION CONTROLLING,Domain-Specific / Other,Rejection Controlling,5,,hard,Domain-Specific / Other
rejection report,Domain-Specific / Other,Rejection Report,5,,hard,Domain-Specific / Other
related party transaction documentation,Design Skills,Related Party Transaction Documentation,5,,hard,Design Skills
Relationship building,Design Skills,Relationship Building,5,,hard,Design Skills
Relationship Management,Domain-Specific / Other,Relationship Management,5,,hard,Domain-Specific / Other
Release Strategy,Domain-Specific / Other,Release Strategy,5,,hard,Domain-Specific / Other
Remarkable ability to organize work and prioritize work ?,Domain-Specific / Other,Remarkable Ability To Organize Work And Prioritize Work ?,5,,hard,Domain-Specific / Other
Remedies,Domain-Specific / Other,Remedies,5,,hard,Domain-Specific / Other
remittance,Domain-Specific / Other,Remittance,5,,hard,Domain-Specific / Other
RENEWABLE ENERGY,Domain-Specific / Other,Renewable Energy,5,,hard,Domain-Specific / Other
Reorganization,Domain-Specific / Other,Reorganization,5,,hard,Domain-Specific / Other
Repair,Domain-Specific / Other,Repair,5,,hard,Domain-Specific / Other
repo Configuration Management : Ansible Database : MySQL,IT & Software,Repo Configuration Management : Ansible Database : Mysql,5,,hard,IT & Software
report generation,Domain-Specific / Other,Report Generation,5,,hard,Domain-Specific / Other
Report Preparation,Domain-Specific / Other,Report Preparation,5,,hard,Domain-Specific / Other
Report Writing,Domain-Specific / Other,Report Writing,5,,hard,Domain-Specific / Other
Reporting,Domain-Specific / Other,Reporting,5,,hard,Domain-Specific / Other
reporting &,Domain-Specific / Other,Reporting &,5,,hard,Domain-Specific / Other
reporting & documentation,Domain-Specific / Other,Reporting & Documentation,5,,hard,Domain-Specific / Other
Reporting and Analysis,Domain-Specific / Other,Reporting And Analysis,5,,hard,Domain-Specific / Other
reporting skills,Domain-Specific / Other,Reporting Skills,5,,hard,Domain-Specific / Other
Reporting Tools,Domain-Specific / Other,Reporting Tools,5,,hard,Domain-Specific / Other
reporting tools - cognos,Domain-Specific / Other,Reporting Tools - Cognos,5,,hard,Domain-Specific / Other
representation to excise office. Can do assist in ROC fillings : XBRL filing 23AC,Domain-Specific / Other,Representation To Excise Office. Can Do Assist In Roc Fillings : Xbrl Filing 23Ac,5,,hard,Domain-Specific / Other
representation to tax authorities. Assist in preparation of (CMA) Credit Monitoring Arrangement data for working capital & Term loan. Managing of working capital a,IT & Software,Representation To Tax Authorities. Assist In Preparation Of (Cma) Credit Monitoring Arrangement Data For Working Capital & Term Loan. Managing Of Working Capital A,5,,hard,IT & Software
Requirement Analysis,Design Skills,Requirement Analysis,5,,hard,Design Skills
requisition,Design Skills,Requisition,5,,hard,Design Skills
research,Domain-Specific / Other,Research,5,,hard,Domain-Specific / Other
research analysis,Domain-Specific / Other,Research Analysis,5,,hard,Domain-Specific / Other
Research Associate,Domain-Specific / Other,Research Associate,5,,hard,Domain-Specific / Other
Research Scientist,Domain-Specific / Other,Research Scientist,5,,hard,Domain-Specific / Other
Resin,Domain-Specific / Other,Resin,5,,hard,Domain-Specific / Other
resin production,Operations & Production,Resin Production,5,,hard,Operations & Production
Resolving Issues,Domain-Specific / Other,Resolving Issues,5,,hard,Domain-Specific / Other
Resolving Issues. SAP FICO- ECC 6.0 & S,Domain-Specific / Other,Resolving Issues. Sap Fico- Ecc 6.0 & S,5,,hard,Domain-Specific / Other
resource allocation,Domain-Specific / Other,Resource Allocation,5,,hard,Domain-Specific / Other
resource deployment,Domain-Specific / Other,Resource Deployment,5,,hard,Domain-Specific / Other
resource management,Domain-Specific / Other,Resource Management,5,,hard,Domain-Specific / Other
resource mobilization,Domain-Specific / Other,Resource Mobilization,5,,hard,Domain-Specific / Other
resource optimization,Domain-Specific / Other,Resource Optimization,5,,hard,Domain-Specific / Other
Resource Planning,Domain-Specific / Other,Resource Planning,5,,hard,Domain-Specific / Other
resource utilization,Domain-Specific / Other,Resource Utilization,5,,hard,Domain-Specific / Other
responsibility,Domain-Specific / Other,Responsibility,5,,hard,Domain-Specific / Other
Responsibility of production planning and control (Includes production planning development of production schedules Follow up and corrective measures. Ensuring that the production is cost effective by means of trainings and continual improvement,Operations & Production,Responsibility Of Production Planning And Control (Includes Production Planning Development Of Production Schedules Follow Up And Corrective Measures. Ensuring That The Production Is Cost Effective By Means Of Trainings And Continual Improvement,5,,hard,Operations & Production
responsible for billing,Domain-Specific / Other,Responsible For Billing,5,,hard,Domain-Specific / Other
responsible for effectively managing day to day team,Soft Skills,Responsible For Effectively Managing Day To Day Team,5,,soft,Soft Skills
responsible for handling cash,Domain-Specific / Other,Responsible For Handling Cash,5,,hard,Domain-Specific / Other
responsible for production activity,Operations & Production,Responsible For Production Activity,5,,hard,Operations & Production
responsible for vendor development,Operations & Production,Responsible For Vendor Development,5,,hard,Operations & Production
responsible sourcing,Domain-Specific / Other,Responsible Sourcing,5,,hard,Domain-Specific / Other
responsible tds deductions,Finance & Accounts,Responsible Tds Deductions,5,,hard,Finance & Accounts
Restaurant,Domain-Specific / Other,Restaurant,5,,hard,Domain-Specific / Other
restaurant accounting,Finance & Accounts,Restaurant Accounting,5,,hard,Finance & Accounts
restructuring,Domain-Specific / Other,Restructuring,5,,hard,Domain-Specific / Other
result oriented,Domain-Specific / Other,Result Oriented,5,,hard,Domain-Specific / Other
Result recording and approval of materials,IT & Software,Result Recording And Approval Of Materials,5,,hard,IT & Software
results driven,Domain-Specific / Other,Results Driven,5,,hard,Domain-Specific / Other
Retail,Domain-Specific / Other,Retail,5,,hard,Domain-Specific / Other
Retail Sales,Sales & Marketing,Retail Sales,5,,hard,Sales & Marketing
Retail shop fitting fixtures. Interior Designing,Design Skills,Retail Shop Fitting Fixtures. Interior Designing,5,,hard,Design Skills
Retirement Benefits,Domain-Specific / Other,Retirement Benefits,5,,hard,Domain-Specific / Other
Return,Domain-Specific / Other,Return,5,,hard,Domain-Specific / Other
Return Filing,Domain-Specific / Other,Return Filing,5,,hard,Domain-Specific / Other
returns,Domain-Specific / Other,Returns,5,,hard,Domain-Specific / Other
Revenue,Domain-Specific / Other,Revenue,5,,hard,Domain-Specific / Other
Revenue Accountant I,Domain-Specific / Other,Revenue Accountant I,5,,hard,Domain-Specific / Other
Revenue Accounting,Finance & Accounts,Revenue Accounting,5,,hard,Finance & Accounts
Revenue Analysis,Domain-Specific / Other,Revenue Analysis,5,,hard,Domain-Specific / Other
Revenue Analyst,Domain-Specific / Other,Revenue Analyst,5,,hard,Domain-Specific / Other
revenue assurance,Domain-Specific / Other,Revenue Assurance,5,,hard,Domain-Specific / Other
Revenue Audit,Finance & Accounts,Revenue Audit,5,,hard,Finance & Accounts
Revenue collection,Domain-Specific / Other,Revenue Collection,5,,hard,Domain-Specific / Other
Revenue Generation,Domain-Specific / Other,Revenue Generation,5,,hard,Domain-Specific / Other
Revenue Management,Domain-Specific / Other,Revenue Management,5,,hard,Domain-Specific / Other
Revenue Recognition,Domain-Specific / Other,Revenue Recognition,5,,hard,Domain-Specific / Other
Review,Domain-Specific / Other,Review,5,,hard,Domain-Specific / Other
review and approval,IT & Software,Review And Approval,5,,hard,IT & Software
review and interpret of stability data. Ensuring the stability program and scheduled analysis. GLP & Compliance : Develop,IT & Software,Review And Interpret Of Stability Data. Ensuring The Stability Program And Scheduled Analysis. Glp & Compliance : Develop,5,,hard,IT & Software
review management accounts,Domain-Specific / Other,Review Management Accounts,5,,hard,Domain-Specific / Other
review of management accounts,Domain-Specific / Other,Review Of Management Accounts,5,,hard,Domain-Specific / Other
review the current output product by product.,Domain-Specific / Other,Review The Current Output Product By Product.,5,,hard,Domain-Specific / Other
Reviewing,Domain-Specific / Other,Reviewing,5,,hard,Domain-Specific / Other
Revised Schedule VI,Domain-Specific / Other,Revised Schedule Vi,5,,hard,Domain-Specific / Other
rework,Domain-Specific / Other,Rework,5,,hard,Domain-Specific / Other
rework report on daily basis). Ability to work in a team environment. Effective time management skills & leadership skills. To monitor monthly & weekly production planning. To communicate to all concerned department (Production,Sales & Marketing,Rework Report On Daily Basis). Ability To Work In A Team Environment. Effective Time Management Skills & Leadership Skills. To Monitor Monthly & Weekly Production Planning. To Communicate To All Concerned Department (Production,5,,soft,Sales & Marketing
RFID,Domain-Specific / Other,Rfid,5,,hard,Domain-Specific / Other
RFP,Domain-Specific / Other,Rfp,5,,hard,Domain-Specific / Other
RFQ,Domain-Specific / Other,Rfq,5,,hard,Domain-Specific / Other
rigger,Domain-Specific / Other,Rigger,5,,hard,Domain-Specific / Other
rigging,Domain-Specific / Other,Rigging,5,,hard,Domain-Specific / Other
Rijection analysis,Domain-Specific / Other,Rijection Analysis,5,,hard,Domain-Specific / Other
Risk Analysis,Domain-Specific / Other,Risk Analysis,5,,hard,Domain-Specific / Other
Risk Assessment,Domain-Specific / Other,Risk Assessment,5,,hard,Domain-Specific / Other
Risk Control,Domain-Specific / Other,Risk Control,5,,hard,Domain-Specific / Other
Risk Management,Domain-Specific / Other,Risk Management,5,,hard,Domain-Specific / Other
Risk Mitigation,Domain-Specific / Other,Risk Mitigation,5,,hard,Domain-Specific / Other
RM,Domain-Specific / Other,Rm,5,,hard,Domain-Specific / Other
RM Management,Domain-Specific / Other,Rm Management,5,,hard,Domain-Specific / Other
RM planing,Domain-Specific / Other,Rm Planing,5,,hard,Domain-Specific / Other
RMG,Domain-Specific / Other,Rmg,5,,hard,Domain-Specific / Other
robot programmer,Domain-Specific / Other,Robot Programmer,5,,hard,Domain-Specific / Other
Robotics,Domain-Specific / Other,Robotics,5,,hard,Domain-Specific / Other
Robotics Engineering,Operations & Production,Robotics Engineering,5,,hard,Operations & Production
ROC,Domain-Specific / Other,Roc,5,,hard,Domain-Specific / Other
ROC Assist in quarterly,Design Skills,Roc Assist In Quarterly,5,,hard,Design Skills
ROC Compliance,HR & Recruitment,Roc Compliance,5,,hard,HR & Recruitment
ROC Filing,Domain-Specific / Other,Roc Filing,5,,hard,Domain-Specific / Other
ROC Matters,Domain-Specific / Other,Roc Matters,5,,hard,Domain-Specific / Other
roc related matters,Domain-Specific / Other,Roc Related Matters,5,,hard,Domain-Specific / Other
roc work,Domain-Specific / Other,Roc Work,5,,hard,Domain-Specific / Other
Rockwell Automation,Domain-Specific / Other,Rockwell Automation,5,,hard,Domain-Specific / Other
rodtep,Domain-Specific / Other,Rodtep,5,,hard,Domain-Specific / Other
Roi Analysis,Domain-Specific / Other,Roi Analysis,5,,hard,Domain-Specific / Other
Roll Forming,Domain-Specific / Other,Roll Forming,5,,hard,Domain-Specific / Other
Root Cause,Domain-Specific / Other,Root Cause,5,,hard,Domain-Specific / Other
Root Cause Analysis,Domain-Specific / Other,Root Cause Analysis,5,,hard,Domain-Specific / Other
Rotary,Domain-Specific / Other,Rotary,5,,hard,Domain-Specific / Other
Rotary and Decanter centrifuges,Domain-Specific / Other,Rotary And Decanter Centrifuges,5,,hard,Domain-Specific / Other
Rotary dryer,Domain-Specific / Other,Rotary Dryer,5,,hard,Domain-Specific / Other
Rotary equipment monitoring,Design Skills,Rotary Equipment Monitoring,5,,hard,Design Skills
Routing,Domain-Specific / Other,Routing,5,,hard,Domain-Specific / Other
RPA(Ui path,Design Skills,Rpa(Ui Path,5,,hard,Design Skills
RPO,Domain-Specific / Other,Rpo,5,,hard,Domain-Specific / Other
RTGS,Domain-Specific / Other,Rtgs,5,,hard,Domain-Specific / Other
RTGS NEFT,Domain-Specific / Other,Rtgs Neft,5,,hard,Domain-Specific / Other
RTMS,Domain-Specific / Other,Rtms,5,,hard,Domain-Specific / Other
rtr,Domain-Specific / Other,Rtr,5,,hard,Domain-Specific / Other
Rubber,Domain-Specific / Other,Rubber,5,,hard,Domain-Specific / Other
Rubber Compounding,Domain-Specific / Other,Rubber Compounding,5,,hard,Domain-Specific / Other
Ruby,Domain-Specific / Other,Ruby,5,,hard,Domain-Specific / Other
running of routine or special production streams,Operations & Production,Running Of Routine Or Special Production Streams,5,,hard,Operations & Production
Rural Level Fields,Domain-Specific / Other,Rural Level Fields,5,,hard,Domain-Specific / Other
s,Domain-Specific / Other,S,5,,hard,Domain-Specific / Other
s at dealer&apos,Domain-Specific / Other,S At Dealer&Apos,5,,hard,Domain-Specific / Other
s counter taking into consideration outlet-wise targets & opportunities. Marketing Institutional sales,Sales & Marketing,S Counter Taking Into Consideration Outlet-Wise Targets & Opportunities. Marketing Institutional Sales,5,,hard,Sales & Marketing
s like HPLC,Domain-Specific / Other,S Like Hplc,5,,hard,Domain-Specific / Other
s outstanding tracking report,Domain-Specific / Other,S Outstanding Tracking Report,5,,hard,Domain-Specific / Other
s performance & providing feedback Conducting inspection at various stages to ensure safety & quality specification are being met with,Operations & Production,S Performance & Providing Feedback Conducting Inspection At Various Stages To Ensure Safety & Quality Specification Are Being Met With,5,,hard,Operations & Production
s performance tracking for timely decisions. Educating the team on the trade schemes,Soft Skills,S Performance Tracking For Timely Decisions. Educating The Team On The Trade Schemes,5,,soft,Soft Skills
s within the assigned territory to ensure secondary sales for e.g. timely product supply,Sales & Marketing,S Within The Assigned Territory To Ensure Secondary Sales For E.G. Timely Product Supply,5,,hard,Sales & Marketing
s. Development of PFD : Process and Utility. Material balance. Development of PID : Process and Utility. Line sizing. Planning day to day strategies,Operations & Production,S. Development Of Pfd : Process And Utility. Material Balance. Development Of Pid : Process And Utility. Line Sizing. Planning Day To Day Strategies,5,,hard,Operations & Production
S.S. Reactors,IT & Software,S.S. Reactors,5,,hard,IT & Software
S3,Domain-Specific / Other,S3,5,,hard,Domain-Specific / Other
Sa,Domain-Specific / Other,Sa,5,,hard,Domain-Specific / Other
SAFAL & Jinee Software. WINDOWS : MS-DOS,IT & Software,Safal & Jinee Software. Windows : Ms-Dos,5,,hard,IT & Software
Safety,Domain-Specific / Other,Safety,5,,hard,Domain-Specific / Other
safety & fire fighting,Domain-Specific / Other,Safety & Fire Fighting,5,,hard,Domain-Specific / Other
Safety Analysis,Domain-Specific / Other,Safety Analysis,5,,hard,Domain-Specific / Other
Safety Audit,Finance & Accounts,Safety Audit,5,,hard,Finance & Accounts
Safety Compliance,HR & Recruitment,Safety Compliance,5,,hard,HR & Recruitment
Safety Coordinator,Domain-Specific / Other,Safety Coordinator,5,,hard,Domain-Specific / Other
safety hse,Domain-Specific / Other,Safety Hse,5,,hard,Domain-Specific / Other
Safety Implementation,Domain-Specific / Other,Safety Implementation,5,,hard,Domain-Specific / Other
Safety Management,Domain-Specific / Other,Safety Management,5,,hard,Domain-Specific / Other
safety parameter maintain etc... Daily Production Planning,Operations & Production,Safety Parameter Maintain Etc... Daily Production Planning,5,,hard,Operations & Production
safety protocols,Domain-Specific / Other,Safety Protocols,5,,hard,Domain-Specific / Other
Safety Training,Domain-Specific / Other,Safety Training,5,,hard,Domain-Specific / Other
SAGE,Domain-Specific / Other,Sage,5,,hard,Domain-Specific / Other
sage intacct,Domain-Specific / Other,Sage Intacct,5,,hard,Domain-Specific / Other
sailshricorp,HR & Recruitment,Sailshricorp,5,,hard,HR & Recruitment
Salary,Domain-Specific / Other,Salary,5,,hard,Domain-Specific / Other
salary account,Domain-Specific / Other,Salary Account,5,,hard,Domain-Specific / Other
Salary Calculation,Domain-Specific / Other,Salary Calculation,5,,hard,Domain-Specific / Other
Salary Preparation,Domain-Specific / Other,Salary Preparation,5,,hard,Domain-Specific / Other
Salary Processing,Domain-Specific / Other,Salary Processing,5,,hard,Domain-Specific / Other
sale,Domain-Specific / Other,Sale,5,,hard,Domain-Specific / Other
Sales,Sales & Marketing,Sales,5,,hard,Sales & Marketing
Sales & Distribution,Sales & Marketing,Sales & Distribution,5,,hard,Sales & Marketing
Sales & Marketing,Sales & Marketing,Sales & Marketing,5,,hard,Sales & Marketing
sales & QA) regarding packed quantity daily. Ability to do the basic work on computer & production data entry in SAP.,IT & Software,Sales & Qa) Regarding Packed Quantity Daily. Ability To Do The Basic Work On Computer & Production Data Entry In Sap.,5,,hard,IT & Software
Sales Account,Sales & Marketing,Sales Account,5,,hard,Sales & Marketing
Sales Accounting,Sales & Marketing,Sales Accounting,5,,hard,Sales & Marketing
sales administration,Sales & Marketing,Sales Administration,5,,hard,Sales & Marketing
Sales Analysis,Sales & Marketing,Sales Analysis,5,,hard,Sales & Marketing
Sales Analytics,Sales & Marketing,Sales Analytics,5,,hard,Sales & Marketing
sales and distribution,Sales & Marketing,Sales And Distribution,5,,hard,Sales & Marketing
sales and marketing,Sales & Marketing,Sales And Marketing,5,,hard,Sales & Marketing
sales and service team members. Channel Management Providing complete assistance to the dealer&apos,Sales & Marketing,Sales And Service Team Members. Channel Management Providing Complete Assistance To The Dealer&Apos,5,,soft,Sales & Marketing
SALES BILL,Sales & Marketing,Sales Bill,5,,hard,Sales & Marketing
Sales Coordination,Sales & Marketing,Sales Coordination,5,,hard,Sales & Marketing
sales coordinator,Sales & Marketing,Sales Coordinator,5,,hard,Sales & Marketing
Sales Entry,Sales & Marketing,Sales Entry,5,,hard,Sales & Marketing
sales forecasting,Sales & Marketing,Sales Forecasting,5,,hard,Sales & Marketing
Sales Invoice,Sales & Marketing,Sales Invoice,5,,hard,Sales & Marketing
Sales Manager,Sales & Marketing,Sales Manager,5,,hard,Sales & Marketing
sales order,Sales & Marketing,Sales Order,5,,hard,Sales & Marketing
Sales Planning,Sales & Marketing,Sales Planning,5,,hard,Sales & Marketing
Sales Process,Sales & Marketing,Sales Process,5,,hard,Sales & Marketing
Sales promotion,Sales & Marketing,Sales Promotion,5,,hard,Sales & Marketing
sales register,Sales & Marketing,Sales Register,5,,hard,Sales & Marketing
Sales Review,Sales & Marketing,Sales Review,5,,hard,Sales & Marketing
sales strategies,Sales & Marketing,Sales Strategies,5,,hard,Sales & Marketing
Sales Strategy,Sales & Marketing,Sales Strategy,5,,hard,Sales & Marketing
sales tax,Sales & Marketing,Sales Tax,5,,hard,Sales & Marketing
sales tax assessment,Sales & Marketing,Sales Tax Assessment,5,,hard,Sales & Marketing
sales tax return,Sales & Marketing,Sales Tax Return,5,,hard,Sales & Marketing
Sales Voucher,Sales & Marketing,Sales Voucher,5,,hard,Sales & Marketing
sales-collection linked benefits,Sales & Marketing,Sales-Collection Linked Benefits,5,,hard,Sales & Marketing
Salesforce,Sales & Marketing,Salesforce,5,,hard,Sales & Marketing
salestax,Sales & Marketing,Salestax,5,,hard,Sales & Marketing
salvagnini Programming,Domain-Specific / Other,Salvagnini Programming,5,,hard,Domain-Specific / Other
Sample Inspection,Domain-Specific / Other,Sample Inspection,5,,hard,Domain-Specific / Other
sampling,Domain-Specific / Other,Sampling,5,,hard,Domain-Specific / Other
san,Domain-Specific / Other,San,5,,hard,Domain-Specific / Other
SAP,Domain-Specific / Other,Sap,5,,hard,Domain-Specific / Other
sap - fico,Domain-Specific / Other,Sap - Fico,5,,hard,Domain-Specific / Other
Sap - R3,Domain-Specific / Other,Sap - R3,5,,hard,Domain-Specific / Other
SAP & ERP Systems,IT & Software,Sap & Erp Systems,5,,hard,IT & Software
SAP (FICO & COPA),Domain-Specific / Other,Sap (Fico & Copa),5,,hard,Domain-Specific / Other
SAP (FICO Module),Domain-Specific / Other,Sap (Fico Module),5,,hard,Domain-Specific / Other
SAP (FICO),Domain-Specific / Other,Sap (Fico),5,,hard,Domain-Specific / Other
SAP . Taxation software : Winman,IT & Software,Sap . Taxation Software : Winman,5,,hard,IT & Software
sap abap,Domain-Specific / Other,Sap Abap,5,,hard,Domain-Specific / Other
SAP Accounting,Finance & Accounts,Sap Accounting,5,,hard,Finance & Accounts
sap accounting software,IT & Software,Sap Accounting Software,5,,hard,IT & Software
sap accounts,Domain-Specific / Other,Sap Accounts,5,,hard,Domain-Specific / Other
sap ariba,Domain-Specific / Other,Sap Ariba,5,,hard,Domain-Specific / Other
Sap Automation,Domain-Specific / Other,Sap Automation,5,,hard,Domain-Specific / Other
SAP B1,Domain-Specific / Other,Sap B1,5,,hard,Domain-Specific / Other
SAP Banking,Domain-Specific / Other,Sap Banking,5,,hard,Domain-Specific / Other
SAP Basis,Domain-Specific / Other,Sap Basis,5,,hard,Domain-Specific / Other
SAP BO,Domain-Specific / Other,Sap Bo,5,,hard,Domain-Specific / Other
Sap Bods,Domain-Specific / Other,Sap Bods,5,,hard,Domain-Specific / Other
sap business 1,Domain-Specific / Other,Sap Business 1,5,,hard,Domain-Specific / Other
SAP Business ByDesign,Design Skills,Sap Business Bydesign,5,,hard,Design Skills
SAP Business Intelligence,Domain-Specific / Other,Sap Business Intelligence,5,,hard,Domain-Specific / Other
Sap Business One,Domain-Specific / Other,Sap Business One,5,,hard,Domain-Specific / Other
SAP CO,Domain-Specific / Other,Sap Co,5,,hard,Domain-Specific / Other
Sap Configuration,Domain-Specific / Other,Sap Configuration,5,,hard,Domain-Specific / Other
SAP Controlling,Domain-Specific / Other,Sap Controlling,5,,hard,Domain-Specific / Other
SAP Copa,Domain-Specific / Other,Sap Copa,5,,hard,Domain-Specific / Other
Sap Data Migration,IT & Software,Sap Data Migration,5,,hard,IT & Software
SAP Debottlencking,Domain-Specific / Other,Sap Debottlencking,5,,hard,Domain-Specific / Other
Sap Development,Domain-Specific / Other,Sap Development,5,,hard,Domain-Specific / Other
SAP development in production PP,Operations & Production,Sap Development In Production Pp,5,,hard,Operations & Production
SAP ECC,Domain-Specific / Other,Sap Ecc,5,,hard,Domain-Specific / Other
SAP ERP,Domain-Specific / Other,Sap Erp,5,,hard,Domain-Specific / Other
sap erp Executive Production,Operations & Production,Sap Erp Executive Production,5,,hard,Operations & Production
SAP ERP Knowldge.,Domain-Specific / Other,Sap Erp Knowldge.,5,,hard,Domain-Specific / Other
SAP ERP System,IT & Software,Sap Erp System,5,,hard,IT & Software
sap fi,Domain-Specific / Other,Sap Fi,5,,hard,Domain-Specific / Other
SAP FI FA,Domain-Specific / Other,Sap Fi Fa,5,,hard,Domain-Specific / Other
SAP FI Module,Domain-Specific / Other,Sap Fi Module,5,,hard,Domain-Specific / Other
SAP FICO,Domain-Specific / Other,Sap Fico,5,,hard,Domain-Specific / Other
Sap Fico - Financial Accounting,Finance & Accounts,Sap Fico - Financial Accounting,5,,hard,Finance & Accounts
SAP FICO Module,Domain-Specific / Other,Sap Fico Module,5,,hard,Domain-Specific / Other
SAP Fin CO,Domain-Specific / Other,Sap Fin Co,5,,hard,Domain-Specific / Other
SAP Finance,Finance & Accounts,Sap Finance,5,,hard,Finance & Accounts
SAP Finance Control,Finance & Accounts,Sap Finance Control,5,,hard,Finance & Accounts
SAP Gl Accounting,Finance & Accounts,Sap Gl Accounting,5,,hard,Finance & Accounts
Sap Hana,Domain-Specific / Other,Sap Hana,5,,hard,Domain-Specific / Other
SAP Implementation,Domain-Specific / Other,Sap Implementation,5,,hard,Domain-Specific / Other
SAP Integration,Domain-Specific / Other,Sap Integration,5,,hard,Domain-Specific / Other
SAP Internet SAP Chemical,Domain-Specific / Other,Sap Internet Sap Chemical,5,,hard,Domain-Specific / Other
SAP Internet SAP Chemical Chemical Engineering Mass,Operations & Production,Sap Internet Sap Chemical Chemical Engineering Mass,5,,hard,Operations & Production
Sap Inventory Management,Operations & Production,Sap Inventory Management,5,,hard,Operations & Production
SAP IS BANKING,Domain-Specific / Other,Sap Is Banking,5,,hard,Domain-Specific / Other
SAP knowledge.,Domain-Specific / Other,Sap Knowledge.,5,,hard,Domain-Specific / Other
sap material planning,Domain-Specific / Other,Sap Material Planning,5,,hard,Domain-Specific / Other
SAP MM,Domain-Specific / Other,Sap Mm,5,,hard,Domain-Specific / Other
SAP MM Module,Domain-Specific / Other,Sap Mm Module,5,,hard,Domain-Specific / Other
SAP Module (MMSC),Domain-Specific / Other,Sap Module (Mmsc),5,,hard,Domain-Specific / Other
SAP Operations,Domain-Specific / Other,Sap Operations,5,,hard,Domain-Specific / Other
SAP PM,Domain-Specific / Other,Sap Pm,5,,hard,Domain-Specific / Other
Sap Pp,Domain-Specific / Other,Sap Pp,5,,hard,Domain-Specific / Other
SAP PP Module,Domain-Specific / Other,Sap Pp Module,5,,hard,Domain-Specific / Other
SAP PP Module MS Office PSM AUTO CAD,Domain-Specific / Other,Sap Pp Module Ms Office Psm Auto Cad,5,,hard,Domain-Specific / Other
SAP Production Planning,Operations & Production,Sap Production Planning,5,,hard,Operations & Production
SAP Project Systems,IT & Software,Sap Project Systems,5,,hard,IT & Software
SAP QM,Domain-Specific / Other,Sap Qm,5,,hard,Domain-Specific / Other
SAP Quality Management,Operations & Production,Sap Quality Management,5,,hard,Operations & Production
SAP S4 HANA,Domain-Specific / Other,Sap S4 Hana,5,,hard,Domain-Specific / Other
Sap S4Hana,Domain-Specific / Other,Sap S4Hana,5,,hard,Domain-Specific / Other
sap sd,Domain-Specific / Other,Sap Sd,5,,hard,Domain-Specific / Other
sap skills,Domain-Specific / Other,Sap Skills,5,,hard,Domain-Specific / Other
SAP System,IT & Software,Sap System,5,,hard,IT & Software
SAP system operated,IT & Software,Sap System Operated,5,,hard,IT & Software
sap user,Domain-Specific / Other,Sap User,5,,hard,Domain-Specific / Other
SAP Work,Domain-Specific / Other,Sap Work,5,,hard,Domain-Specific / Other
sap-fi ( a.p. ),Domain-Specific / Other,Sap-Fi ( A.P. ),5,,hard,Domain-Specific / Other
SAPP,IT & Software,Sapp,5,,hard,IT & Software
Saps,Domain-Specific / Other,Saps,5,,hard,Domain-Specific / Other
Saral Accounting,Finance & Accounts,Saral Accounting,5,,hard,Finance & Accounts
SARAL TDS,Finance & Accounts,Saral Tds,5,,hard,Finance & Accounts
satisfaction on issues pertaining to customer&apos,Sales & Marketing,Satisfaction On Issues Pertaining To Customer&Apos,5,,hard,Sales & Marketing
save production losses,Operations & Production,Save Production Losses,5,,hard,Operations & Production
SBP..,Domain-Specific / Other,Sbp..,5,,hard,Domain-Specific / Other
SCADA,Domain-Specific / Other,Scada,5,,hard,Domain-Specific / Other
scada operation,Domain-Specific / Other,Scada Operation,5,,hard,Domain-Specific / Other
Scade,Domain-Specific / Other,Scade,5,,hard,Domain-Specific / Other
Scale Up,Domain-Specific / Other,Scale Up,5,,hard,Domain-Specific / Other
scale-up,Domain-Specific / Other,Scale-Up,5,,hard,Domain-Specific / Other
Scaling,Domain-Specific / Other,Scaling,5,,hard,Domain-Specific / Other
Schedule,Domain-Specific / Other,Schedule,5,,hard,Domain-Specific / Other
schedule adherence,Domain-Specific / Other,Schedule Adherence,5,,hard,Domain-Specific / Other
scheduled line wise product.,Domain-Specific / Other,Scheduled Line Wise Product.,5,,hard,Domain-Specific / Other
Scheduling,Domain-Specific / Other,Scheduling,5,,hard,Domain-Specific / Other
Scheme,Domain-Specific / Other,Scheme,5,,hard,Domain-Specific / Other
schemes,Domain-Specific / Other,Schemes,5,,hard,Domain-Specific / Other
Schemes and Launching,Domain-Specific / Other,Schemes And Launching,5,,hard,Domain-Specific / Other
Science,Domain-Specific / Other,Science,5,,hard,Domain-Specific / Other
Scientist,Domain-Specific / Other,Scientist,5,,hard,Domain-Specific / Other
SCM,Domain-Specific / Other,Scm,5,,hard,Domain-Specific / Other
SCM Supply Chain Management,Operations & Production,Scm Supply Chain Management,5,,hard,Operations & Production
Scrap Reduction,Domain-Specific / Other,Scrap Reduction,5,,hard,Domain-Specific / Other
Screw compressors,Domain-Specific / Other,Screw Compressors,5,,hard,Domain-Specific / Other
scripting,Domain-Specific / Other,Scripting,5,,hard,Domain-Specific / Other
Scrum,IT & Software,Scrum,5,,hard,IT & Software
Scrutinizing,Domain-Specific / Other,Scrutinizing,5,,hard,Domain-Specific / Other
Scrutinizing the ledger accounts,Finance & Accounts,Scrutinizing The Ledger Accounts,5,,hard,Finance & Accounts
Scrutiny,Domain-Specific / Other,Scrutiny,5,,hard,Domain-Specific / Other
scrutiny of financial statements,Domain-Specific / Other,Scrutiny Of Financial Statements,5,,hard,Domain-Specific / Other
sd and mm,Domain-Specific / Other,Sd And Mm,5,,hard,Domain-Specific / Other
SD Module),Domain-Specific / Other,Sd Module),5,,hard,Domain-Specific / Other
SDLC,Domain-Specific / Other,Sdlc,5,,hard,Domain-Specific / Other
SDM,Domain-Specific / Other,Sdm,5,,hard,Domain-Specific / Other
seam welding,Domain-Specific / Other,Seam Welding,5,,hard,Domain-Specific / Other
Search Engine Marketing,Sales & Marketing,Search Engine Marketing,5,,hard,Sales & Marketing
Search Engine Optimization,Domain-Specific / Other,Search Engine Optimization,5,,hard,Domain-Specific / Other
Searching new thing and looking for an excellent opportunity to work as seniour production pharmacist with my knowledge. Pharmaceutical Production,Operations & Production,Searching New Thing And Looking For An Excellent Opportunity To Work As Seniour Production Pharmacist With My Knowledge. Pharmaceutical Production,5,,hard,Operations & Production
Seating,Domain-Specific / Other,Seating,5,,hard,Domain-Specific / Other
secretarial operations,Domain-Specific / Other,Secretarial Operations,5,,hard,Domain-Specific / Other
Secretary,Domain-Specific / Other,Secretary,5,,hard,Domain-Specific / Other
Section head,Domain-Specific / Other,Section Head,5,,hard,Domain-Specific / Other
section incharge,Domain-Specific / Other,Section Incharge,5,,hard,Domain-Specific / Other
Section-8,Domain-Specific / Other,Section-8,5,,hard,Domain-Specific / Other
Securities,Domain-Specific / Other,Securities,5,,hard,Domain-Specific / Other
securities pricing,Domain-Specific / Other,Securities Pricing,5,,hard,Domain-Specific / Other
security management,IT & Software,Security Management,5,,hard,IT & Software
security standards,IT & Software,Security Standards,5,,hard,IT & Software
seeking assignments in accounts head,Domain-Specific / Other,Seeking Assignments In Accounts Head,5,,hard,Domain-Specific / Other
Seeking roles in General Ledger,Finance & Accounts,Seeking Roles In General Ledger,5,,hard,Finance & Accounts
segment-wise,Domain-Specific / Other,Segment-Wise,5,,hard,Domain-Specific / Other
Selenium,Domain-Specific / Other,Selenium,5,,hard,Domain-Specific / Other
Selenium Automation,Domain-Specific / Other,Selenium Automation,5,,hard,Domain-Specific / Other
Selenium Webdriver,IT & Software,Selenium Webdriver,5,,hard,IT & Software
self adhesive tape,Domain-Specific / Other,Self Adhesive Tape,5,,hard,Domain-Specific / Other
self motivated & positive attitude towards work Executive Production,Operations & Production,Self Motivated & Positive Attitude Towards Work Executive Production,5,,hard,Operations & Production
self-motivation,Domain-Specific / Other,Self-Motivation,5,,hard,Domain-Specific / Other
sellers on pan India basis.Rual marketing Financial operations,Sales & Marketing,Sellers On Pan India Basis.Rual Marketing Financial Operations,5,,hard,Sales & Marketing
sem,Domain-Specific / Other,Sem,5,,hard,Domain-Specific / Other
sem 8,Domain-Specific / Other,Sem 8,5,,hard,Domain-Specific / Other
semiconductor,Domain-Specific / Other,Semiconductor,5,,hard,Domain-Specific / Other
Senior Accountant,Domain-Specific / Other,Senior Accountant,5,,hard,Domain-Specific / Other
senior accounting manager,Finance & Accounts,Senior Accounting Manager,5,,hard,Finance & Accounts
Senior Accounts & Finance Manager,Finance & Accounts,Senior Accounts & Finance Manager,5,,hard,Finance & Accounts
Senior Accounts Executive,Domain-Specific / Other,Senior Accounts Executive,5,,hard,Domain-Specific / Other
Senior Accounts Executive handling Accounts Receivable,Finance & Accounts,Senior Accounts Executive Handling Accounts Receivable,5,,hard,Finance & Accounts
Senior Accounts Officer,Domain-Specific / Other,Senior Accounts Officer,5,,hard,Domain-Specific / Other
Senior Analyst,Domain-Specific / Other,Senior Analyst,5,,hard,Domain-Specific / Other
Senior Associate 2,Domain-Specific / Other,Senior Associate 2,5,,hard,Domain-Specific / Other
Senior Auditor,Finance & Accounts,Senior Auditor,5,,hard,Finance & Accounts
Senior Executive,Domain-Specific / Other,Senior Executive,5,,hard,Domain-Specific / Other
Senior Executive Accounts,Domain-Specific / Other,Senior Executive Accounts,5,,hard,Domain-Specific / Other
Senior Executive in production department frequent in manufacturing of capsule (softgel caps)&tablets & good knowledge of SAP .,Operations & Production,Senior Executive In Production Department Frequent In Manufacturing Of Capsule (Softgel Caps)&Tablets & Good Knowledge Of Sap .,5,,hard,Operations & Production
Senior Executive Production,Operations & Production,Senior Executive Production,5,,hard,Operations & Production
Senior Level,Domain-Specific / Other,Senior Level,5,,hard,Domain-Specific / Other
Senior Management,Domain-Specific / Other,Senior Management,5,,hard,Domain-Specific / Other
Senior Manager,Domain-Specific / Other,Senior Manager,5,,hard,Domain-Specific / Other
Senior Manager - Finance & Accounts,Finance & Accounts,Senior Manager - Finance & Accounts,5,,hard,Finance & Accounts
Senior Manager (Production),Operations & Production,Senior Manager (Production),5,,hard,Operations & Production
Senior Manager -Accounts & Taxation,Finance & Accounts,Senior Manager -Accounts & Taxation,5,,hard,Finance & Accounts
senior officer,Domain-Specific / Other,Senior Officer,5,,hard,Domain-Specific / Other
Senior Process Technician,IT & Software,Senior Process Technician,5,,hard,IT & Software
Senior Production coordinator,Operations & Production,Senior Production Coordinator,5,,hard,Operations & Production
Senior Production Engineer,Operations & Production,Senior Production Engineer,5,,hard,Operations & Production
Senior Production Engineer-Robotic Welding,Operations & Production,Senior Production Engineer-Robotic Welding,5,,hard,Operations & Production
Senior Production Manager,Operations & Production,Senior Production Manager,5,,hard,Operations & Production
sensitivity and response in order to improve the plant reliability and reduce the downtime. ▪,Operations & Production,Sensitivity And Response In Order To Improve The Plant Reliability And Reduce The Downtime. ▪,5,,hard,Operations & Production
sensitivity and response in order to improve the plant reliability and reduce the downtime. ▪ followed the safety norms,Operations & Production,Sensitivity And Response In Order To Improve The Plant Reliability And Reduce The Downtime. ▪ Followed The Safety Norms,5,,hard,Operations & Production
SEO,Sales & Marketing,Seo,5,,hard,Sales & Marketing
separation,Domain-Specific / Other,Separation,5,,hard,Domain-Specific / Other
Server,Domain-Specific / Other,Server,5,,hard,Domain-Specific / Other
Service,Domain-Specific / Other,Service,5,,hard,Domain-Specific / Other
Service Associate,Domain-Specific / Other,Service Associate,5,,hard,Domain-Specific / Other
service delivery,Domain-Specific / Other,Service Delivery,5,,hard,Domain-Specific / Other
Service Delivery Management,Domain-Specific / Other,Service Delivery Management,5,,hard,Domain-Specific / Other
Service Desk,Domain-Specific / Other,Service Desk,5,,hard,Domain-Specific / Other
Service Engineer,Operations & Production,Service Engineer,5,,hard,Operations & Production
service excellence,Domain-Specific / Other,Service Excellence,5,,hard,Domain-Specific / Other
service industry accounting,Finance & Accounts,Service Industry Accounting,5,,hard,Finance & Accounts
service maintenance supervisor,Operations & Production,Service Maintenance Supervisor,5,,hard,Operations & Production
Service Management,Domain-Specific / Other,Service Management,5,,hard,Domain-Specific / Other
Service Manager,Domain-Specific / Other,Service Manager,5,,hard,Domain-Specific / Other
service operation,Domain-Specific / Other,Service Operation,5,,hard,Domain-Specific / Other
Service Tax,Finance & Accounts,Service Tax,5,,hard,Finance & Accounts
service tax calculation,Finance & Accounts,Service Tax Calculation,5,,hard,Finance & Accounts
Service tax etc.,Finance & Accounts,Service Tax Etc.,5,,hard,Finance & Accounts
service tax General Ledger Accounting,Finance & Accounts,Service Tax General Ledger Accounting,5,,hard,Finance & Accounts
Service Tax Return,Finance & Accounts,Service Tax Return,5,,hard,Finance & Accounts
ServiceTax,Finance & Accounts,Servicetax,5,,hard,Finance & Accounts
setting up the account,Domain-Specific / Other,Setting Up The Account,5,,hard,Domain-Specific / Other
setup,Domain-Specific / Other,Setup,5,,hard,Domain-Specific / Other
SEZ,Domain-Specific / Other,Sez,5,,hard,Domain-Specific / Other
SEZ Compliance,HR & Recruitment,Sez Compliance,5,,hard,HR & Recruitment
SFDA,Domain-Specific / Other,Sfda,5,,hard,Domain-Specific / Other
SFDC,Domain-Specific / Other,Sfdc,5,,hard,Domain-Specific / Other
sfmc,Domain-Specific / Other,Sfmc,5,,hard,Domain-Specific / Other
SFT Data,IT & Software,Sft Data,5,,hard,IT & Software
share market,Sales & Marketing,Share Market,5,,hard,Sales & Marketing
shared services,Domain-Specific / Other,Shared Services,5,,hard,Domain-Specific / Other
Sharepoint,Domain-Specific / Other,Sharepoint,5,,hard,Domain-Specific / Other
sharing knowledge with co-workers,Domain-Specific / Other,Sharing Knowledge With Co-Workers,5,,hard,Domain-Specific / Other
Sheet metal,Domain-Specific / Other,Sheet Metal,5,,hard,Domain-Specific / Other
Sheet Metal Design,Design Skills,Sheet Metal Design,5,,hard,Design Skills
shell and tube heat exchanger,Domain-Specific / Other,Shell And Tube Heat Exchanger,5,,hard,Domain-Specific / Other
Shell Scripting,Domain-Specific / Other,Shell Scripting,5,,hard,Domain-Specific / Other
shift,Domain-Specific / Other,Shift,5,,hard,Domain-Specific / Other
Shift Engineer,Operations & Production,Shift Engineer,5,,hard,Operations & Production
shift handling,Domain-Specific / Other,Shift Handling,5,,hard,Domain-Specific / Other
shift incharge,Domain-Specific / Other,Shift Incharge,5,,hard,Domain-Specific / Other
Shift Incharge (Assist. Engineer - Production ) promoted from Management Trainee along with worked as an Officer- Production and Process Controller and Shift Engineer,Operations & Production,Shift Incharge (Assist. Engineer - Production ) Promoted From Management Trainee Along With Worked As An Officer- Production And Process Controller And Shift Engineer,5,,hard,Operations & Production
Shift Incharge (Assist. Engineer - Production ) promoted from Management Trainee along with worked as an Officer- Production and Process Controller and Shift Engineer Production Engineering,Operations & Production,Shift Incharge (Assist. Engineer - Production ) Promoted From Management Trainee Along With Worked As An Officer- Production And Process Controller And Shift Engineer Production Engineering,5,,hard,Operations & Production
shift incharge production,Operations & Production,Shift Incharge Production,5,,hard,Operations & Production
Shift In-charge-Operations,Domain-Specific / Other,Shift In-Charge-Operations,5,,hard,Domain-Specific / Other
Shift Management,Domain-Specific / Other,Shift Management,5,,hard,Domain-Specific / Other
shift management activities,Domain-Specific / Other,Shift Management Activities,5,,hard,Domain-Specific / Other
shift officer,Domain-Specific / Other,Shift Officer,5,,hard,Domain-Specific / Other
Shift Operations,Domain-Specific / Other,Shift Operations,5,,hard,Domain-Specific / Other
Shift Planning,Domain-Specific / Other,Shift Planning,5,,hard,Domain-Specific / Other
Shift Supervisor,Operations & Production,Shift Supervisor,5,,hard,Operations & Production
shipping accounting,Finance & Accounts,Shipping Accounting,5,,hard,Finance & Accounts
Shipping Documentation,Domain-Specific / Other,Shipping Documentation,5,,hard,Domain-Specific / Other
Shoop floor,Domain-Specific / Other,Shoop Floor,5,,hard,Domain-Specific / Other
shop & establishments,Domain-Specific / Other,Shop & Establishments,5,,hard,Domain-Specific / Other
Shop Floor,Domain-Specific / Other,Shop Floor,5,,hard,Domain-Specific / Other
Shop Floor Control,Domain-Specific / Other,Shop Floor Control,5,,hard,Domain-Specific / Other
Shop Floor Management,Domain-Specific / Other,Shop Floor Management,5,,hard,Domain-Specific / Other
shopfloor,Domain-Specific / Other,Shopfloor,5,,hard,Domain-Specific / Other
Shorthand,Domain-Specific / Other,Shorthand,5,,hard,Domain-Specific / Other
show cause notice. Tds deduct on salary as per computation & investment proof of I.T declaration. Proof of Exports file prepared & submission to Excise department of Rebate Claim,Finance & Accounts,Show Cause Notice. Tds Deduct On Salary As Per Computation & Investment Proof Of I.T Declaration. Proof Of Exports File Prepared & Submission To Excise Department Of Rebate Claim,5,,hard,Finance & Accounts
ShowMan Payroll,Finance & Accounts,Showman Payroll,5,,hard,Finance & Accounts
ShowMan Payroll Management Accounting,Finance & Accounts,Showman Payroll Management Accounting,5,,hard,Finance & Accounts
showroom,Domain-Specific / Other,Showroom,5,,hard,Domain-Specific / Other
Shutdown,Domain-Specific / Other,Shutdown,5,,hard,Domain-Specific / Other
Shutdown Planning,Domain-Specific / Other,Shutdown Planning,5,,hard,Domain-Specific / Other
Siemens PLC,Domain-Specific / Other,Siemens Plc,5,,hard,Domain-Specific / Other
simulation,Domain-Specific / Other,Simulation,5,,hard,Domain-Specific / Other
sincerity,Domain-Specific / Other,Sincerity,5,,hard,Domain-Specific / Other
singing songs,Domain-Specific / Other,Singing Songs,5,,hard,Domain-Specific / Other
single audit,Finance & Accounts,Single Audit,5,,hard,Finance & Accounts
single source statement,Domain-Specific / Other,Single Source Statement,5,,hard,Domain-Specific / Other
single vendor,Operations & Production,Single Vendor,5,,hard,Operations & Production
Sipoc,Domain-Specific / Other,Sipoc,5,,hard,Domain-Specific / Other
Site Accountant,Domain-Specific / Other,Site Accountant,5,,hard,Domain-Specific / Other
Site Accounting,Finance & Accounts,Site Accounting,5,,hard,Finance & Accounts
Site coordination,Domain-Specific / Other,Site Coordination,5,,hard,Domain-Specific / Other
Site Engineer,Operations & Production,Site Engineer,5,,hard,Operations & Production
Site Engineering,Operations & Production,Site Engineering,5,,hard,Operations & Production
Site execution,Domain-Specific / Other,Site Execution,5,,hard,Domain-Specific / Other
site management,Domain-Specific / Other,Site Management,5,,hard,Domain-Specific / Other
Site QC to another site,Domain-Specific / Other,Site Qc To Another Site,5,,hard,Domain-Specific / Other
Site registration.etc Execute the analytical method transfer from ADL to QC,Domain-Specific / Other,Site Registration.Etc Execute The Analytical Method Transfer From Adl To Qc,5,,hard,Domain-Specific / Other
Six Sigma,Operations & Production,Six Sigma,5,,hard,Operations & Production
Six Sigma Black Belt,Operations & Production,Six Sigma Black Belt,5,,hard,Operations & Production
Six Sigma Green Belt,Operations & Production,Six Sigma Green Belt,5,,hard,Operations & Production
Six Sigma Green Belt Certified,Operations & Production,Six Sigma Green Belt Certified,5,,hard,Operations & Production
Six Sigma Initiatives,Operations & Production,Six Sigma Initiatives,5,,hard,Operations & Production
Six Sigma Methodology,Operations & Production,Six Sigma Methodology,5,,hard,Operations & Production
Six Sigma Quality Control,Operations & Production,Six Sigma Quality Control,5,,hard,Operations & Production
sketch,Design Skills,Sketch,5,,hard,Design Skills
skill management,Domain-Specific / Other,Skill Management,5,,hard,Domain-Specific / Other
Skill mateix and evaluation,Domain-Specific / Other,Skill Mateix And Evaluation,5,,hard,Domain-Specific / Other
Skill matrix,Domain-Specific / Other,Skill Matrix,5,,hard,Domain-Specific / Other
Skill matrix and training,Domain-Specific / Other,Skill Matrix And Training,5,,hard,Domain-Specific / Other
skills,Domain-Specific / Other,Skills,5,,hard,Domain-Specific / Other
Skills in managing accounting activities such as Cash Flow,Finance & Accounts,Skills In Managing Accounting Activities Such As Cash Flow,5,,hard,Finance & Accounts
skype,Domain-Specific / Other,Skype,5,,hard,Domain-Specific / Other
slitting,Domain-Specific / Other,Slitting,5,,hard,Domain-Specific / Other
Smart Accounting,Finance & Accounts,Smart Accounting,5,,hard,Finance & Accounts
smart work,Design Skills,Smart Work,5,,hard,Design Skills
smart work in any industry,Design Skills,Smart Work In Any Industry,5,,hard,Design Skills
smart work in any industry Chemical Production,Operations & Production,Smart Work In Any Industry Chemical Production,5,,hard,Operations & Production
SME with Finance Functional Consultant Knowledge & Analytical Skills,Finance & Accounts,Sme With Finance Functional Consultant Knowledge & Analytical Skills,5,,hard,Finance & Accounts
SMED,Domain-Specific / Other,Smed,5,,hard,Domain-Specific / Other
SMO,Domain-Specific / Other,Smo,5,,hard,Domain-Specific / Other
Snowflake,Domain-Specific / Other,Snowflake,5,,hard,Domain-Specific / Other
SOA,Domain-Specific / Other,Soa,5,,hard,Domain-Specific / Other
SOAP,Domain-Specific / Other,Soap,5,,hard,Domain-Specific / Other
SOC,Domain-Specific / Other,Soc,5,,hard,Domain-Specific / Other
social media,Domain-Specific / Other,Social Media,5,,hard,Domain-Specific / Other
social working,Domain-Specific / Other,Social Working,5,,hard,Domain-Specific / Other
soft skills,Domain-Specific / Other,Soft Skills,5,,hard,Domain-Specific / Other
Soft Skills Training,Domain-Specific / Other,Soft Skills Training,5,,hard,Domain-Specific / Other
softgelatin capsule production,Operations & Production,Softgelatin Capsule Production,5,,hard,Operations & Production
Software,IT & Software,Software,5,,hard,IT & Software
Software Developer,IT & Software,Software Developer,5,,hard,IT & Software
software development,IT & Software,Software Development,5,,hard,IT & Software
Software Engineer,IT & Software,Software Engineer,5,,hard,IT & Software
Software Sales,IT & Software,Software Sales,5,,hard,IT & Software
SOFTWARE SERVICE,IT & Software,Software Service,5,,hard,IT & Software
software test,IT & Software,Software Test,5,,hard,IT & Software
software testing,IT & Software,Software Testing,5,,hard,IT & Software
Software troubleshooting,IT & Software,Software Troubleshooting,5,,hard,IT & Software
Soil,Domain-Specific / Other,Soil,5,,hard,Domain-Specific / Other
Soil Science,Domain-Specific / Other,Soil Science,5,,hard,Domain-Specific / Other
solar energy,Domain-Specific / Other,Solar Energy,5,,hard,Domain-Specific / Other
solar thermal,Domain-Specific / Other,Solar Thermal,5,,hard,Domain-Specific / Other
Solaris,Domain-Specific / Other,Solaris,5,,hard,Domain-Specific / Other
Sole responsible for QMS in QC and Compliance in all sections GLP,HR & Recruitment,Sole Responsible For Qms In Qc And Compliance In All Sections Glp,5,,hard,HR & Recruitment
solid edge,Domain-Specific / Other,Solid Edge,5,,hard,Domain-Specific / Other
Solid oral dosage forms,Domain-Specific / Other,Solid Oral Dosage Forms,5,,hard,Domain-Specific / Other
Solid Orals,Domain-Specific / Other,Solid Orals,5,,hard,Domain-Specific / Other
solid waste,Domain-Specific / Other,Solid Waste,5,,hard,Domain-Specific / Other
Solid Works,Domain-Specific / Other,Solid Works,5,,hard,Domain-Specific / Other
Solution Sales,Sales & Marketing,Solution Sales,5,,hard,Sales & Marketing
Solution Selling,Domain-Specific / Other,Solution Selling,5,,hard,Domain-Specific / Other
Solvent Recovery,Domain-Specific / Other,Solvent Recovery,5,,hard,Domain-Specific / Other
Solving Queries,Domain-Specific / Other,Solving Queries,5,,hard,Domain-Specific / Other
Sonarqube Continuous Integration : Jenkins Version Control Tools : GIT,Domain-Specific / Other,Sonarqube Continuous Integration : Jenkins Version Control Tools : Git,5,,hard,Domain-Specific / Other
Sop,Domain-Specific / Other,Sop,5,,hard,Domain-Specific / Other
SOP & JES,Domain-Specific / Other,Sop & Jes,5,,hard,Domain-Specific / Other
SOP adherence,Domain-Specific / Other,Sop Adherence,5,,hard,Domain-Specific / Other
SOP Management,Domain-Specific / Other,Sop Management,5,,hard,Domain-Specific / Other
Sop Preparation,Domain-Specific / Other,Sop Preparation,5,,hard,Domain-Specific / Other
sops,Domain-Specific / Other,Sops,5,,hard,Domain-Specific / Other
SOPs and QC relevant documents for analytical method validation,Domain-Specific / Other,Sops And Qc Relevant Documents For Analytical Method Validation,5,,hard,Domain-Specific / Other
Sorting,Domain-Specific / Other,Sorting,5,,hard,Domain-Specific / Other
sourcing,Domain-Specific / Other,Sourcing,5,,hard,Domain-Specific / Other
sourcing strategy,Domain-Specific / Other,Sourcing Strategy,5,,hard,Domain-Specific / Other
SOX Compliance,HR & Recruitment,Sox Compliance,5,,hard,HR & Recruitment
Spanish,Domain-Specific / Other,Spanish,5,,hard,Domain-Specific / Other
spare part,Design Skills,Spare Part,5,,hard,Design Skills
Spare Parts,Design Skills,Spare Parts,5,,hard,Design Skills
Spare planning,Domain-Specific / Other,Spare Planning,5,,hard,Domain-Specific / Other
Spares Management,Domain-Specific / Other,Spares Management,5,,hard,Domain-Specific / Other
Spark,Domain-Specific / Other,Spark,5,,hard,Domain-Specific / Other
SPC,Domain-Specific / Other,Spc,5,,hard,Domain-Specific / Other
SPC Analysis,Domain-Specific / Other,Spc Analysis,5,,hard,Domain-Specific / Other
Special Purpose Machine,Domain-Specific / Other,Special Purpose Machine,5,,hard,Domain-Specific / Other
Speciality Chemicals,Domain-Specific / Other,Speciality Chemicals,5,,hard,Domain-Specific / Other
speciality chemicals for personal care products,Domain-Specific / Other,Speciality Chemicals For Personal Care Products,5,,hard,Domain-Specific / Other
Specification for raw material,Domain-Specific / Other,Specification For Raw Material,5,,hard,Domain-Specific / Other
spectrophotometer,Domain-Specific / Other,Spectrophotometer,5,,hard,Domain-Specific / Other
Spectrum gold,Domain-Specific / Other,Spectrum Gold,5,,hard,Domain-Specific / Other
spend analysis,Domain-Specific / Other,Spend Analysis,5,,hard,Domain-Specific / Other
Spent utilization,Domain-Specific / Other,Spent Utilization,5,,hard,Domain-Specific / Other
spindle,Domain-Specific / Other,Spindle,5,,hard,Domain-Specific / Other
Spine payroll,Finance & Accounts,Spine Payroll,5,,hard,Finance & Accounts
spinning,Domain-Specific / Other,Spinning,5,,hard,Domain-Specific / Other
spinning process,Domain-Specific / Other,Spinning Process,5,,hard,Domain-Specific / Other
SPM,Domain-Specific / Other,Spm,5,,hard,Domain-Specific / Other
SPM Machine,Domain-Specific / Other,Spm Machine,5,,hard,Domain-Specific / Other
spot welding,Domain-Specific / Other,Spot Welding,5,,hard,Domain-Specific / Other
Spray Drying,Domain-Specific / Other,Spray Drying,5,,hard,Domain-Specific / Other
Spreadsheets,Sales & Marketing,Spreadsheets,5,,hard,Sales & Marketing
Spring,Domain-Specific / Other,Spring,5,,hard,Domain-Specific / Other
SQC,Domain-Specific / Other,Sqc,5,,hard,Domain-Specific / Other
SQDCM,Domain-Specific / Other,Sqdcm,5,,hard,Domain-Specific / Other
SQL,IT & Software,Sql,5,,hard,IT & Software
Sql Server - Dba,IT & Software,Sql Server - Dba,5,,hard,IT & Software
SR,Domain-Specific / Other,Sr,5,,hard,Domain-Specific / Other
Sr Executive,Domain-Specific / Other,Sr Executive,5,,hard,Domain-Specific / Other
Sr. Executive,Domain-Specific / Other,Sr. Executive,5,,hard,Domain-Specific / Other
Sr. Executive General Accountant,Domain-Specific / Other,Sr. Executive General Accountant,5,,hard,Domain-Specific / Other
sr. executive production,Operations & Production,Sr. Executive Production,5,,hard,Operations & Production
Sr. Finance Executive,Finance & Accounts,Sr. Finance Executive,5,,hard,Finance & Accounts
Sr. Finance Manager,Finance & Accounts,Sr. Finance Manager,5,,hard,Finance & Accounts
Sr. Manager-Finance & Accounts,Finance & Accounts,Sr. Manager-Finance & Accounts,5,,hard,Finance & Accounts
Sr. Production Engineer,Operations & Production,Sr. Production Engineer,5,,hard,Operations & Production
Sr. Production Executive,Operations & Production,Sr. Production Executive,5,,hard,Operations & Production
Sr.Account Executive,Domain-Specific / Other,Sr.Account Executive,5,,hard,Domain-Specific / Other
Sr.Production Manager,Operations & Production,Sr.Production Manager,5,,hard,Operations & Production
ssc,Domain-Specific / Other,Ssc,5,,hard,Domain-Specific / Other
SSR,Domain-Specific / Other,Ssr,5,,hard,Domain-Specific / Other
STAAD,Domain-Specific / Other,Staad,5,,hard,Domain-Specific / Other
Stability,Domain-Specific / Other,Stability,5,,hard,Domain-Specific / Other
Stability Sample removal plan. Qualification of Walk in Chamber,Domain-Specific / Other,Stability Sample Removal Plan. Qualification Of Walk In Chamber,5,,hard,Domain-Specific / Other
Stability Studies,Domain-Specific / Other,Stability Studies,5,,hard,Domain-Specific / Other
Staff Accountant,Domain-Specific / Other,Staff Accountant,5,,hard,Domain-Specific / Other
staff advance handling,Domain-Specific / Other,Staff Advance Handling,5,,hard,Domain-Specific / Other
Staffing,Domain-Specific / Other,Staffing,5,,hard,Domain-Specific / Other
Stage,Domain-Specific / Other,Stage,5,,hard,Domain-Specific / Other
Stage & Tally-ERP,Domain-Specific / Other,Stage & Tally-Erp,5,,hard,Domain-Specific / Other
Stainless Steel,Domain-Specific / Other,Stainless Steel,5,,hard,Domain-Specific / Other
Stakeholder Management,Domain-Specific / Other,Stakeholder Management,5,,hard,Domain-Specific / Other
Standard Business processes,Domain-Specific / Other,Standard Business Processes,5,,hard,Domain-Specific / Other
Standard Cost,Domain-Specific / Other,Standard Cost,5,,hard,Domain-Specific / Other
Standard Costing,Domain-Specific / Other,Standard Costing,5,,hard,Domain-Specific / Other
standard operating procedures,Domain-Specific / Other,Standard Operating Procedures,5,,hard,Domain-Specific / Other
Startup,Design Skills,Startup,5,,hard,Design Skills
startup and shutdown,Design Skills,Startup And Shutdown,5,,hard,Design Skills
STATA,Domain-Specific / Other,Stata,5,,hard,Domain-Specific / Other
state sales tax,Sales & Marketing,State Sales Tax,5,,hard,Sales & Marketing
Statement,Domain-Specific / Other,Statement,5,,hard,Domain-Specific / Other
Statistical,Domain-Specific / Other,Statistical,5,,hard,Domain-Specific / Other
statistical analysis,Domain-Specific / Other,Statistical Analysis,5,,hard,Domain-Specific / Other
statutory,Domain-Specific / Other,Statutory,5,,hard,Domain-Specific / Other
statutory accounting,Finance & Accounts,Statutory Accounting,5,,hard,Finance & Accounts
statutory accounts,Domain-Specific / Other,Statutory Accounts,5,,hard,Domain-Specific / Other
Statutory Audit,Finance & Accounts,Statutory Audit,5,,hard,Finance & Accounts
statutory audit & compliance,IT & Software,Statutory Audit & Compliance,5,,hard,IT & Software
Statutory audit schedules,IT & Software,Statutory Audit Schedules,5,,hard,IT & Software
Statutory Audits,Finance & Accounts,Statutory Audits,5,,hard,Finance & Accounts
statutory audits handling,Finance & Accounts,Statutory Audits Handling,5,,hard,Finance & Accounts
statutory calculation,Domain-Specific / Other,Statutory Calculation,5,,hard,Domain-Specific / Other
Statutory Compliance,HR & Recruitment,Statutory Compliance,5,,hard,HR & Recruitment
Statutory Compliance Management,HR & Recruitment,Statutory Compliance Management,5,,hard,HR & Recruitment
Statutory compliances,HR & Recruitment,Statutory Compliances,5,,hard,HR & Recruitment
Statutory Management,Domain-Specific / Other,Statutory Management,5,,hard,Domain-Specific / Other
Statutory payable,Finance & Accounts,Statutory Payable,5,,hard,Finance & Accounts
Statutory Payment,Domain-Specific / Other,Statutory Payment,5,,hard,Domain-Specific / Other
statutory payment handling,Domain-Specific / Other,Statutory Payment Handling,5,,hard,Domain-Specific / Other
Statutory Reporting,Domain-Specific / Other,Statutory Reporting,5,,hard,Domain-Specific / Other
Statutoryaudit,Finance & Accounts,Statutoryaudit,5,,hard,Finance & Accounts
Steam Methan Reforming,Soft Skills,Steam Methan Reforming,5,,soft,Soft Skills
Steel,Domain-Specific / Other,Steel,5,,hard,Domain-Specific / Other
Steel doors Production Engineering,Operations & Production,Steel Doors Production Engineering,5,,hard,Operations & Production
Steel Fabrication workEâ€¢ Bill Clearing,Domain-Specific / Other,Steel Fabrication Workeâ€¢ Bill Clearing,5,,hard,Domain-Specific / Other
Steel manufacturing Company,Operations & Production,Steel Manufacturing Company,5,,hard,Operations & Production
Steel Plant,Operations & Production,Steel Plant,5,,hard,Operations & Production
Sterile,Domain-Specific / Other,Sterile,5,,hard,Domain-Specific / Other
Sterility,Domain-Specific / Other,Sterility,5,,hard,Domain-Specific / Other
steward,Domain-Specific / Other,Steward,5,,hard,Domain-Specific / Other
STLC,Domain-Specific / Other,Stlc,5,,hard,Domain-Specific / Other
Stock,Domain-Specific / Other,Stock,5,,hard,Domain-Specific / Other
stock audit,Finance & Accounts,Stock Audit,5,,hard,Finance & Accounts
Stock Broking,Domain-Specific / Other,Stock Broking,5,,hard,Domain-Specific / Other
stock control,Domain-Specific / Other,Stock Control,5,,hard,Domain-Specific / Other
stock exchange,Domain-Specific / Other,Stock Exchange,5,,hard,Domain-Specific / Other
Stock Handling),Domain-Specific / Other,Stock Handling),5,,hard,Domain-Specific / Other
stock management,Domain-Specific / Other,Stock Management,5,,hard,Domain-Specific / Other
stock market,Sales & Marketing,Stock Market,5,,hard,Sales & Marketing
Stock Reco,Domain-Specific / Other,Stock Reco,5,,hard,Domain-Specific / Other
Stock reconciliation,Domain-Specific / Other,Stock Reconciliation,5,,hard,Domain-Specific / Other
Stock Reconciliations,Domain-Specific / Other,Stock Reconciliations,5,,hard,Domain-Specific / Other
stock register,Domain-Specific / Other,Stock Register,5,,hard,Domain-Specific / Other
stock report preparation,Domain-Specific / Other,Stock Report Preparation,5,,hard,Domain-Specific / Other
stock statement preparation,Domain-Specific / Other,Stock Statement Preparation,5,,hard,Domain-Specific / Other
Stock Transport Process,Domain-Specific / Other,Stock Transport Process,5,,hard,Domain-Specific / Other
Stock Valuation,Domain-Specific / Other,Stock Valuation,5,,hard,Domain-Specific / Other
stocks,Domain-Specific / Other,Stocks,5,,hard,Domain-Specific / Other
storage and usage of reference standards,Domain-Specific / Other,Storage And Usage Of Reference Standards,5,,hard,Domain-Specific / Other
storage and usage of working standards Analyst qualification To evaluate,Domain-Specific / Other,Storage And Usage Of Working Standards Analyst Qualification To Evaluate,5,,hard,Domain-Specific / Other
storage tanks,Domain-Specific / Other,Storage Tanks,5,,hard,Domain-Specific / Other
Store,Domain-Specific / Other,Store,5,,hard,Domain-Specific / Other
Store & Purchase Officer,Domain-Specific / Other,Store & Purchase Officer,5,,hard,Domain-Specific / Other
Store Keeping,Domain-Specific / Other,Store Keeping,5,,hard,Domain-Specific / Other
Store Management,Domain-Specific / Other,Store Management,5,,hard,Domain-Specific / Other
store operation handling,Domain-Specific / Other,Store Operation Handling,5,,hard,Domain-Specific / Other
store purchase quality,Operations & Production,Store Purchase Quality,5,,hard,Operations & Production
Stores,Domain-Specific / Other,Stores,5,,hard,Domain-Specific / Other
STORES AND DISPATCH,Domain-Specific / Other,Stores And Dispatch,5,,hard,Domain-Specific / Other
STP,Domain-Specific / Other,Stp,5,,hard,Domain-Specific / Other
stpi,Domain-Specific / Other,Stpi,5,,hard,Domain-Specific / Other
Strategic & Decision making Report Skills JVA - Knowledge on Joint Venture Accounting Strong in Core Accounting & Finance Domain,Finance & Accounts,Strategic & Decision Making Report Skills Jva - Knowledge On Joint Venture Accounting Strong In Core Accounting & Finance Domain,5,,hard,Finance & Accounts
Strategic Account,Domain-Specific / Other,Strategic Account,5,,hard,Domain-Specific / Other
Strategic Account Management,Domain-Specific / Other,Strategic Account Management,5,,hard,Domain-Specific / Other
Strategic Alliances,Domain-Specific / Other,Strategic Alliances,5,,hard,Domain-Specific / Other
Strategic Business,Domain-Specific / Other,Strategic Business,5,,hard,Domain-Specific / Other
Strategic Financial Planning,Domain-Specific / Other,Strategic Financial Planning,5,,hard,Domain-Specific / Other
Strategic Planning,Domain-Specific / Other,Strategic Planning,5,,hard,Domain-Specific / Other
strategic procurement plan,Operations & Production,Strategic Procurement Plan,5,,hard,Operations & Production
Strategic Sourcing,Domain-Specific / Other,Strategic Sourcing,5,,hard,Domain-Specific / Other
strategic thinking,Domain-Specific / Other,Strategic Thinking,5,,hard,Domain-Specific / Other
strategies,Domain-Specific / Other,Strategies,5,,hard,Domain-Specific / Other
strategist,Domain-Specific / Other,Strategist,5,,hard,Domain-Specific / Other
strategy,Domain-Specific / Other,Strategy,5,,hard,Domain-Specific / Other
Streamlining,Domain-Specific / Other,Streamlining,5,,hard,Domain-Specific / Other
Strong Analytical Skills,Domain-Specific / Other,Strong Analytical Skills,5,,hard,Domain-Specific / Other
Strong Communication,Soft Skills,Strong Communication,5,,soft,Soft Skills
Strong Communication Skills,Soft Skills,Strong Communication Skills,5,,soft,Soft Skills
strong interpersonal skills,Domain-Specific / Other,Strong Interpersonal Skills,5,,hard,Domain-Specific / Other
Strong Technical Skill,IT & Software,Strong Technical Skill,5,,hard,IT & Software
Strong understanding of Chemicals and API manufacturing operations,IT & Software,Strong Understanding Of Chemicals And Api Manufacturing Operations,5,,hard,IT & Software
Structural,Domain-Specific / Other,Structural,5,,hard,Domain-Specific / Other
structure,Domain-Specific / Other,Structure,5,,hard,Domain-Specific / Other
structured investment pdcts. & derivatives,Domain-Specific / Other,Structured Investment Pdcts. & Derivatives,5,,hard,Domain-Specific / Other
Struts,Domain-Specific / Other,Struts,5,,hard,Domain-Specific / Other
successful trial of new product development based on customer requirement & for cost saving. ▪,Sales & Marketing,Successful Trial Of New Product Development Based On Customer Requirement & For Cost Saving. ▪,5,,hard,Sales & Marketing
Sulphonation,Domain-Specific / Other,Sulphonation,5,,hard,Domain-Specific / Other
SUMIF,Domain-Specific / Other,Sumif,5,,hard,Domain-Specific / Other
SUMIF Purchase Accounting,Finance & Accounts,Sumif Purchase Accounting,5,,hard,Finance & Accounts
Sundry Debtors,Domain-Specific / Other,Sundry Debtors,5,,hard,Domain-Specific / Other
Supervising,Domain-Specific / Other,Supervising,5,,hard,Domain-Specific / Other
supervising manufacturing processes,Operations & Production,Supervising Manufacturing Processes,5,,hard,Operations & Production
Supervision,Domain-Specific / Other,Supervision,5,,hard,Domain-Specific / Other
Supervisor,Operations & Production,Supervisor,5,,hard,Operations & Production
supervisory skills,Operations & Production,Supervisory Skills,5,,hard,Operations & Production
supplier audit,Finance & Accounts,Supplier Audit,5,,hard,Finance & Accounts
Supplier Development,Domain-Specific / Other,Supplier Development,5,,hard,Domain-Specific / Other
Supplier management,Domain-Specific / Other,Supplier Management,5,,hard,Domain-Specific / Other
Supplier Quality,Operations & Production,Supplier Quality,5,,hard,Operations & Production
supplier relation management,Domain-Specific / Other,Supplier Relation Management,5,,hard,Domain-Specific / Other
supplier relationship,Domain-Specific / Other,Supplier Relationship,5,,hard,Domain-Specific / Other
Supply Chain,Operations & Production,Supply Chain,5,,hard,Operations & Production
Supply Chain Coordination,Operations & Production,Supply Chain Coordination,5,,hard,Operations & Production
Supply Chain Development,Operations & Production,Supply Chain Development,5,,hard,Operations & Production
Supply Chain Management,Operations & Production,Supply Chain Management,5,,hard,Operations & Production
Supply Chain Manager,Operations & Production,Supply Chain Manager,5,,hard,Operations & Production
Supply Chain Operation,Operations & Production,Supply Chain Operation,5,,hard,Operations & Production
Supply Chain Operations,Operations & Production,Supply Chain Operations,5,,hard,Operations & Production
Supply Chain Planning,Operations & Production,Supply Chain Planning,5,,hard,Operations & Production
Supply Planning,Domain-Specific / Other,Supply Planning,5,,hard,Domain-Specific / Other
Support Services,Domain-Specific / Other,Support Services,5,,hard,Domain-Specific / Other
Surat. and Navin Fluorine International ltd.surat Successfully completed two weeks of vocational training at GHCL veraval sutrapada.and Successfully completed two weeks of vocational training at NFI Surat,Domain-Specific / Other,Surat. And Navin Fluorine International Ltd.Surat Successfully Completed Two Weeks Of Vocational Training At Ghcl Veraval Sutrapada.And Successfully Completed Two Weeks Of Vocational Training At Nfi Surat,5,,hard,Domain-Specific / Other
surface treatment,Domain-Specific / Other,Surface Treatment,5,,hard,Domain-Specific / Other
Surfactants,Domain-Specific / Other,Surfactants,5,,hard,Domain-Specific / Other
surgery,Healthcare & Clinical,Surgery,5,,hard,Healthcare & Clinical
Suspension,Domain-Specific / Other,Suspension,5,,hard,Domain-Specific / Other
SVN,Domain-Specific / Other,Svn,5,,hard,Domain-Specific / Other
Swing,Domain-Specific / Other,Swing,5,,hard,Domain-Specific / Other
switchboard testing,Domain-Specific / Other,Switchboard Testing,5,,hard,Domain-Specific / Other
switchgear,Domain-Specific / Other,Switchgear,5,,hard,Domain-Specific / Other
Sybase,Domain-Specific / Other,Sybase,5,,hard,Domain-Specific / Other
Syrup,Domain-Specific / Other,Syrup,5,,hard,Domain-Specific / Other
system,IT & Software,System,5,,hard,IT & Software
system 11,IT & Software,System 11,5,,hard,IT & Software
System Administrator,IT & Software,System Administrator,5,,hard,IT & Software
system analyst,IT & Software,System Analyst,5,,hard,IT & Software
system audit,IT & Software,System Audit,5,,hard,IT & Software
system commissioning.,IT & Software,System Commissioning.,5,,hard,IT & Software
System Engineer,IT & Software,System Engineer,5,,hard,IT & Software
System Implementation,IT & Software,System Implementation,5,,hard,IT & Software
System Software,IT & Software,System Software,5,,hard,IT & Software
Systems,IT & Software,Systems,5,,hard,IT & Software
t,Domain-Specific / Other,T,5,,hard,Domain-Specific / Other
Tableau,Domain-Specific / Other,Tableau,5,,hard,Domain-Specific / Other
Tableau Reporting,Domain-Specific / Other,Tableau Reporting,5,,hard,Domain-Specific / Other
Tablets,Domain-Specific / Other,Tablets,5,,hard,Domain-Specific / Other
tailing and fronting Operate and maintain laboratory equipment,Design Skills,Tailing And Fronting Operate And Maintain Laboratory Equipment,5,,hard,Design Skills
Taking Care,Domain-Specific / Other,Taking Care,5,,hard,Domain-Specific / Other
taking production in batch reactor,IT & Software,Taking Production In Batch Reactor,5,,hard,IT & Software
takt time,Domain-Specific / Other,Takt Time,5,,hard,Domain-Specific / Other
Talent acquisition,HR & Recruitment,Talent Acquisition,5,,hard,HR & Recruitment
Tally,Domain-Specific / Other,Tally,5,,hard,Domain-Specific / Other
tally 7.2,Domain-Specific / Other,Tally 7.2,5,,hard,Domain-Specific / Other
tally 7.2 & 9,Domain-Specific / Other,Tally 7.2 & 9,5,,hard,Domain-Specific / Other
tally 9 erp,Domain-Specific / Other,Tally 9 Erp,5,,hard,Domain-Specific / Other
Tally 9.0,Domain-Specific / Other,Tally 9.0,5,,hard,Domain-Specific / Other
Tally 9.1,Domain-Specific / Other,Tally 9.1,5,,hard,Domain-Specific / Other
tally 9.2 erp,Domain-Specific / Other,Tally 9.2 Erp,5,,hard,Domain-Specific / Other
Tally 9.ERP,Domain-Specific / Other,Tally 9.Erp,5,,hard,Domain-Specific / Other
Tally Accountant,Domain-Specific / Other,Tally Accountant,5,,hard,Domain-Specific / Other
Tally Accounting,Finance & Accounts,Tally Accounting,5,,hard,Finance & Accounts
Tally Accounting Package,Finance & Accounts,Tally Accounting Package,5,,hard,Finance & Accounts
tally accounting packages,Finance & Accounts,Tally Accounting Packages,5,,hard,Finance & Accounts
Tally ERP,Domain-Specific / Other,Tally Erp,5,,hard,Domain-Specific / Other
Tally ERP 9,Domain-Specific / Other,Tally Erp 9,5,,hard,Domain-Specific / Other
Tally ERP 9 Accountant,Domain-Specific / Other,Tally Erp 9 Accountant,5,,hard,Domain-Specific / Other
Tally ERP 9 Software and ShowMan Payroll Software,IT & Software,Tally Erp 9 Software And Showman Payroll Software,5,,hard,IT & Software
tally erp 9.0,Domain-Specific / Other,Tally Erp 9.0,5,,hard,Domain-Specific / Other
Tally ERP and Prime,Domain-Specific / Other,Tally Erp And Prime,5,,hard,Domain-Specific / Other
Tally ERP and Prime.,Domain-Specific / Other,Tally Erp And Prime.,5,,hard,Domain-Specific / Other
Tally ERP Finance Control,Finance & Accounts,Tally Erp Finance Control,5,,hard,Finance & Accounts
Tally ERP Financial Auditing,Finance & Accounts,Tally Erp Financial Auditing,5,,hard,Finance & Accounts
tally erp package,Domain-Specific / Other,Tally Erp Package,5,,hard,Domain-Specific / Other
tally erp. 9,Domain-Specific / Other,Tally Erp. 9,5,,hard,Domain-Specific / Other
tally erp. 9 prime,Domain-Specific / Other,Tally Erp. 9 Prime,5,,hard,Domain-Specific / Other
Tally ERP.9 Conversant with MS Office : MS- Office (Word,Domain-Specific / Other,Tally Erp.9 Conversant With Ms Office : Ms- Office (Word,5,,hard,Domain-Specific / Other
tally erp9,Domain-Specific / Other,Tally Erp9,5,,hard,Domain-Specific / Other
Tally ERP-9,Domain-Specific / Other,Tally Erp-9,5,,hard,Domain-Specific / Other
Tally Finance Control,Finance & Accounts,Tally Finance Control,5,,hard,Finance & Accounts
Tally Financial Accounting,Finance & Accounts,Tally Financial Accounting,5,,hard,Finance & Accounts
Tally General Accounting,Finance & Accounts,Tally General Accounting,5,,hard,Finance & Accounts
Tally Operator,Domain-Specific / Other,Tally Operator,5,,hard,Domain-Specific / Other
Tally Prime,Domain-Specific / Other,Tally Prime,5,,hard,Domain-Specific / Other
Tally prime and Tally Erp9,Domain-Specific / Other,Tally Prime And Tally Erp9,5,,hard,Domain-Specific / Other
Tally Prime Edit Log,IT & Software,Tally Prime Edit Log,5,,hard,IT & Software
Tally Prime gold 6.3,Domain-Specific / Other,Tally Prime Gold 6.3,5,,hard,Domain-Specific / Other
Tally Software,IT & Software,Tally Software,5,,hard,IT & Software
Tally Vouchers,Domain-Specific / Other,Tally Vouchers,5,,hard,Domain-Specific / Other
tally.erp 9,Domain-Specific / Other,Tally.Erp 9,5,,hard,Domain-Specific / Other
tally.erp9,Domain-Specific / Other,Tally.Erp9,5,,hard,Domain-Specific / Other
tally9.0,Domain-Specific / Other,Tally9.0,5,,hard,Domain-Specific / Other
tallyerp9,Domain-Specific / Other,Tallyerp9,5,,hard,Domain-Specific / Other
Target Achievement,Domain-Specific / Other,Target Achievement,5,,hard,Domain-Specific / Other
Task Management,Domain-Specific / Other,Task Management,5,,hard,Domain-Specific / Other
tata-ex.,Domain-Specific / Other,Tata-Ex.,5,,hard,Domain-Specific / Other
tax,Finance & Accounts,Tax,5,,hard,Finance & Accounts
tax &amp,Finance & Accounts,Tax &Amp,5,,hard,Finance & Accounts
tax accounting,Finance & Accounts,Tax Accounting,5,,hard,Finance & Accounts
tax advisory,Finance & Accounts,Tax Advisory,5,,hard,Finance & Accounts
Tax Assessment,Finance & Accounts,Tax Assessment,5,,hard,Finance & Accounts
tax assessments,Finance & Accounts,Tax Assessments,5,,hard,Finance & Accounts
Tax Audit,Finance & Accounts,Tax Audit,5,,hard,Finance & Accounts
Tax audit & Transfer pricing audit reporting’s,IT & Software,Tax Audit & Transfer Pricing Audit Reporting’S,5,,hard,IT & Software
Tax audit and Cost Audit,IT & Software,Tax Audit And Cost Audit,5,,hard,IT & Software
Tax Audits,Finance & Accounts,Tax Audits,5,,hard,Finance & Accounts
Tax Calculation,Finance & Accounts,Tax Calculation,5,,hard,Finance & Accounts
Tax Compliance,Finance & Accounts,Tax Compliance,5,,hard,Finance & Accounts
tax compliances,Finance & Accounts,Tax Compliances,5,,hard,Finance & Accounts
tax computations,Finance & Accounts,Tax Computations,5,,hard,Finance & Accounts
tax deducted at source,Finance & Accounts,Tax Deducted At Source,5,,hard,Finance & Accounts
tax deducted at source (tds),Finance & Accounts,Tax Deducted At Source (Tds),5,,hard,Finance & Accounts
tax invoice,Finance & Accounts,Tax Invoice,5,,hard,Finance & Accounts
tax legal compliance,Finance & Accounts,Tax Legal Compliance,5,,hard,Finance & Accounts
Tax Management,Finance & Accounts,Tax Management,5,,hard,Finance & Accounts
Tax Manager,Finance & Accounts,Tax Manager,5,,hard,Finance & Accounts
Tax Payments & Filling,Finance & Accounts,Tax Payments & Filling,5,,hard,Finance & Accounts
Tax Planning,Finance & Accounts,Tax Planning,5,,hard,Finance & Accounts
tax preparation,Finance & Accounts,Tax Preparation,5,,hard,Finance & Accounts
tax pro,Finance & Accounts,Tax Pro,5,,hard,Finance & Accounts
tax registrations,Finance & Accounts,Tax Registrations,5,,hard,Finance & Accounts
Tax Reporting,Finance & Accounts,Tax Reporting,5,,hard,Finance & Accounts
Tax Returns,Finance & Accounts,Tax Returns,5,,hard,Finance & Accounts
tax structuring,Finance & Accounts,Tax Structuring,5,,hard,Finance & Accounts
tax technology,IT & Software,Tax Technology,5,,hard,IT & Software
TAX&AUDIT,Finance & Accounts,Tax&Audit,5,,hard,Finance & Accounts
taxatiion,Finance & Accounts,Taxatiion,5,,hard,Finance & Accounts
Taxation,Finance & Accounts,Taxation,5,,hard,Finance & Accounts
Taxation – direct & indirect,Finance & Accounts,Taxation – Direct & Indirect,5,,hard,Finance & Accounts
taxation & auditing,Finance & Accounts,Taxation & Auditing,5,,hard,Finance & Accounts
Taxation & Commercial Operations,Finance & Accounts,Taxation & Commercial Operations,5,,hard,Finance & Accounts
Taxation & Commercial Operations Accounting Functions,Finance & Accounts,Taxation & Commercial Operations Accounting Functions,5,,hard,Finance & Accounts
Taxation (Direct),Finance & Accounts,Taxation (Direct),5,,hard,Finance & Accounts
Taxation and Handling Audit quarterly,IT & Software,Taxation And Handling Audit Quarterly,5,,hard,IT & Software
taxation compliance,Finance & Accounts,Taxation Compliance,5,,hard,Finance & Accounts
taxation direct indirect,Finance & Accounts,Taxation Direct Indirect,5,,hard,Finance & Accounts
Taxation Executive,Finance & Accounts,Taxation Executive,5,,hard,Finance & Accounts
taxation like gst,Finance & Accounts,Taxation Like Gst,5,,hard,Finance & Accounts
Taxation Manager,Finance & Accounts,Taxation Manager,5,,hard,Finance & Accounts
Taxation-Direct,Finance & Accounts,Taxation-Direct,5,,hard,Finance & Accounts
taxations,Finance & Accounts,Taxations,5,,hard,Finance & Accounts
taxaudit,Finance & Accounts,Taxaudit,5,,hard,Finance & Accounts
Taxbase.,Finance & Accounts,Taxbase.,5,,hard,Finance & Accounts
TBM,Domain-Specific / Other,Tbm,5,,hard,Domain-Specific / Other
tco analysis,Domain-Specific / Other,Tco Analysis,5,,hard,Domain-Specific / Other
TCP,Domain-Specific / Other,Tcp,5,,hard,Domain-Specific / Other
tcs,Domain-Specific / Other,Tcs,5,,hard,Domain-Specific / Other
TD,Domain-Specific / Other,Td,5,,hard,Domain-Specific / Other
TDS,Finance & Accounts,Tds,5,,hard,Finance & Accounts
tds accounting,Finance & Accounts,Tds Accounting,5,,hard,Finance & Accounts
TDS Calculation,Finance & Accounts,Tds Calculation,5,,hard,Finance & Accounts
TDS Compliance,Finance & Accounts,Tds Compliance,5,,hard,Finance & Accounts
tds deduction,Finance & Accounts,Tds Deduction,5,,hard,Finance & Accounts
tds payment,Finance & Accounts,Tds Payment,5,,hard,Finance & Accounts
tds payments,Finance & Accounts,Tds Payments,5,,hard,Finance & Accounts
TDS Payments Financial Accounting,Finance & Accounts,Tds Payments Financial Accounting,5,,hard,Finance & Accounts
TDS Reconciliation,Finance & Accounts,Tds Reconciliation,5,,hard,Finance & Accounts
tds return,Finance & Accounts,Tds Return,5,,hard,Finance & Accounts
tds return filing,Finance & Accounts,Tds Return Filing,5,,hard,Finance & Accounts
TDS Returns,Finance & Accounts,Tds Returns,5,,hard,Finance & Accounts
tds software,IT & Software,Tds Software,5,,hard,IT & Software
TDS.EWAYBILL,Finance & Accounts,Tds.Ewaybill,5,,hard,Finance & Accounts
Teacher,Domain-Specific / Other,Teacher,5,,hard,Domain-Specific / Other
Teaching,Domain-Specific / Other,Teaching,5,,hard,Domain-Specific / Other
Team building,Design Skills,Team Building,5,,soft,Design Skills
Team Coordination,Soft Skills,Team Coordination,5,,soft,Soft Skills
Team Handling,Soft Skills,Team Handling,5,,soft,Soft Skills
Team Handling Skills,Soft Skills,Team Handling Skills,5,,soft,Soft Skills
Team lead,Sales & Marketing,Team Lead,5,,soft,Sales & Marketing
Team Lead Operations,Sales & Marketing,Team Lead Operations,5,,soft,Sales & Marketing
team leader,Sales & Marketing,Team Leader,5,,soft,Sales & Marketing
Team Leader - Production,Sales & Marketing,Team Leader - Production,5,,soft,Sales & Marketing
team leader finance & accounts,Sales & Marketing,Team Leader Finance & Accounts,5,,soft,Sales & Marketing
Team Leadership,Sales & Marketing,Team Leadership,5,,soft,Sales & Marketing
Team Leading,Sales & Marketing,Team Leading,5,,soft,Sales & Marketing
Team Leading Accounting Standards,Sales & Marketing,Team Leading Accounting Standards,5,,soft,Sales & Marketing
Team Management,Soft Skills,Team Management,5,,soft,Soft Skills
team member,Soft Skills,Team Member,5,,soft,Soft Skills
team oriented,Soft Skills,Team Oriented,5,,soft,Soft Skills
Team Player - Enjoys sharing knowledge and encouraging development of others to achieve specific team goals. Problem solving - Resolves in-depth queries in a methodical manner independently,Soft Skills,Team Player - Enjoys Sharing Knowledge And Encouraging Development Of Others To Achieve Specific Team Goals. Problem Solving - Resolves In-Depth Queries In A Methodical Manner Independently,5,,soft,Soft Skills
Team Skills,Soft Skills,Team Skills,5,,soft,Soft Skills
team supervision Daily production reporting.etc,Operations & Production,Team Supervision Daily Production Reporting.Etc,5,,soft,Operations & Production
Team training and development,Soft Skills,Team Training And Development,5,,soft,Soft Skills
teamwork,Soft Skills,Teamwork,5,,soft,Soft Skills
tech transfer documents. facility and instruments qualification documents IQ,IT & Software,Tech Transfer Documents. Facility And Instruments Qualification Documents Iq,5,,hard,IT & Software
technical & safety training,IT & Software,Technical & Safety Training,5,,hard,IT & Software
Technical Analysis,IT & Software,Technical Analysis,5,,hard,IT & Software
Technical Aspects,IT & Software,Technical Aspects,5,,hard,IT & Software
technical consultant,IT & Software,Technical Consultant,5,,hard,IT & Software
technical knowledge,IT & Software,Technical Knowledge,5,,hard,IT & Software
Technical Product Management,IT & Software,Technical Product Management,5,,hard,IT & Software
Technical Recruiter,IT & Software,Technical Recruiter,5,,hard,IT & Software
Technical Resolution,IT & Software,Technical Resolution,5,,hard,IT & Software
technical Sales,IT & Software,Technical Sales,5,,hard,IT & Software
Technical support,IT & Software,Technical Support,5,,hard,IT & Software
technical Textile,IT & Software,Technical Textile,5,,hard,IT & Software
Technical trainer,IT & Software,Technical Trainer,5,,hard,IT & Software
technical writer,IT & Software,Technical Writer,5,,hard,IT & Software
technical writing,IT & Software,Technical Writing,5,,hard,IT & Software
technician,IT & Software,Technician,5,,hard,IT & Software
Technician Activities,IT & Software,Technician Activities,5,,hard,IT & Software
Techno Commercial Executive,IT & Software,Techno Commercial Executive,5,,hard,IT & Software
Technology absorption and scale up,IT & Software,Technology Absorption And Scale Up,5,,hard,IT & Software
Technology Operations,IT & Software,Technology Operations,5,,hard,IT & Software
Technology Transfer,IT & Software,Technology Transfer,5,,hard,IT & Software
TEEP,Domain-Specific / Other,Teep,5,,hard,Domain-Specific / Other
Telecaller,Domain-Specific / Other,Telecaller,5,,hard,Domain-Specific / Other
telecommunication,Soft Skills,Telecommunication,5,,soft,Soft Skills
Temperature Control,Domain-Specific / Other,Temperature Control,5,,hard,Domain-Specific / Other
tender preparation,Domain-Specific / Other,Tender Preparation,5,,hard,Domain-Specific / Other
Tendering,Domain-Specific / Other,Tendering,5,,hard,Domain-Specific / Other
Term Loan,Domain-Specific / Other,Term Loan,5,,hard,Domain-Specific / Other
term loan documentation,Domain-Specific / Other,Term Loan Documentation,5,,hard,Domain-Specific / Other
TermLoan,Domain-Specific / Other,Termloan,5,,hard,Domain-Specific / Other
Territory Sales Management,Sales & Marketing,Territory Sales Management,5,,hard,Sales & Marketing
Test Analysis,Domain-Specific / Other,Test Analysis,5,,hard,Domain-Specific / Other
Test Case Execution,Domain-Specific / Other,Test Case Execution,5,,hard,Domain-Specific / Other
test cases,Domain-Specific / Other,Test Cases,5,,hard,Domain-Specific / Other
Test Engineer,Operations & Production,Test Engineer,5,,hard,Operations & Production
test planning,Domain-Specific / Other,Test Planning,5,,hard,Domain-Specific / Other
Test Scripts,Domain-Specific / Other,Test Scripts,5,,hard,Domain-Specific / Other
Test Strategy,Domain-Specific / Other,Test Strategy,5,,hard,Domain-Specific / Other
Testing,Domain-Specific / Other,Testing,5,,hard,Domain-Specific / Other
Testing and analyses..,Domain-Specific / Other,Testing And Analyses..,5,,hard,Domain-Specific / Other
Testing Concepts,Domain-Specific / Other,Testing Concepts,5,,hard,Domain-Specific / Other
Testing Tool,Domain-Specific / Other,Testing Tool,5,,hard,Domain-Specific / Other
testings),Domain-Specific / Other,Testings),5,,hard,Domain-Specific / Other
Testng,Domain-Specific / Other,Testng,5,,hard,Domain-Specific / Other
Textile,Domain-Specific / Other,Textile,5,,hard,Domain-Specific / Other
Textile Engineer,Operations & Production,Textile Engineer,5,,hard,Operations & Production
TFat,Domain-Specific / Other,Tfat,5,,hard,Domain-Specific / Other
their record,Domain-Specific / Other,Their Record,5,,hard,Domain-Specific / Other
Third Party Business process,Design Skills,Third Party Business Process,5,,hard,Design Skills
Third Party Inspection,Design Skills,Third Party Inspection,5,,hard,Design Skills
Thomson Reuters,Domain-Specific / Other,Thomson Reuters,5,,hard,Domain-Specific / Other
Ticket Booking,Domain-Specific / Other,Ticket Booking,5,,hard,Domain-Specific / Other
ticketing,Domain-Specific / Other,Ticketing,5,,hard,Domain-Specific / Other
tig welding,Domain-Specific / Other,Tig Welding,5,,hard,Domain-Specific / Other
Tiles,Domain-Specific / Other,Tiles,5,,hard,Domain-Specific / Other
Time Analysis,Domain-Specific / Other,Time Analysis,5,,hard,Domain-Specific / Other
time management,Soft Skills,Time Management,5,,soft,Soft Skills
Time Office Management,Domain-Specific / Other,Time Office Management,5,,hard,Domain-Specific / Other
Time Study,Domain-Specific / Other,Time Study,5,,hard,Domain-Specific / Other
timely and accuracy payment of statutory liabilities like TDS,Finance & Accounts,Timely And Accuracy Payment Of Statutory Liabilities Like Tds,5,,hard,Finance & Accounts
Timely Delivery,Domain-Specific / Other,Timely Delivery,5,,hard,Domain-Specific / Other
titrations,Domain-Specific / Other,Titrations,5,,hard,Domain-Specific / Other
Tivoli,Domain-Specific / Other,Tivoli,5,,hard,Domain-Specific / Other
TLC,Domain-Specific / Other,Tlc,5,,hard,Domain-Specific / Other
to achieve production target by suitable planning,Operations & Production,To Achieve Production Target By Suitable Planning,5,,hard,Operations & Production
To be able to handle the shift independently. Quality check of incoming raw material,Operations & Production,To Be Able To Handle The Shift Independently. Quality Check Of Incoming Raw Material,5,,hard,Operations & Production
To carry out all operation as per sop by following approved procedure and instruction for api,IT & Software,To Carry Out All Operation As Per Sop By Following Approved Procedure And Instruction For Api,5,,hard,IT & Software
to ensure all production shift activities are complied with to achieve daily targeted production in time. ▪,Operations & Production,To Ensure All Production Shift Activities Are Complied With To Achieve Daily Targeted Production In Time. ▪,5,,hard,Operations & Production
to ensure continuous and smooth run of production processes. Validation of existing as well as new processes,Operations & Production,To Ensure Continuous And Smooth Run Of Production Processes. Validation Of Existing As Well As New Processes,5,,hard,Operations & Production
to ensure maximum production quantity and quality,Operations & Production,To Ensure Maximum Production Quantity And Quality,5,,hard,Operations & Production
to generate the mis for production and qc department. ensuring over all production process for seamless pipe. responsible for various types of machining processes mainly that ensures the quality of pipes like straightening,Operations & Production,To Generate The Mis For Production And Qc Department. Ensuring Over All Production Process For Seamless Pipe. Responsible For Various Types Of Machining Processes Mainly That Ensures The Quality Of Pipes Like Straightening,5,,hard,Operations & Production
to lead,Sales & Marketing,To Lead,5,,hard,Sales & Marketing
to plan and achieve the production volumes with approved quality as per scheduled sales target. ▪,IT & Software,To Plan And Achieve The Production Volumes With Approved Quality As Per Scheduled Sales Target. ▪,5,,hard,IT & Software
TOC,Domain-Specific / Other,Toc,5,,hard,Domain-Specific / Other
tock Audit,Finance & Accounts,Tock Audit,5,,hard,Finance & Accounts
Tomcat,Domain-Specific / Other,Tomcat,5,,hard,Domain-Specific / Other
Tool Design,Design Skills,Tool Design,5,,hard,Design Skills
Tool Room,Domain-Specific / Other,Tool Room,5,,hard,Domain-Specific / Other
Tool Room Management,Domain-Specific / Other,Tool Room Management,5,,hard,Domain-Specific / Other
Tool Room Operations,Domain-Specific / Other,Tool Room Operations,5,,hard,Domain-Specific / Other
Tool Selection,Domain-Specific / Other,Tool Selection,5,,hard,Domain-Specific / Other
Tool Setting,Domain-Specific / Other,Tool Setting,5,,hard,Domain-Specific / Other
tool trial,Domain-Specific / Other,Tool Trial,5,,hard,Domain-Specific / Other
Tool Trials,Domain-Specific / Other,Tool Trials,5,,hard,Domain-Specific / Other
top management,Domain-Specific / Other,Top Management,5,,hard,Domain-Specific / Other
Tortoise SVN,Domain-Specific / Other,Tortoise Svn,5,,hard,Domain-Specific / Other
total cost of ownership,Domain-Specific / Other,Total Cost Of Ownership,5,,hard,Domain-Specific / Other
Total Productive Maintenance,Operations & Production,Total Productive Maintenance,5,,hard,Operations & Production
touched almost all categories of chemicals,Domain-Specific / Other,Touched Almost All Categories Of Chemicals,5,,hard,Domain-Specific / Other
Tour Operator,Domain-Specific / Other,Tour Operator,5,,hard,Domain-Specific / Other
Tourism,Domain-Specific / Other,Tourism,5,,hard,Domain-Specific / Other
town-wise target vs. performance and old recovery settlement status) for every cycle.,Domain-Specific / Other,Town-Wise Target Vs. Performance And Old Recovery Settlement Status) For Every Cycle.,5,,hard,Domain-Specific / Other
Toyota Production System,IT & Software,Toyota Production System,5,,hard,IT & Software
TP & internal,Domain-Specific / Other,Tp & Internal,5,,hard,Domain-Specific / Other
TPM,Domain-Specific / Other,Tpm,5,,hard,Domain-Specific / Other
TPM Activities,Domain-Specific / Other,Tpm Activities,5,,hard,Domain-Specific / Other
tpm implementation,Domain-Specific / Other,Tpm Implementation,5,,hard,Domain-Specific / Other
TPM Methodology,Domain-Specific / Other,Tpm Methodology,5,,hard,Domain-Specific / Other
TPS,Domain-Specific / Other,Tps,5,,hard,Domain-Specific / Other
TQM,Domain-Specific / Other,Tqm,5,,hard,Domain-Specific / Other
TRACC,Domain-Specific / Other,Tracc,5,,hard,Domain-Specific / Other
Trackwise,Domain-Specific / Other,Trackwise,5,,hard,Domain-Specific / Other
Tractor,Domain-Specific / Other,Tractor,5,,hard,Domain-Specific / Other
trade finance,Finance & Accounts,Trade Finance,5,,hard,Finance & Accounts
Trade Finance Operations,Finance & Accounts,Trade Finance Operations,5,,hard,Finance & Accounts
trade opportunities as well as recommending new business development plans. Preparing the product-wise,Domain-Specific / Other,Trade Opportunities As Well As Recommending New Business Development Plans. Preparing The Product-Wise,5,,hard,Domain-Specific / Other
Trade Processing,Domain-Specific / Other,Trade Processing,5,,hard,Domain-Specific / Other
trademark,Domain-Specific / Other,Trademark,5,,hard,Domain-Specific / Other
Trading,Domain-Specific / Other,Trading,5,,hard,Domain-Specific / Other
Train The Trainer,Domain-Specific / Other,Train The Trainer,5,,hard,Domain-Specific / Other
trained content creator,Domain-Specific / Other,Trained Content Creator,5,,hard,Domain-Specific / Other
Trainee Engineer In Production,Operations & Production,Trainee Engineer In Production,5,,hard,Operations & Production
trainee officer,Domain-Specific / Other,Trainee Officer,5,,hard,Domain-Specific / Other
Trainee Production Chemist,Operations & Production,Trainee Production Chemist,5,,hard,Operations & Production
Trainer,Domain-Specific / Other,Trainer,5,,hard,Domain-Specific / Other
Training,Domain-Specific / Other,Training,5,,hard,Domain-Specific / Other
Training & Development,Domain-Specific / Other,Training & Development,5,,hard,Domain-Specific / Other
Training and Development,Domain-Specific / Other,Training And Development,5,,hard,Domain-Specific / Other
training coordinator,Domain-Specific / Other,Training Coordinator,5,,hard,Domain-Specific / Other
Training Executive Production,Operations & Production,Training Executive Production,5,,hard,Operations & Production
training in Holland,Domain-Specific / Other,Training In Holland,5,,hard,Domain-Specific / Other
Transaction processing,Domain-Specific / Other,Transaction Processing,5,,hard,Domain-Specific / Other
transactions management,Domain-Specific / Other,Transactions Management,5,,hard,Domain-Specific / Other
Transfer Pricing,Domain-Specific / Other,Transfer Pricing,5,,hard,Domain-Specific / Other
Transformation,Domain-Specific / Other,Transformation,5,,hard,Domain-Specific / Other
Transition Management,Domain-Specific / Other,Transition Management,5,,hard,Domain-Specific / Other
Translation,Domain-Specific / Other,Translation,5,,hard,Domain-Specific / Other
Transport,Domain-Specific / Other,Transport,5,,hard,Domain-Specific / Other
transport bill passing,Domain-Specific / Other,Transport Bill Passing,5,,hard,Domain-Specific / Other
transport management system,IT & Software,Transport Management System,5,,hard,IT & Software
Travel Agent,Domain-Specific / Other,Travel Agent,5,,hard,Domain-Specific / Other
travel arrangement,Domain-Specific / Other,Travel Arrangement,5,,hard,Domain-Specific / Other
TRAVIS,Domain-Specific / Other,Travis,5,,hard,Domain-Specific / Other
tray dryer,Domain-Specific / Other,Tray Dryer,5,,hard,Domain-Specific / Other
Treasury,Domain-Specific / Other,Treasury,5,,hard,Domain-Specific / Other
treasury & trade banking,Domain-Specific / Other,Treasury & Trade Banking,5,,hard,Domain-Specific / Other
treasury and financing,Domain-Specific / Other,Treasury And Financing,5,,hard,Domain-Specific / Other
Treasury Management,Domain-Specific / Other,Treasury Management,5,,hard,Domain-Specific / Other
Treasury manager – Global,Domain-Specific / Other,Treasury Manager – Global,5,,hard,Domain-Specific / Other
Treasury Mgmt,Domain-Specific / Other,Treasury Mgmt,5,,hard,Domain-Specific / Other
Treasury Operation,Domain-Specific / Other,Treasury Operation,5,,hard,Domain-Specific / Other
treasury operations,Domain-Specific / Other,Treasury Operations,5,,hard,Domain-Specific / Other
Trend Analysis,Domain-Specific / Other,Trend Analysis,5,,hard,Domain-Specific / Other
trend analysis & Annual product review,Domain-Specific / Other,Trend Analysis & Annual Product Review,5,,hard,Domain-Specific / Other
Trial and Testing of Products at Various Universities and Farms,Domain-Specific / Other,Trial And Testing Of Products At Various Universities And Farms,5,,hard,Domain-Specific / Other
Trial Balance,Domain-Specific / Other,Trial Balance,5,,hard,Domain-Specific / Other
trialbalance,Domain-Specific / Other,Trialbalance,5,,hard,Domain-Specific / Other
Triggers,Domain-Specific / Other,Triggers,5,,hard,Domain-Specific / Other
Tripta accounting s,Finance & Accounts,Tripta Accounting S,5,,hard,Finance & Accounts
Trouble Shooting,Domain-Specific / Other,Trouble Shooting,5,,hard,Domain-Specific / Other
Trouble shooting and strategies,Domain-Specific / Other,Trouble Shooting And Strategies,5,,hard,Domain-Specific / Other
Trouble Shooting Problems,Domain-Specific / Other,Trouble Shooting Problems,5,,hard,Domain-Specific / Other
Trouble shootings of regular process,Domain-Specific / Other,Trouble Shootings Of Regular Process,5,,hard,Domain-Specific / Other
Trouble solve,Domain-Specific / Other,Trouble Solve,5,,hard,Domain-Specific / Other
Troubleshooting,Domain-Specific / Other,Troubleshooting,5,,hard,Domain-Specific / Other
Troubleshooting Skills,Domain-Specific / Other,Troubleshooting Skills,5,,hard,Domain-Specific / Other
Trust,Domain-Specific / Other,Trust,5,,hard,Domain-Specific / Other
Trust Accounting,Finance & Accounts,Trust Accounting,5,,hard,Finance & Accounts
trustworthy,Domain-Specific / Other,Trustworthy,5,,hard,Domain-Specific / Other
TS 16949,Domain-Specific / Other,Ts 16949,5,,hard,Domain-Specific / Other
TS Documentation,Domain-Specific / Other,Ts Documentation,5,,hard,Domain-Specific / Other
Tubing,Domain-Specific / Other,Tubing,5,,hard,Domain-Specific / Other
tunnel & check post development projects under Public-Private Partnership,Design Skills,Tunnel & Check Post Development Projects Under Public-Private Partnership,5,,hard,Design Skills
Turbine,Domain-Specific / Other,Turbine,5,,hard,Domain-Specific / Other
Typing,Domain-Specific / Other,Typing,5,,hard,Domain-Specific / Other
Typing speed - 25wpm Excel Powerpoint,Domain-Specific / Other,Typing Speed - 25Wpm Excel Powerpoint,5,,hard,Domain-Specific / Other
u.s. generally accepted accounting principles,Finance & Accounts,U.S. Generally Accepted Accounting Principles,5,,hard,Finance & Accounts
Ubuntu,Domain-Specific / Other,Ubuntu,5,,hard,Domain-Specific / Other
UG,Domain-Specific / Other,Ug,5,,hard,Domain-Specific / Other
Uganda-NDA,Domain-Specific / Other,Uganda-Nda,5,,hard,Domain-Specific / Other
UI,Design Skills,Ui,5,,hard,Design Skills
UK Accounting,Finance & Accounts,Uk Accounting,5,,hard,Finance & Accounts
UK Process,Domain-Specific / Other,Uk Process,5,,hard,Domain-Specific / Other
undefined,Domain-Specific / Other,Undefined,5,,hard,Domain-Specific / Other
understanding of us accounting,Finance & Accounts,Understanding Of Us Accounting,5,,hard,Finance & Accounts
Unigraphics,Design Skills,Unigraphics,5,,hard,Design Skills
Union Management,Domain-Specific / Other,Union Management,5,,hard,Domain-Specific / Other
Unit Operations,IT & Software,Unit Operations,5,,hard,IT & Software
Unit Operations Production Management,IT & Software,Unit Operations Production Management,5,,hard,IT & Software
unit process,IT & Software,Unit Process,5,,hard,IT & Software
UNIX,IT & Software,Unix,5,,hard,IT & Software
unloading raw materials,Domain-Specific / Other,Unloading Raw Materials,5,,hard,Domain-Specific / Other
unmaze online accounting software,IT & Software,Unmaze Online Accounting Software,5,,hard,IT & Software
uno 3.0 pakage,Domain-Specific / Other,Uno 3.0 Pakage,5,,hard,Domain-Specific / Other
Unplasticized Pvc,Domain-Specific / Other,Unplasticized Pvc,5,,hard,Domain-Specific / Other
UPLC,Domain-Specific / Other,Uplc,5,,hard,Domain-Specific / Other
Upstream,Domain-Specific / Other,Upstream,5,,hard,Domain-Specific / Other
upvc doors and windows,Domain-Specific / Other,Upvc Doors And Windows,5,,hard,Domain-Specific / Other
urs monitoring,Domain-Specific / Other,Urs Monitoring,5,,hard,Domain-Specific / Other
US & Indian GAAP,Domain-Specific / Other,Us & Indian Gaap,5,,hard,Domain-Specific / Other
US Accountant,Domain-Specific / Other,Us Accountant,5,,hard,Domain-Specific / Other
US Accounting,Finance & Accounts,Us Accounting,5,,hard,Finance & Accounts
US GAAP,Domain-Specific / Other,Us Gaap,5,,hard,Domain-Specific / Other
US GAAP & Indian GAAP,Domain-Specific / Other,Us Gaap & Indian Gaap,5,,hard,Domain-Specific / Other
US GAAP Accounting,Finance & Accounts,Us Gaap Accounting,5,,hard,Finance & Accounts
US IT Recruiter,IT & Software,Us It Recruiter,5,,hard,IT & Software
US Mortgage,Domain-Specific / Other,Us Mortgage,5,,hard,Domain-Specific / Other
us mutual fund accounting,Finance & Accounts,Us Mutual Fund Accounting,5,,hard,Finance & Accounts
US Payroll,Finance & Accounts,Us Payroll,5,,hard,Finance & Accounts
US Sales,Sales & Marketing,Us Sales,5,,hard,Sales & Marketing
US staff Accountant,Domain-Specific / Other,Us Staff Accountant,5,,hard,Domain-Specific / Other
Us Tax,Finance & Accounts,Us Tax,5,,hard,Finance & Accounts
us tax preparation,Finance & Accounts,Us Tax Preparation,5,,hard,Finance & Accounts
usability,Domain-Specific / Other,Usability,5,,hard,Domain-Specific / Other
use 5s system,IT & Software,Use 5S System,5,,hard,IT & Software
user interface,Domain-Specific / Other,User Interface,5,,hard,Domain-Specific / Other
USFDA,Domain-Specific / Other,Usfda,5,,hard,Domain-Specific / Other
USFDA and regulatory authorities Good quality system documentation required for Pharmaceutical facilities. Quality control,IT & Software,Usfda And Regulatory Authorities Good Quality System Documentation Required For Pharmaceutical Facilities. Quality Control,5,,hard,IT & Software
using QM module. Review of documents & implementation thereby ensuring documentations complying to GLP,Domain-Specific / Other,Using Qm Module. Review Of Documents & Implementation Thereby Ensuring Documentations Complying To Glp,5,,hard,Domain-Specific / Other
USP,Domain-Specific / Other,Usp,5,,hard,Domain-Specific / Other
USP brief,Domain-Specific / Other,Usp Brief,5,,hard,Domain-Specific / Other
Utilities,Domain-Specific / Other,Utilities,5,,hard,Domain-Specific / Other
Utility,Operations & Production,Utility,5,,hard,Operations & Production
utility hvac,Operations & Production,Utility Hvac,5,,hard,Operations & Production
utility Maintenance,Operations & Production,Utility Maintenance,5,,hard,Operations & Production
UTM,Domain-Specific / Other,Utm,5,,hard,Domain-Specific / Other
UV,Domain-Specific / Other,Uv,5,,hard,Domain-Specific / Other
UV - Visible Spectrometer,Domain-Specific / Other,Uv - Visible Spectrometer,5,,hard,Domain-Specific / Other
UV FTIR GC HPLC ANALYSIS,Domain-Specific / Other,Uv Ftir Gc Hplc Analysis,5,,hard,Domain-Specific / Other
UV Spectrometer,Domain-Specific / Other,Uv Spectrometer,5,,hard,Domain-Specific / Other
UV-spectrophotometer. . MS-Word,Domain-Specific / Other,Uv-Spectrophotometer. . Ms-Word,5,,hard,Domain-Specific / Other
UV-VIS,Domain-Specific / Other,Uv-Vis,5,,hard,Domain-Specific / Other
UV-Vis Spectrophotometer and HPTLC Refercences Dr. S. S. Pisal Director R&D Sereum Institute Pune 09890333498 Mr. Kalayani General Manager QC Aristo Pharmaceuticals Ltd,Healthcare & Clinical,Uv-Vis Spectrophotometer And Hptlc Refercences Dr. S. S. Pisal Director R&D Sereum Institute Pune 09890333498 Mr. Kalayani General Manager Qc Aristo Pharmaceuticals Ltd,5,,hard,Healthcare & Clinical
UV-Visible Spectrophotometer,Domain-Specific / Other,Uv-Visible Spectrophotometer,5,,hard,Domain-Specific / Other
V lookup,Domain-Specific / Other,V Lookup,5,,hard,Domain-Specific / Other
vaccum forming,Domain-Specific / Other,Vaccum Forming,5,,hard,Domain-Specific / Other
Vacuum Distillation,Domain-Specific / Other,Vacuum Distillation,5,,hard,Domain-Specific / Other
Vacuum Pumps,Domain-Specific / Other,Vacuum Pumps,5,,hard,Domain-Specific / Other
validate capabilities for increased production and enhanced operational efficiency. Utilize value engineering,Operations & Production,Validate Capabilities For Increased Production And Enhanced Operational Efficiency. Utilize Value Engineering,5,,hard,Operations & Production
Validation,Domain-Specific / Other,Validation,5,,hard,Domain-Specific / Other
Validation officer,Domain-Specific / Other,Validation Officer,5,,hard,Domain-Specific / Other
Valuation,Domain-Specific / Other,Valuation,5,,hard,Domain-Specific / Other
Valuations,Domain-Specific / Other,Valuations,5,,hard,Domain-Specific / Other
Value added Product's.,Domain-Specific / Other,Value Added Product'S.,5,,hard,Domain-Specific / Other
Value Added Tax,Finance & Accounts,Value Added Tax,5,,hard,Finance & Accounts
Value Stream Mapping,IT & Software,Value Stream Mapping,5,,hard,IT & Software
Variance,Domain-Specific / Other,Variance,5,,hard,Domain-Specific / Other
Variance Analysis,Domain-Specific / Other,Variance Analysis,5,,hard,Domain-Specific / Other
variance analysis & compliance,HR & Recruitment,Variance Analysis & Compliance,5,,hard,HR & Recruitment
Variance Analysis Management Accounting,Finance & Accounts,Variance Analysis Management Accounting,5,,hard,Finance & Accounts
Variance Analysis.,Domain-Specific / Other,Variance Analysis.,5,,hard,Domain-Specific / Other
Variance and risk analysis,Domain-Specific / Other,Variance And Risk Analysis,5,,hard,Domain-Specific / Other
VarianceAnalysis,Domain-Specific / Other,Varianceanalysis,5,,hard,Domain-Specific / Other
Variances Analysis,Domain-Specific / Other,Variances Analysis,5,,hard,Domain-Specific / Other
Various MIS preparation,Domain-Specific / Other,Various Mis Preparation,5,,hard,Domain-Specific / Other
varriance analysis,Domain-Specific / Other,Varriance Analysis,5,,hard,Domain-Specific / Other
VAT,Domain-Specific / Other,Vat,5,,hard,Domain-Specific / Other
Vat & Cst returns,Domain-Specific / Other,Vat & Cst Returns,5,,hard,Domain-Specific / Other
VAT Assessment,Domain-Specific / Other,Vat Assessment,5,,hard,Domain-Specific / Other
Vat Audit,Finance & Accounts,Vat Audit,5,,hard,Finance & Accounts
Vat Express. Course done : . Certification course of MS CIT at Keerthi Computers,IT & Software,Vat Express. Course Done : . Certification Course Of Ms Cit At Keerthi Computers,5,,hard,IT & Software
Vat Refund Statutory forms follow-up with parties,Design Skills,Vat Refund Statutory Forms Follow-Up With Parties,5,,hard,Design Skills
VAT Registration,Domain-Specific / Other,Vat Registration,5,,hard,Domain-Specific / Other
VAT Return,Domain-Specific / Other,Vat Return,5,,hard,Domain-Specific / Other
VATAudit,Finance & Accounts,Vataudit,5,,hard,Finance & Accounts
VATReturn,Domain-Specific / Other,Vatreturn,5,,hard,Domain-Specific / Other
VB,Domain-Specific / Other,Vb,5,,hard,Domain-Specific / Other
Vb.net,Domain-Specific / Other,Vb.Net,5,,hard,Domain-Specific / Other
VBA,Domain-Specific / Other,Vba,5,,hard,Domain-Specific / Other
VBA Developer,IT & Software,Vba Developer,5,,hard,IT & Software
Vehicle Sales,Sales & Marketing,Vehicle Sales,5,,hard,Sales & Marketing
Vendor,Operations & Production,Vendor,5,,hard,Operations & Production
vendor & customer management,Sales & Marketing,Vendor & Customer Management,5,,hard,Sales & Marketing
vendor accounting,Finance & Accounts,Vendor Accounting,5,,hard,Finance & Accounts
Vendor approval,IT & Software,Vendor Approval,5,,hard,IT & Software
Vendor audit,Finance & Accounts,Vendor Audit,5,,hard,Finance & Accounts
Vendor coordination,Operations & Production,Vendor Coordination,5,,hard,Operations & Production
Vendor Development,Operations & Production,Vendor Development,5,,hard,Operations & Production
Vendor Development Developing partnerships with local & foreign suppliers,Operations & Production,Vendor Development Developing Partnerships With Local & Foreign Suppliers,5,,hard,Operations & Production
vendor evaluation,Operations & Production,Vendor Evaluation,5,,hard,Operations & Production
vendor evaluation document,Operations & Production,Vendor Evaluation Document,5,,hard,Operations & Production
Vendor Finalization,Operations & Production,Vendor Finalization,5,,hard,Operations & Production
vendor invoices processing,Finance & Accounts,Vendor Invoices Processing,5,,hard,Finance & Accounts
Vendor Management,Operations & Production,Vendor Management,5,,hard,Operations & Production
Vendor Master,Operations & Production,Vendor Master,5,,hard,Operations & Production
Vendor Negotiation,Operations & Production,Vendor Negotiation,5,,hard,Operations & Production
Vendor Payment,Operations & Production,Vendor Payment,5,,hard,Operations & Production
vendor payment management,Operations & Production,Vendor Payment Management,5,,hard,Operations & Production
Vendor Payment processing,Operations & Production,Vendor Payment Processing,5,,hard,Operations & Production
Vendor Payments,Operations & Production,Vendor Payments,5,,hard,Operations & Production
Vendor Payments Bank Accounting,Finance & Accounts,Vendor Payments Bank Accounting,5,,hard,Finance & Accounts
Vendor rating,Operations & Production,Vendor Rating,5,,hard,Operations & Production
Vendor Reconciliation,Operations & Production,Vendor Reconciliation,5,,hard,Operations & Production
Vendor Reconciliations,Operations & Production,Vendor Reconciliations,5,,hard,Operations & Production
vendor selection,Operations & Production,Vendor Selection,5,,hard,Operations & Production
Vendor Sourcing,Operations & Production,Vendor Sourcing,5,,hard,Operations & Production
Vendors,Operations & Production,Vendors,5,,hard,Operations & Production
Vendors (CAPEX & OPEX) and Receivables Management,Finance & Accounts,Vendors (Capex & Opex) And Receivables Management,5,,hard,Finance & Accounts
vendors invoices,Finance & Accounts,Vendors Invoices,5,,hard,Finance & Accounts
verification,Domain-Specific / Other,Verification,5,,hard,Domain-Specific / Other
Vernier Caliper,Domain-Specific / Other,Vernier Caliper,5,,hard,Domain-Specific / Other
versatile leadership,Sales & Marketing,Versatile Leadership,5,,soft,Sales & Marketing
Version Control,Domain-Specific / Other,Version Control,5,,hard,Domain-Specific / Other
Vessels,Domain-Specific / Other,Vessels,5,,hard,Domain-Specific / Other
veterinary,Domain-Specific / Other,Veterinary,5,,hard,Domain-Specific / Other
Vice President,Domain-Specific / Other,Vice President,5,,hard,Domain-Specific / Other
vip,Domain-Specific / Other,Vip,5,,hard,Domain-Specific / Other
Virar.,Domain-Specific / Other,Virar.,5,,hard,Domain-Specific / Other
virtualization,Domain-Specific / Other,Virtualization,5,,hard,Domain-Specific / Other
VISIMIX,Domain-Specific / Other,Visimix,5,,hard,Domain-Specific / Other
vista,Domain-Specific / Other,Vista,5,,hard,Domain-Specific / Other
Visual force,Domain-Specific / Other,Visual Force,5,,hard,Domain-Specific / Other
visual inspection,Domain-Specific / Other,Visual Inspection,5,,hard,Domain-Specific / Other
Visual Merchandising,Domain-Specific / Other,Visual Merchandising,5,,hard,Domain-Specific / Other
visual merchandising. Making the reports for non moving items,Domain-Specific / Other,Visual Merchandising. Making The Reports For Non Moving Items,5,,hard,Domain-Specific / Other
Visual Studio,Domain-Specific / Other,Visual Studio,5,,hard,Domain-Specific / Other
viz. Cash Flow,Domain-Specific / Other,Viz. Cash Flow,5,,hard,Domain-Specific / Other
VLAN,Domain-Specific / Other,Vlan,5,,hard,Domain-Specific / Other
VLOOKUP,Domain-Specific / Other,Vlookup,5,,hard,Domain-Specific / Other
VMC,Domain-Specific / Other,Vmc,5,,hard,Domain-Specific / Other
Vmi,Domain-Specific / Other,Vmi,5,,hard,Domain-Specific / Other
VMware,Domain-Specific / Other,Vmware,5,,hard,Domain-Specific / Other
Voice Process,Domain-Specific / Other,Voice Process,5,,hard,Domain-Specific / Other
Volume Hiring,Domain-Specific / Other,Volume Hiring,5,,hard,Domain-Specific / Other
volumetric solutions,Domain-Specific / Other,Volumetric Solutions,5,,hard,Domain-Specific / Other
voucher,Domain-Specific / Other,Voucher,5,,hard,Domain-Specific / Other
Voucher Entry,Domain-Specific / Other,Voucher Entry,5,,hard,Domain-Specific / Other
Voucher Entry General Accounting,Finance & Accounts,Voucher Entry General Accounting,5,,hard,Finance & Accounts
Voucher Making,Domain-Specific / Other,Voucher Making,5,,hard,Domain-Specific / Other
vouchers,Domain-Specific / Other,Vouchers,5,,hard,Domain-Specific / Other
vouchers entry,Domain-Specific / Other,Vouchers Entry,5,,hard,Domain-Specific / Other
vp,Domain-Specific / Other,Vp,5,,hard,Domain-Specific / Other
VPC,Domain-Specific / Other,Vpc,5,,hard,Domain-Specific / Other
VPN,Domain-Specific / Other,Vpn,5,,hard,Domain-Specific / Other
VSM,Domain-Specific / Other,Vsm,5,,hard,Domain-Specific / Other
vsm & vsd,Domain-Specific / Other,Vsm & Vsd,5,,hard,Domain-Specific / Other
w,Domain-Specific / Other,W,5,,hard,Domain-Specific / Other
wages,Domain-Specific / Other,Wages,5,,hard,Domain-Specific / Other
warehouse,Domain-Specific / Other,Warehouse,5,,hard,Domain-Specific / Other
Warehouse Management,Domain-Specific / Other,Warehouse Management,5,,hard,Domain-Specific / Other
Warehouse Operations,Domain-Specific / Other,Warehouse Operations,5,,hard,Domain-Specific / Other
Warehousing,Domain-Specific / Other,Warehousing,5,,hard,Domain-Specific / Other
Warehousing Operations,Domain-Specific / Other,Warehousing Operations,5,,hard,Domain-Specific / Other
Wastage Control,Domain-Specific / Other,Wastage Control,5,,hard,Domain-Specific / Other
wastage minimization,Domain-Specific / Other,Wastage Minimization,5,,hard,Domain-Specific / Other
Waste control,Domain-Specific / Other,Waste Control,5,,hard,Domain-Specific / Other
Waste Management,Domain-Specific / Other,Waste Management,5,,hard,Domain-Specific / Other
waste water,Domain-Specific / Other,Waste Water,5,,hard,Domain-Specific / Other
Water Analysis,Domain-Specific / Other,Water Analysis,5,,hard,Domain-Specific / Other
Water Supply,Domain-Specific / Other,Water Supply,5,,hard,Domain-Specific / Other
water system qualification,IT & Software,Water System Qualification,5,,hard,IT & Software
Water Testing,Domain-Specific / Other,Water Testing,5,,hard,Domain-Specific / Other
water treatment,Domain-Specific / Other,Water Treatment,5,,hard,Domain-Specific / Other
Water Validation,Domain-Specific / Other,Water Validation,5,,hard,Domain-Specific / Other
Waterfall,Domain-Specific / Other,Waterfall,5,,hard,Domain-Specific / Other
Waters,Domain-Specific / Other,Waters,5,,hard,Domain-Specific / Other
WB VAT,Domain-Specific / Other,Wb Vat,5,,hard,Domain-Specific / Other
WCT,Domain-Specific / Other,Wct,5,,hard,Domain-Specific / Other
Wealth,Domain-Specific / Other,Wealth,5,,hard,Domain-Specific / Other
Wealth Tax,Finance & Accounts,Wealth Tax,5,,hard,Finance & Accounts
Weaver,Domain-Specific / Other,Weaver,5,,hard,Domain-Specific / Other
weaving,Domain-Specific / Other,Weaving,5,,hard,Domain-Specific / Other
Web Application Testing,IT & Software,Web Application Testing,5,,hard,IT & Software
Web Content Management,IT & Software,Web Content Management,5,,hard,IT & Software
Web Development,IT & Software,Web Development,5,,hard,IT & Software
Web Research,IT & Software,Web Research,5,,hard,IT & Software
web technologies,IT & Software,Web Technologies,5,,hard,IT & Software
WebSphere,IT & Software,Websphere,5,,hard,IT & Software
Webtel,IT & Software,Webtel,5,,hard,IT & Software
webtel software,IT & Software,Webtel Software,5,,hard,IT & Software
Weld Shop,Domain-Specific / Other,Weld Shop,5,,hard,Domain-Specific / Other
Welding,Domain-Specific / Other,Welding,5,,hard,Domain-Specific / Other
welding engineering,Operations & Production,Welding Engineering,5,,hard,Operations & Production
Welding Inspection,Domain-Specific / Other,Welding Inspection,5,,hard,Domain-Specific / Other
welding processes,Domain-Specific / Other,Welding Processes,5,,hard,Domain-Specific / Other
well discipline,Domain-Specific / Other,Well Discipline,5,,hard,Domain-Specific / Other
well versed with ms office,Domain-Specific / Other,Well Versed With Ms Office,5,,hard,Domain-Specific / Other
wet chemical analysis,Domain-Specific / Other,Wet Chemical Analysis,5,,hard,Domain-Specific / Other
while supporting the policies,Domain-Specific / Other,While Supporting The Policies,5,,hard,Domain-Specific / Other
WHO,Domain-Specific / Other,Who,5,,hard,Domain-Specific / Other
WHO guidelines and ensure their strict compliance. To formulate and implement stringent quality control procedures,HR & Recruitment,Who Guidelines And Ensure Their Strict Compliance. To Formulate And Implement Stringent Quality Control Procedures,5,,hard,HR & Recruitment
Why-why Analysis,Domain-Specific / Other,Why-Why Analysis,5,,hard,Domain-Specific / Other
Wide experience in providing customers service for business to business financial transactions and managing large and complex projects ?,Sales & Marketing,Wide Experience In Providing Customers Service For Business To Business Financial Transactions And Managing Large And Complex Projects ?,5,,hard,Sales & Marketing
Win 98 XP Microsoft Excel-97,Domain-Specific / Other,Win 98 Xp Microsoft Excel-97,5,,hard,Domain-Specific / Other
Windows,Domain-Specific / Other,Windows,5,,hard,Domain-Specific / Other
Windows (7,Domain-Specific / Other,Windows (7,5,,hard,Domain-Specific / Other
windows 11,Domain-Specific / Other,Windows 11,5,,hard,Domain-Specific / Other
Windows Server,Domain-Specific / Other,Windows Server,5,,hard,Domain-Specific / Other
windows xp,Domain-Specific / Other,Windows Xp,5,,hard,Domain-Specific / Other
Winman,Domain-Specific / Other,Winman,5,,hard,Domain-Specific / Other
winman Erp,Domain-Specific / Other,Winman Erp,5,,hard,Domain-Specific / Other
WIP,Domain-Specific / Other,Wip,5,,hard,Domain-Specific / Other
wireless,Domain-Specific / Other,Wireless,5,,hard,Domain-Specific / Other
Wiring Harness,Domain-Specific / Other,Wiring Harness,5,,hard,Domain-Specific / Other
Wirk with HR and Admin,HR & Recruitment,Wirk With Hr And Admin,5,,hard,HR & Recruitment
with over eleven years&apos,Domain-Specific / Other,With Over Eleven Years&Apos,5,,hard,Domain-Specific / Other
without any slippages,Domain-Specific / Other,Without Any Slippages,5,,hard,Domain-Specific / Other
Word,Domain-Specific / Other,Word,5,,hard,Domain-Specific / Other
WordPress,Domain-Specific / Other,Wordpress,5,,hard,Domain-Specific / Other
Work allocation to team members,Soft Skills,Work Allocation To Team Members,5,,soft,Soft Skills
Work Instruction,Domain-Specific / Other,Work Instruction,5,,hard,Domain-Specific / Other
Work Management,Domain-Specific / Other,Work Management,5,,hard,Domain-Specific / Other
work on skill matrix & training to manpower.,Domain-Specific / Other,Work On Skill Matrix & Training To Manpower.,5,,hard,Domain-Specific / Other
work order,Domain-Specific / Other,Work Order,5,,hard,Domain-Specific / Other
Work Oriented,Domain-Specific / Other,Work Oriented,5,,hard,Domain-Specific / Other
Work Permit System,IT & Software,Work Permit System,5,,hard,IT & Software
Work Study,Domain-Specific / Other,Work Study,5,,hard,Domain-Specific / Other
Work under Pressure to meet Requirements Team Handling,Design Skills,Work Under Pressure To Meet Requirements Team Handling,5,,soft,Design Skills
Work with leading tean,Sales & Marketing,Work With Leading Tean,5,,hard,Sales & Marketing
WORK WITH SAP,Domain-Specific / Other,Work With Sap,5,,hard,Domain-Specific / Other
WORKBENCH,Domain-Specific / Other,Workbench,5,,hard,Domain-Specific / Other
Workflow,Domain-Specific / Other,Workflow,5,,hard,Domain-Specific / Other
Workflow Management,Domain-Specific / Other,Workflow Management,5,,hard,Domain-Specific / Other
working an 8 hours rotating shift schedule,Domain-Specific / Other,Working An 8 Hours Rotating Shift Schedule,5,,hard,Domain-Specific / Other
working capital,IT & Software,Working Capital,5,,hard,IT & Software
Working Capital Management,IT & Software,Working Capital Management,5,,hard,IT & Software
Working Capital Mgmt,IT & Software,Working Capital Mgmt,5,,hard,IT & Software
Working Data Entry,IT & Software,Working Data Entry,5,,hard,IT & Software
working in all condition handling in all condition,Domain-Specific / Other,Working In All Condition Handling In All Condition,5,,hard,Domain-Specific / Other
working in production (tablet ),Operations & Production,Working In Production (Tablet ),5,,hard,Operations & Production
Working in production department as a sr.executive & handling of all production activity. Production Handling,Operations & Production,Working In Production Department As A Sr.Executive & Handling Of All Production Activity. Production Handling,5,,hard,Operations & Production
Working in sap modules,Domain-Specific / Other,Working In Sap Modules,5,,hard,Domain-Specific / Other
Working standards,Domain-Specific / Other,Working Standards,5,,hard,Domain-Specific / Other
Workingcapital,IT & Software,Workingcapital,5,,hard,IT & Software
Workman,Domain-Specific / Other,Workman,5,,hard,Domain-Specific / Other
woven,Domain-Specific / Other,Woven,5,,hard,Domain-Specific / Other
woven sack,Domain-Specific / Other,Woven Sack,5,,hard,Domain-Specific / Other
Writing,Domain-Specific / Other,Writing,5,,hard,Domain-Specific / Other
Writing Test Cases,Domain-Specific / Other,Writing Test Cases,5,,hard,Domain-Specific / Other
Written and Verbal Communication,Soft Skills,Written And Verbal Communication,5,,soft,Soft Skills
xbrl,Domain-Specific / Other,Xbrl,5,,hard,Domain-Specific / Other
xero,Domain-Specific / Other,Xero,5,,hard,Domain-Specific / Other
XML,Domain-Specific / Other,Xml,5,,hard,Domain-Specific / Other
xml sitemaps,Domain-Specific / Other,Xml Sitemaps,5,,hard,Domain-Specific / Other
Xpath,Domain-Specific / Other,Xpath,5,,hard,Domain-Specific / Other
Yaml Tools : GIT,Domain-Specific / Other,Yaml Tools : Git,5,,hard,Domain-Specific / Other
year end accounts,Domain-Specific / Other,Year End Accounts,5,,hard,Domain-Specific / Other
Year-end,Domain-Specific / Other,Year-End,5,,hard,Domain-Specific / Other
yearly closing of Accounts & finalization of Balance sheet and Profit & Loss A,IT & Software,Yearly Closing Of Accounts & Finalization Of Balance Sheet And Profit & Loss A,5,,hard,IT & Software
Yearly Profitability & Balance sheet statement. Assist in prepare various MIS reports required by management such as costing,Finance & Accounts,Yearly Profitability & Balance Sheet Statement. Assist In Prepare Various Mis Reports Required By Management Such As Costing,5,,hard,Finance & Accounts
yellow book,Domain-Specific / Other,Yellow Book,5,,hard,Domain-Specific / Other
Yield,Domain-Specific / Other,Yield,5,,hard,Domain-Specific / Other
yield & cost of production. ▪,Operations & Production,Yield & Cost Of Production. ▪,5,,hard,Operations & Production
yield & cost of production. ▪ managing the plant operations & conversion cost. ▪ coordinate with maintenance teams to achieve cohesiveness,Operations & Production,Yield & Cost Of Production. ▪ Managing The Plant Operations & Conversion Cost. ▪ Coordinate With Maintenance Teams To Achieve Cohesiveness,5,,soft,Operations & Production
Yield improvement,Domain-Specific / Other,Yield Improvement,5,,hard,Domain-Specific / Other
Yokogawa,Domain-Specific / Other,Yokogawa,5,,hard,Domain-Specific / Other
Yokogawa Production Scheduling,Operations & Production,Yokogawa Production Scheduling,5,,hard,Operations & Production
zeal to learn new things and I feel that my greatest asset is my ability to stick to things to get them done. Passport No. : G591127,Domain-Specific / Other,Zeal To Learn New Things And I Feel That My Greatest Asset Is My Ability To Stick To Things To Get Them Done. Passport No. : G591127,5,,hard,Domain-Specific / Other
Zend Framework,IT & Software,Zend Framework,5,,hard,IT & Software
zoho,IT & Software,Zoho,5,,hard,IT & Software
Zoho Books,IT & Software,Zoho Books,5,,hard,IT & Software
Zoho Creator,IT & Software,Zoho Creator,5,,hard,IT & Software
zoho software,IT & Software,Zoho Software,5,,hard,IT & Software
Business Development,Sales & Business Development,Business Development,5,,hard,Sales & Business Development
Sales & Marketing,Sales & Business Development,Sales & Marketing,5,,hard,Sales & Business Development
B2B Sales,Sales & Business Development,B2B Sales,5,,hard,Sales & Business Development
B2C Sales,Sales & Business Development,B2C Sales,5,,hard,Sales & Business Development
Retail Sales,Sales & Business Development,Retail Sales,5,,hard,Sales & Business Development
Inside Sales,Sales & Business Development,Inside Sales,5,,hard,Sales & Business Development
Field Sales,Sales & Business Development,Field Sales,5,,hard,Sales & Business Development
Lead Generation,Sales & Business Development,Lead Generation,5,,hard,Sales & Business Development
Customer Relationship Management (CRM),Sales & Business Development,Customer Relationship Management (Crm),5,,hard,Sales & Business Development
Client Relationship Management,Sales & Business Development,Client Relationship Management,5,,hard,Sales & Business Development
Key Account Management,Sales & Business Development,Key Account Management,5,,hard,Sales & Business Development
Territory Management,Sales & Business Development,Territory Management,5,,hard,Sales & Business Development
Sales Planning,Sales & Business Development,Sales Planning,5,,hard,Sales & Business Development
Sales Management,Sales & Business Development,Sales Management,5,,hard,Sales & Business Development
Sales Coordination,Sales & Business Development,Sales Coordination,5,,hard,Sales & Business Development
Revenue Generation,Sales & Business Development,Revenue Generation,5,,hard,Sales & Business Development
Market Penetration,Sales & Business Development,Market Penetration,5,,hard,Sales & Business Development
Market Expansion,Sales & Business Development,Market Expansion,5,,hard,Sales & Business Development
Customer Service,Sales & Business Development,Customer Service,5,,hard,Sales & Business Development
Upselling,Sales & Business Development,Upselling,5,,hard,Sales & Business Development
Cold Calling,Sales & Business Development,Cold Calling,5,,hard,Sales & Business Development
Prospecting,Sales & Business Development,Prospecting,5,,hard,Sales & Business Development
Deal Closure,Sales & Business Development,Deal Closure,5,,hard,Sales & Business Development
Presales,Sales & Business Development,Presales,5,,hard,Sales & Business Development
Digital Marketing,Marketing,Digital Marketing,5,,hard,Marketing
Product Marketing,Marketing,Product Marketing,5,,hard,Marketing
Brand Marketing,Marketing,Brand Marketing,5,,hard,Marketing
Brand Management,Marketing,Brand Management,5,,hard,Marketing
Brand Communication,Marketing,Brand Communication,5,,soft,Marketing
Marketing Research,Marketing,Marketing Research,5,,hard,Marketing
Market Analysis,Marketing,Market Analysis,5,,hard,Marketing
Market Intelligence,Marketing,Market Intelligence,5,,hard,Marketing
Performance Marketing,Marketing,Performance Marketing,5,,hard,Marketing
Social Media Marketing,Marketing,Social Media Marketing,5,,hard,Marketing
Email Marketing,Marketing,Email Marketing,5,,hard,Marketing
Campaign Management,Marketing,Campaign Management,5,,hard,Marketing
Strategic Marketing,Marketing,Strategic Marketing,5,,hard,Marketing
Marketing Planning,Marketing,Marketing Planning,5,,hard,Marketing
Product Management,Marketing,Product Management,5,,hard,Marketing
Product Promotion,Marketing,Product Promotion,5,,hard,Marketing
Google Ads,Marketing,Google Ads,5,,hard,Marketing
Talent Acquisition,HR & Recruitment,Talent Acquisition,5,,hard,HR & Recruitment
Recruitment,HR & Recruitment,Recruitment,5,,hard,HR & Recruitment
End-to-End Recruitment,HR & Recruitment,End-To-End Recruitment,5,,hard,HR & Recruitment
Candidate Sourcing,HR & Recruitment,Candidate Sourcing,5,,hard,HR & Recruitment
Screening,HR & Recruitment,Screening,5,,hard,HR & Recruitment
Shortlisting,HR & Recruitment,Shortlisting,5,,hard,HR & Recruitment
Bulk Hiring,HR & Recruitment,Bulk Hiring,5,,hard,HR & Recruitment
Technical Recruitment,HR & Recruitment,Technical Recruitment,5,,hard,HR & Recruitment
HR Operations,HR & Recruitment,Hr Operations,5,,hard,HR & Recruitment
HR Administration,HR & Recruitment,Hr Administration,5,,hard,HR & Recruitment
HR Generalist,HR & Recruitment,Hr Generalist,5,,hard,HR & Recruitment
Employee Engagement,HR & Recruitment,Employee Engagement,5,,hard,HR & Recruitment
Employee Relations,HR & Recruitment,Employee Relations,5,,hard,HR & Recruitment
Performance Management,HR & Recruitment,Performance Management,5,,hard,HR & Recruitment
Payroll Administration,HR & Recruitment,Payroll Administration,5,,hard,HR & Recruitment
Onboarding,HR & Recruitment,Onboarding,5,,hard,HR & Recruitment
Offboarding,HR & Recruitment,Offboarding,5,,hard,HR & Recruitment
HR Compliance,HR & Recruitment,Hr Compliance,5,,hard,HR & Recruitment
HR Policies,HR & Recruitment,Hr Policies,5,,hard,HR & Recruitment
HRBP,HR & Recruitment,Hrbp,5,,hard,HR & Recruitment
HR MIS,HR & Recruitment,Hr Mis,5,,hard,HR & Recruitment
Industrial Relations,HR & Recruitment,Industrial Relations,5,,hard,HR & Recruitment
Statutory Compliance,HR & Recruitment,Statutory Compliance,5,,hard,HR & Recruitment
Accounting,Finance & Accounts,Accounting,5,,hard,Finance & Accounts
Financial Accounting,Finance & Accounts,Financial Accounting,5,,hard,Finance & Accounts
Finance,Finance & Accounts,Finance,5,,hard,Finance & Accounts
Book Keeping,Finance & Accounts,Book Keeping,5,,hard,Finance & Accounts
Tally ERP,Finance & Accounts,Tally Erp,5,,hard,Finance & Accounts
Tally Prime,Finance & Accounts,Tally Prime,5,,hard,Finance & Accounts
SAP,Finance & Accounts,Sap,5,,hard,Finance & Accounts
GST,Finance & Accounts,Gst,5,,hard,Finance & Accounts
TDS,Finance & Accounts,Tds,5,,hard,Finance & Accounts
Tax Audit,Finance & Accounts,Tax Audit,5,,hard,Finance & Accounts
Statutory Audit,Finance & Accounts,Statutory Audit,5,,hard,Finance & Accounts
Internal Audit,Finance & Accounts,Internal Audit,5,,hard,Finance & Accounts
Financial Reporting,Finance & Accounts,Financial Reporting,5,,hard,Finance & Accounts
Balance Sheet,Finance & Accounts,Balance Sheet,5,,hard,Finance & Accounts
Bank Reconciliation,Finance & Accounts,Bank Reconciliation,5,,hard,Finance & Accounts
Ledger,Finance & Accounts,Ledger,5,,hard,Finance & Accounts
Journal Entries,Finance & Accounts,Journal Entries,5,,hard,Finance & Accounts
Trial Balance,Finance & Accounts,Trial Balance,5,,hard,Finance & Accounts
Accounts Payable,Finance & Accounts,Accounts Payable,5,,hard,Finance & Accounts
Accounts Receivable,Finance & Accounts,Accounts Receivable,5,,hard,Finance & Accounts
Budgeting,Finance & Accounts,Budgeting,5,,hard,Finance & Accounts
Variance Analysis,Finance & Accounts,Variance Analysis,5,,hard,Finance & Accounts
Reconciliation,Finance & Accounts,Reconciliation,5,,hard,Finance & Accounts
Financial Planning,Finance & Accounts,Financial Planning,5,,hard,Finance & Accounts
Procurement,Procurement & Supply Chain,Procurement,5,,hard,Procurement & Supply Chain
Purchase Management,Procurement & Supply Chain,Purchase Management,5,,hard,Procurement & Supply Chain
Vendor Management,Procurement & Supply Chain,Vendor Management,5,,hard,Procurement & Supply Chain
Strategic Sourcing,Procurement & Supply Chain,Strategic Sourcing,5,,hard,Procurement & Supply Chain
Supply Chain Management,Procurement & Supply Chain,Supply Chain Management,5,,hard,Procurement & Supply Chain
Inventory Management,Procurement & Supply Chain,Inventory Management,5,,hard,Procurement & Supply Chain
Logistics,Procurement & Supply Chain,Logistics,5,,hard,Procurement & Supply Chain
Purchase Accounting,Procurement & Supply Chain,Purchase Accounting,5,,hard,Procurement & Supply Chain
Purchase Orders,Procurement & Supply Chain,Purchase Orders,5,,hard,Procurement & Supply Chain
Commodity Management,Procurement & Supply Chain,Commodity Management,5,,hard,Procurement & Supply Chain
Production,Operations & Production,Production,5,,hard,Operations & Production
Plant Maintenance,Operations & Production,Plant Maintenance,5,,hard,Operations & Production
Boiler Operations,Operations & Production,Boiler Operations,5,,hard,Operations & Production
Boiler Maintenance,Operations & Production,Boiler Maintenance,5,,hard,Operations & Production
Utility Operations,Operations & Production,Utility Operations,5,,hard,Operations & Production
Preventive Maintenance,Operations & Production,Preventive Maintenance,5,,hard,Operations & Production
Installation,Operations & Production,Installation,5,,hard,Operations & Production
Commissioning,Operations & Production,Commissioning,5,,hard,Operations & Production
Troubleshooting,Operations & Production,Troubleshooting,5,,hard,Operations & Production
Inspection,Operations & Production,Inspection,5,,hard,Operations & Production
Quality Management,Operations & Production,Quality Management,5,,hard,Operations & Production
Power Plant,Operations & Production,Power Plant,5,,hard,Operations & Production
Water Treatment Plant,Operations & Production,Water Treatment Plant,5,,hard,Operations & Production
Chiller Operations,Operations & Production,Chiller Operations,5,,hard,Operations & Production
Cooling Tower,Operations & Production,Cooling Tower,5,,hard,Operations & Production
MS Office,IT & Software,Ms Office,5,,hard,IT & Software
Microsoft Excel,IT & Software,Microsoft Excel,5,,hard,IT & Software
Advanced Excel,IT & Software,Advanced Excel,5,,hard,IT & Software
PowerPoint,IT & Software,Powerpoint,5,,hard,IT & Software
Word,IT & Software,Word,5,,hard,IT & Software
Outlook,IT & Software,Outlook,5,,hard,IT & Software
VLOOKUP,IT & Software,Vlookup,5,,hard,IT & Software
HLOOKUP,IT & Software,Hlookup,5,,hard,IT & Software
XLOOKUP,IT & Software,Xlookup,5,,hard,IT & Software
Pivot Table,IT & Software,Pivot Table,5,,hard,IT & Software
Pivot Chart,IT & Software,Pivot Chart,5,,hard,IT & Software
Data Validation,IT & Software,Data Validation,5,,hard,IT & Software
Mail Merge,IT & Software,Mail Merge,5,,hard,IT & Software
Power BI,IT & Software,Power Bi,5,,hard,IT & Software
Tableau,IT & Software,Tableau,5,,hard,IT & Software
Networking,IT & Software,Networking,5,,hard,IT & Software
Desktop Support,IT & Software,Desktop Support,5,,hard,IT & Software
Hardware Support,IT & Software,Hardware Support,5,,hard,IT & Software
Software Support,IT & Software,Software Support,5,,hard,IT & Software
Documentation,IT & Software,Documentation,5,,hard,IT & Software
Communication Skills,Soft Skills,Communication Skills,5,,soft,Soft Skills
Leadership Skills,Soft Skills,Leadership Skills,5,,soft,Soft Skills
Team Management,Soft Skills,Team Management,5,,soft,Soft Skills
Team Collaboration,Soft Skills,Team Collaboration,5,,soft,Soft Skills
Team Handling,Soft Skills,Team Handling,5,,soft,Soft Skills
Decision Making,Soft Skills,Decision Making,5,,hard,Soft Skills
Problem Solving,Soft Skills,Problem Solving,5,,soft,Soft Skills
Analytical Skills,Soft Skills,Analytical Skills,5,,hard,Soft Skills
Strategic Thinking,Soft Skills,Strategic Thinking,5,,hard,Soft Skills
Time Management,Soft Skills,Time Management,5,,soft,Soft Skills
Organizational Skills,Soft Skills,Organizational Skills,5,,hard,Soft Skills
Negotiation,Soft Skills,Negotiation,5,,hard,Soft Skills
Presentation Skills,Soft Skills,Presentation Skills,5,,hard,Soft Skills
Convincing Power,Soft Skills,Convincing Power,5,,hard,Soft Skills
Relationship Building,Soft Skills,Relationship Building,5,,hard,Soft Skills
Stakeholder Management,Soft Skills,Stakeholder Management,5,,hard,Soft Skills
Adaptability,Soft Skills,Adaptability,5,,soft,Soft Skills
Creativity,Soft Skills,Creativity,5,,soft,Soft Skills
plant operator,Manufacturing,Plant Operator,5,,hard,Manufacturing
machine operator,Manufacturing,Machine Operator,5,,hard,Manufacturing
Chemical Plant operator,Manufacturing,Chemical Plant Operator,5,,hard,Manufacturing
Shift Incharge,Manufacturing,Shift Incharge,5,,hard,Manufacturing
iti aocp, attendant operator chemical plant, attendant operator of chemical plant
HPLC,Laboratory,10,high performance liquid chromatography,high-performance liquid chromatography,Tool,Analytical Instruments
GC,Laboratory,10,gas chromatography,Tool,Analytical Instruments
API,Pharmaceutical,10,active pharmaceutical ingredient,Domain,Pharmaceutical Manufacturing
Formulation,Pharmaceutical,10,formulation development,pharmaceutical formulation,Functional,Pharmaceutical Manufacturing
Pharma,Pharmaceutical,9,pharmaceutical,pharmaceuticals,Domain,Pharmaceutical Industry